id,name,entityType,website,yearEstablished,hqCountry,hqCity,regionsServed,sectors,registries,programs,registryProofUrls,qualityProxies,summary,confidence_score,confidence_level,scopeNote
1,4K Earth Science,firm,4kearthscience.com,2018,India,Bangalore,Global; India,energy; renewable energy; waste management; forestry; agriculture,cdm-all-does; cdm-doe; cercarbono; ecoregistry; gcc; gold-standard; icr; socialcarbon; un-pacm; verra-vvb,Article 6.4 (PACM); Cercarbono Carbon Programme; Global Carbon Council; Gold Standard; ICR; UNFCCC CDM,https://cdm.unfccc.int/DOE/list/index.html | https://cercarbono.com/validation-and-verification/ | https://unfccc.int/process-and-meetings/the-paris-agreement/article-6/article-64-pacm/a64-accreditation/4k-earth-science-private-limited | https://verra.org/validation-verification/,"Verra Verified Carbon Standard (VCS) VVB ID 054 | Verra Climate, Community and Biodiversity (CCB) VVB ID 054 | UNFCCC Clean Development Mechanism (CDM) Designated Operational Entity (DOE) | A6.4 Article 6.4 Mechanism approval","4K Earth Science is a carbon/GHG verification body, based in Bangalore, India, established in 2018. Appears in 10 official registries: cdm-all-does, cdm-doe, cercarbono, ecoregistry, gcc, gold-standard. Sectors: energy, renewable energy, waste management, forestry, agriculture. Serves: Global, India.",1.0,high,
2,AENOR,firm,https://aenor.com,1986,Spain,Madrid,Global; Spain; EU,energy; forestry/AFOLU; waste; transport; manufacturing; CCS/CDR; product carbon footprint/EPD; aviation fuels,anab; art-trees; car; cdm-all-does; cdm-doe; cercarbono; corsia; ecoregistry; enac; ers-standard; gold-standard; mx-semarnat; sure-eu; verra-vvb,ANAB ISO 14065; ART TREES; CORSIA; Cercarbono Circular Economy Programme; Climate Action Reserve; ERS; EU ETS 2; Gold Standard; Mexico RENE; SURE-EU; UNFCCC CDM,http://www.eq-earth.com/vvb | https://cdm.unfccc.int/DOE/list/index.html | https://cercarbono.com/validation-and-verification/ | https://climateactionreserve.org/how/verification/connect-with-a-verification-body/,"Accredited under ISO/IEC 17029:2019, ISO 14065:2020, ISO 14064-3:2019 | First Spanish entity accredited by United Nations as DOE (Designated Operational Entity) | Validated/verified 800+ carbon projects | Recognized as 'Validation and Verification Body of the Year' in Carbon Positive Award 2025","AENOR is a carbon/GHG verification body, based in Madrid, Spain, established in 1986. Appears in 14 official registries: anab, art-trees, car, cdm-all-does, cdm-doe, cercarbono. Sectors: energy, forestry/AFOLU, waste, transport, manufacturing, CCS/CDR. Serves: Global, Spain, EU.",1.0,high,
3,Agri-Waste Technology,firm,agriwaste.com,1984,United States,Cary,United States,livestock methane verification; mine methane verification; Low Carbon Fuel Standard (LCFS); biogas verification,acr; anab; car; carb-lcfs,ACR; ANAB ISO 14065; CARB LCFS; Climate Action Reserve,https://acrcarbon.org/wp-content/uploads/2026/05/ACR-Approved-Validation-Verification-Bodies-20260714.pdf | https://climateactionreserve.org/how/verification/connect-with-a-verification-body/ | https://ww2.arb.ca.gov/sites/default/files/2026-05/List%20of%20LCFS%20Verification%20Bodies%20as%20of%202026_04_23.xlsx,"CARB (California Air Resources Board) accreditation for livestock and mine methane (Executive Orders H2-16-012, H3-20-002) | ACR (American Carbon Registry) accredited validation/verification body | Oregon Clean Fuels certified verifier | Washington Cap and Invest certified verifier","Agri-Waste Technology is a carbon/GHG verification body, based in Cary, USA, established in 1984. Appears in 4 official registries: acr, anab, car, carb-lcfs. Sectors: livestock methane verification, mine methane verification, Low Carbon Fuel Standard (LCFS), biogas verification. Serves: USA.",1.0,high,
4,Applus+ Certification,firm,https://www.appluscertification.com,1996,Spain,Barcelona,Global; Spain,carbon footprint; greenhouse gas emissions; forestry; product carbon footprint; EPD,biocarbon; ecoregistry; gold-standard,BioCarbon Registry; Cercarbono Carbon Programme; Gold Standard,https://cercarbono.com/validation-and-verification/ | https://web.archive.org/web/20250916231729/https://globalgoals.goldstandard.org/verification-validation-bodies/ | https://www.appluscertification.com/global/en/what-we-do/service-sheet/biocarbon-standard-bcr | https://www.appluslaboratories.com/global/en/what-we-do/service-sheet/biocarbon-standard-bcr,"Accredited VVB for Cercarbono (2023-2028) | Verified against BioCarbon Standard (BCR), Gold Standard, EcoRegistry | Provides GHGV (greenhouse gas emissions verification), carbon neutrality verification, carbon footprint verification | UNFCCC-accredited independent and impartial verification body","Applus+ Certification is a carbon/GHG verification body, based in Barcelona, Spain, established in 1996. Appears in 3 official registries: biocarbon, ecoregistry, gold-standard. Sectors: carbon footprint, greenhouse gas emissions, forestry, product carbon footprint, EPD. Serves: Global, Spain.",1.0,high,
5,Aster Global Environmental Solutions,firm,AsterGlobal.com,2019,United States,"North Lawrence, Ohio",North America; Canada; International,"AFOLU (forestry, agriculture); Organization-level GHG emissions; Industrial sector GHG; Carbon offset validation/verification",acr; anab; car; corsia; socialcarbon; tcr; verra-vvb,ACR; ANAB ISO 14065; CORSIA; Climate Action Reserve; The Climate Registry,https://acrcarbon.org/wp-content/uploads/2026/05/ACR-Approved-Validation-Verification-Bodies-20260714.pdf | https://climateactionreserve.org/how/verification/connect-with-a-verification-body/ | https://theclimateregistry.org/wp-content/uploads/2025/08/TCR-Recognized-Verification-Bodies_Aug-2025.pdf | https://verra.org/validation-verification/,Verra VVB (Validation and Verification Body) ID 016 | 300+ AFOLU offset project validations/verifications completed | 70+ organization-level GHG verifications | 14 offset project methodology assessments,"Aster Global Environmental Solutions is a carbon/GHG verification body, based in North Lawrence, Ohio, United States, established in 2019. Appears in 7 official registries: acr, anab, car, corsia, socialcarbon, tcr. Sectors: AFOLU (forestry, agriculture), Organization-level GHG emissions, Industrial sector GHG, Carbon offset validation/verification. Serves: North America, Canada, International.",1.0,high,
6,BMNS Services Private Limited,firm,https://bmnsspl.com/,2019,India,Gurgaon,Global,energy; manufacturing; waste; forestry/AFOLU; agriculture; CCS/CDR,gcc; nabcb; verra-vvb,Global Carbon Council; NABCB ISO 14065 GHG Verification,https://bmnsspl.com/ | https://globalcarboncouncil.com/for-stakeholders/verifiers/ | https://nabcb.qci.org.in/validation-and-verification-bodies/ | https://verra.org/validation-verification/,"GCC (Global Carbon Council) approved verifier (effective March 3, 2025) | Accredited under ISO 14064-1 and ISO 14064-2 | Verra-accredited validation and verification provider | NABCB approval in progress","BMNS Services Private Limited is a carbon/GHG verification body, based in Gurgaon, India, established in 2019. Appears in 3 official registries: gcc, nabcb, verra-vvb. Sectors: energy, manufacturing, waste, forestry/AFOLU, agriculture, CCS/CDR. Serves: Global.",1.0,high,
7,BSI Assurance UK Ltd,firm,https://www.bsigroup.com,1901,United Kingdom,London,United Kingdom; Europe,carbon footprint verification; GHG verification; environmental management,ukas; ukas-full; verra-vvb,UKAS; UKAS / UK ETS,https://verra.org/validation-verification/ | https://www.ukas.com/download-schedule/0003/Verification/ | https://www.ukas.com/find-an-organisation/browse-by-category/?type=283,Part of BSI Group (founded 1901) | UKAS accreditation | Verra VVB registration | 125+ years experience in standards and certification,"BSI Assurance UK Ltd is a carbon/GHG verification body, based in London, United Kingdom, established in 1901. Appears in 3 official registries: ukas, ukas-full, verra-vvb. Sectors: carbon footprint verification, GHG verification, environmental management. Serves: United Kingdom, Europe.",1.0,high,
8,Bureau Veritas,firm,https://certification.bureauveritas.com/,1828,France,Neuilly-sur-Seine,Global,carbon footprint verification; GHG emissions (ISO 14064); carbon neutrality; EPD; product carbon footprint; sustainability reporting assurance,2bsvs; danak; gold-standard; pep-ecopassport,2BSvs; DANAK / EU ETS; Gold Standard; PEP ecopassport,https://web.archive.org/web/20250916231729/https://globalgoals.goldstandard.org/verification-validation-bodies/ | https://www.2bsvs.org/certification-bodies/ | https://www.bureauveritas.dk/en/needs/certification | https://www.inies.fr/en/programs-and-services/the-pep-ecopassport-verification-programme/,"750+ global GHG verifications with 500+ qualified verifiers | Offering ISO 14064-1 verifications since 2006 | Listed in multiple carbon registries: 2bsvs, danak, gold-standard, pep-ecopassport | Global presence across multiple continents with regional certification bodies","Bureau Veritas is a carbon/GHG verification body, based in Neuilly-sur-Seine, France, established in 1828. Appears in 4 official registries: 2bsvs, danak, gold-standard, pep-ecopassport. Sectors: carbon footprint verification, GHG emissions (ISO 14064), carbon neutrality, EPD, product carbon footprint, sustainability reporting assurance. Serves: Global.",1.0,high,
9,Bureau Veritas India Private Limited,firm,https://www.bureauveritas.co.in/,1971,India,Mumbai,India; South Asia,energy; forestry/AFOLU; agriculture; aviation; waste; transport,cdm-all-does; cdm-doe; corsia; nabcb; verra-vvb,CORSIA; NABCB ISO 14065 GHG Verification; UNFCCC CDM,https://cdm.unfccc.int/DOE/list/index.html | https://nabcb.qci.org.in/validation-and-verification-bodies/ | https://verra.org/validation-verification/ | https://www.icao.int/sites/default/files/environmental-protection/CORSIA/Documents/CORSIA%20Central%20Registry/CCR-Info-Data-Transparency_PartI_13ed_web.pdf,"CDM DOE (Designated Operational Entity) accreditation - CDM-all-does, CDM-doe | CORSIA (aviation) accreditation | Verra VVB accreditation (formerly VCS) | NABCB (India's National Accreditation Board for Certification Bodies) accreditation","Bureau Veritas India Private Limited is a carbon/GHG verification body, based in Mumbai, India, established in 1971. Appears in 5 official registries: cdm-all-does, cdm-doe, corsia, nabcb, verra-vvb. Sectors: energy, forestry/AFOLU, agriculture, aviation, waste, transport. Serves: India, South Asia.",1.0,high,
10,Bureau Veritas Polska Sp. z o.o.,firm,bureauveritas.pl,1828,Belgium,Antwerp (historical); Paris (1833 onwards),Poland; Europe; Global,energy; forestry/AFOLU; agriculture; transport; manufacturing; waste; CCS/CDR; product carbon footprint/EPD,iscc; redcert; sure-eu,REDcert; SURE-EU,https://sure-system.org/fileadmin/user_upload/SURE/Dokumente/Zertstellen/20260626_Addresses_of_all_Certification_Bodies.pdf | https://www.iscc-system.org/certification/certification-bodies/ | https://www.redcert.org/en-us/certification/approved-certification-bodies/,"Listed in ISCC, REDCERT, SURE-EU registries | Global firm with 79,000+ employees | 130+ years operational | Present in 140 countries through 1,500+ offices","Bureau Veritas Polska Sp. z o.o. is a carbon/GHG verification body, based in Antwerp (historical); Paris (1833 onwards), Belgium, established in 1828. Appears in 3 official registries: iscc, redcert, sure-eu. Sectors: energy, forestry/AFOLU, agriculture, transport, manufacturing, waste. Serves: Poland, Europe, Global.",1.0,high,
11,"Cameron-Cole, LLC",firm,https://www.cameron-cole.com/,2001,United States,Seattle,United States,energy; manufacturing; oil and gas; waste; GHG verification,carb-lcfs; carb-mrr; tcr,CARB LCFS; MRR Verification (H-25-002); The Climate Registry,https://theclimateregistry.org/wp-content/uploads/2025/08/TCR-Recognized-Verification-Bodies_Aug-2025.pdf | https://ww2.arb.ca.gov/mrr-vb | https://ww2.arb.ca.gov/sites/default/files/2026-05/List%20of%20LCFS%20Verification%20Bodies%20as%20of%202026_04_23.xlsx,"Approved as GHG verification body under Washington State standards | Subsidiary of ADEC Innovations (4,500+ employees across 24 sites, 17 countries, 6 continents) | Listed on CARB registries: carb-lcfs, carb-mrr, tcr | Provides GHG Inventories, Reporting & Management services","Cameron-Cole, LLC is a carbon/GHG verification body, based in Seattle, USA, established in 2001. Appears in 3 official registries: carb-lcfs, carb-mrr, tcr. Sectors: energy, manufacturing, oil and gas, waste, GHG verification. Serves: USA.",1.0,high,
12,China Classification Society Certification,firm,ccs-c.com.cn,1993,China,,China; Global,carbon emissions; biofuels/bioenergy; aviation fuel sustainability; management systems; industrial products,cdm-all-does; cdm-doe; cnas; corsia; gold-standard; iscc; verra-vvb,CNAS ISO 14065; CORSIA; Gold Standard; UNFCCC CDM,https://cdm.unfccc.int/DOE/list/index.html | https://verra.org/validation-verification/ | https://web.archive.org/web/20250916231729/https://globalgoals.goldstandard.org/verification-validation-bodies/ | https://www.cnas.org.cn/ChinaNationalAccreditationServiceforConformityAssessment/FindanAccreditedBody/GHG/art/2024/art_52c3981fe8af40f9be403ae25338cb5a.html,"Established 1993 | 35 branch institutions nationwide | Serves over 30,000 enterprises | CNAS and UKAS accreditations","China Classification Society Certification is a carbon/GHG verification body, based in China, established in 1993. Appears in 7 official registries: cdm-all-does, cdm-doe, cnas, corsia, gold-standard, iscc. Sectors: carbon emissions, biofuels/bioenergy, aviation fuel sustainability, management systems, industrial products. Serves: China, Global.",1.0,high,
13,China Quality Certification Centre,firm,cqc.com.cn,2002,China,Beijing,Global,energy; AFOLU; industrial; waste; carbon emission trading; carbon neutrality certification; product carbon footprint,ccer; cdm-all-does; cdm-doe; cnas; corsia; iscc; un-pacm,Article 6.4 (PACM); CNAS ISO 14065; CORSIA; China CCER; UNFCCC CDM,https://cdm.unfccc.int/DOE/list/index.html | https://unfccc.int/process-and-meetings/the-paris-agreement/article-6/article-64-pacm/accreditation | https://www.climatebridge.com/publication/146.html | https://www.cnas.org.cn/ChinaNationalAccreditationServiceforConformityAssessment/FindanAccreditedBody/GHG/art/2024/art_992e43f0ac18428d9f6524b4ed05e031.html,"Established 2002 via merger consolidation | Roots in 1985 Commission | GHG verifier since 2008 | Multi-registry qualified (CCER, CDM, CNAS, CORSIA, UN-PACM, ISCC)","China Quality Certification Centre is a carbon/GHG verification body, based in Beijing, China, established in 2002. Appears in 7 official registries: ccer, cdm-all-does, cdm-doe, cnas, corsia, iscc. Sectors: energy, AFOLU, industrial, waste, carbon emission trading, carbon neutrality certification. Serves: Global.",1.0,high,
14,China Testing & Certification International Group,firm,ctc.ac.cn,2003,China,Shenzhen,Global; China (23+ provinces),CDM; CCER; VCS (Gold Standard); CORSIA aviation carbon; product carbon footprint; carbon neutrality verification; GHG validation/verification,cdm-all-does; cdm-doe; gold-standard; iscc; rsb,Gold Standard; RSB; UNFCCC CDM,https://cdm.unfccc.int/DOE/list/index.html | https://rsb.org/certification/certification-bodies/ | https://web.archive.org/web/20250916231729/https://globalgoals.goldstandard.org/verification-validation-bodies/ | https://www.iscc-system.org/certification/certification-bodies/,Established 2003; China's first publicly listed TIC company in testing/inspection/certification | CDM Designated Operational Entity (DOE) - UNFCCC approved | First independent verification body to obtain Global Carbon Council (GCC) qualification | By end 2021: 1500+ carbon reduction projects (CCER/CDM/GS/VCS),"China Testing & Certification International Group is a carbon/GHG verification body, based in Shenzhen, China, established in 2003. Appears in 5 official registries: cdm-all-does, cdm-doe, gold-standard, iscc, rsb. Sectors: CDM, CCER, VCS (Gold Standard), CORSIA aviation carbon, product carbon footprint, carbon neutrality verification. Serves: Global, China (23+ provinces).",1.0,high,
15,Control Union,firm,https://www.controlunion.com/,1920,Netherlands,Rotterdam,Global,energy; forestry/AFOLU; waste; agriculture; bioenergy; aquaculture,2bsvs; carb-lcfs; ers-standard; plan-vivo; rsb,2BSvs; CARB LCFS; ERS; RSB,http://www.eq-earth.com/vvb | https://rsb.org/certification/certification-bodies/ | https://ww2.arb.ca.gov/sites/default/files/2026-05/List%20of%20LCFS%20Verification%20Bodies%20as%20of%202026_04_23.xlsx | https://www.2bsvs.org/certification-bodies/,Founded 1920; 100+ years operational history | Present in 80+ countries with 274+ offices and laboratories | ISO 14065 and ISO 14064-3 accredited for GHG verification | Accredited VVB for Verra VCS/CCB programs,"Control Union is a carbon/GHG verification body, based in Rotterdam, Netherlands, established in 1920. Appears in 5 official registries: 2bsvs, carb-lcfs, ers-standard, plan-vivo, rsb. Sectors: energy, forestry/AFOLU, waste, agriculture, bioenergy, aquaculture. Serves: Global.",1.0,high,
16,Control Union Certifications Germany GmbH,firm,https://germany.controlunion.com/,2000,Germany,Hamburg,Germany; Europe,energy; forestry/AFOLU; industrial; renewable fuels,dakks; gold-standard; iscc; redcert; sure-eu; verra-vvb,DAkkS ISO 17029 Verification Body; Gold Standard; REDcert; SURE-EU,https://sure-system.org/fileadmin/user_upload/SURE/Dokumente/Zertstellen/20260626_Addresses_of_all_Certification_Bodies.pdf | https://verra.org/validation-verification/ | https://web.archive.org/web/20250916231729/https://globalgoals.goldstandard.org/verification-validation-bodies/ | https://www.dakks.de/en/accredited-bodies-search.html,"Founded 2000; 24 years operational | Listed in 6 major registries: DAKKS, Gold Standard, ISCC, REDCERT, SURE-EU, Verra | Part of Control Union Group | ISO 14065 accredited for greenhouse gas verification","Control Union Certifications Germany GmbH is a carbon/GHG verification body, based in Hamburg, Germany, established in 2000. Appears in 6 official registries: dakks, gold-standard, iscc, redcert, sure-eu, verra-vvb. Sectors: energy, forestry/AFOLU, industrial, renewable fuels. Serves: Germany, Europe.",1.0,high,
17,Control Union Poland Sp. z o.o.,firm,https://controlunion.pl/,2005,Poland,,Poland; Central Europe,renewable fuels; biofuels; sustainability certification,iscc; redcert; sure-eu,REDcert; SURE-EU,https://sure-system.org/fileadmin/user_upload/SURE/Dokumente/Zertstellen/20260626_Addresses_of_all_Certification_Bodies.pdf | https://www.iscc-system.org/certification/certification-bodies/ | https://www.redcert.org/en-us/certification/approved-certification-bodies/,"Founded 2005; 21 years operational | Listed in ISCC, REDCERT, SURE-EU registries | Part of Control Union Group | Provides ISCC EU and REDcert certification for biofuels/biomass","Control Union Poland Sp. z o.o. is a carbon/GHG verification body, based in Poland, established in 2005. Appears in 3 official registries: iscc, redcert, sure-eu. Sectors: renewable fuels, biofuels, sustainability certification. Serves: Poland, Central Europe.",1.0,high,
18,DEKRA Certification B.V.,firm,dekra-certification.de,1925,Germany,Stuttgart,Global,EPD; carbon footprint; product carbon footprint; LCA; manufacturing,dakks; icr; iscc; redcert; sure-eu,DAkkS ISO 17029 Verification Body; ICR; REDcert; SURE-EU,https://sure-system.org/fileadmin/user_upload/SURE/Dokumente/Zertstellen/20260626_Addresses_of_all_Certification_Bodies.pdf | https://www.carbonregistry.com/blog/icr-welcomes-dekra-certification-gmb-h-to-its-vvb-network-to-strengthen-carbon-market-integrity | https://www.dakks.de/en/accredited-bodies-search.html | https://www.iscc-system.org/certification/certification-bodies/,"120+ accreditations worldwide | Accredited for EPD validation/verification per ISO 14025, ISO 14040/44, EN 15804 | Verification services per ISO 14067 (Product Carbon Footprint), ISO 14064-3, ISO/IEC 17029 | Present across multiple registries: DAKKS, ICR, ISCC, REDcert, SURE-EU","DEKRA Certification B.V. is a carbon/GHG verification body, based in Stuttgart, Germany, established in 1925. Appears in 5 official registries: dakks, icr, iscc, redcert, sure-eu. Sectors: EPD, carbon footprint, product carbon footprint, LCA, manufacturing. Serves: Global.",1.0,high,
19,Dillon Consulting Limited,firm,www.dillon.ca,1946,Canada,"London, Ontario",Canada; United States; Asia; Caribbean Region; Central America; South America,GHG validation and verification; Environmental management,acr; carb-lcfs; corsia; tcr,ACR; CARB LCFS; CORSIA; The Climate Registry,https://acrcarbon.org/wp-content/uploads/2026/05/ACR-Approved-Validation-Verification-Bodies-20260714.pdf | https://theclimateregistry.org/wp-content/uploads/2025/08/TCR-Recognized-Verification-Bodies_Aug-2025.pdf | https://ww2.arb.ca.gov/sites/default/files/2026-05/List%20of%20LCFS%20Verification%20Bodies%20as%20of%202026_04_23.xlsx | https://www.icao.int/sites/default/files/environmental-protection/CORSIA/Documents/CORSIA%20Central%20Registry/CCR-Info-Data-Transparency_PartI_13ed_web.pdf,"ANSI/ANAB accredited Validation and Verification Body (VVB), Accreditation ID 8896 | ISO 14064-3 and ISO 14065 certified | Founded 1946, operating 75+ years | Over 1,100 employees","Dillon Consulting Limited is a carbon/GHG verification body, based in London, Ontario, Canada, established in 1946. Appears in 4 official registries: acr, carb-lcfs, corsia, tcr. Sectors: GHG validation and verification, Environmental management. Serves: Canada, United States, Asia, Caribbean Region.",1.0,high,
20,DNV,firm,https://dnv.in,1864,Norway,Høvik,Global,energy; forestry/AFOLU; agriculture; waste; transport; aviation; fuels; manufacturing; CCS/CDR; product carbon footprint/EPD,cercarbono; ecoregistry; puro,Cercarbono Carbon Programme; Puro.earth,https://cercarbono.com/validation-and-verification/ | https://puro.earth/partners-intermediaries/partners/ | https://www.cercarbono.com/validation-and-verification/,"Founded 1864 in Oslo (160+ years operation) | 12,000 employees globally, 2,000 in Business Assurance division across 50 countries | Listed on 14+ registries: cercarbono, ecoregistry, puro, belac, rva, sbp, nabcb, verra-vvb, epd-intl, corsia, korea-ets, iscc, ukas | Verra VVB accredited for carbon removal","DNV is a carbon/GHG verification body, based in Høvik, Norway, established in 1864. Appears in 3 official registries: cercarbono, ecoregistry, puro. Sectors: energy, forestry/AFOLU, agriculture, waste, transport, aviation. Serves: Global.",1.0,high,
21,Earthood,firm,https://earthood.com,2012,Global,,Global,Renewable energy; Forestry/AFOLU; Agriculture; Waste; Industrial; ESG; FPO advisory,cercarbono; ecoregistry; ers-standard; plan-vivo; puro,Cercarbono Carbon Programme; ERS; Puro.earth,http://www.eq-earth.com/vvb | https://cercarbono.com/validation-and-verification/ | https://puro.earth/partners-intermediaries/partners/ | https://www.cercarbono.com/validation-and-verification/,"VVB status | Listed on 5 registries (cercarbono, ecoregistry, ers-standard, plan-vivo, puro) | Founded by carbon market veteran Dr. Kaviraj Singh and Ashok Gautam | Involved in CDM validations since 2006","Earthood is a carbon/GHG verification body, based in Global, established in 2012. Appears in 5 official registries: cercarbono, ecoregistry, ers-standard, plan-vivo, puro. Sectors: Renewable energy, Forestry/AFOLU, Agriculture, Waste, Industrial, ESG. Serves: Global.",1.0,high,
22,Earthood Services Limited,firm,https://www.earthood.com/,2012,India,,Global,Renewable energy; Forestry/AFOLU; Agriculture; Waste; Manufacturing; Transport; Industrial,acr; cdm-all-does; cdm-doe; gold-standard; socialcarbon; un-pacm; verra-vvb,ACR; Article 6.4 (PACM); Gold Standard; UNFCCC CDM,https://acrcarbon.org/wp-content/uploads/2026/05/ACR-Approved-Validation-Verification-Bodies-20260714.pdf | https://cdm.unfccc.int/DOE/list/index.html | https://unfccc.int/process-and-meetings/the-paris-agreement/article-6/article-64-pacm/a64-accreditation/earthood-services-limited | https://verra.org/validation-verification/,"VVB status | Listed on 7 registries (ACR, CDM-DOE, CDM-All-DoEs, Gold Standard, SocialCarbon, UN-PACM, Verra-VVB) | 2500+ organizations verified | Operations in 6+ countries","Earthood Services Limited is a carbon/GHG verification body, based in India, established in 2012. Appears in 7 official registries: acr, cdm-all-does, cdm-doe, gold-standard, socialcarbon, un-pacm. Sectors: Renewable energy, Forestry/AFOLU, Agriculture, Waste, Manufacturing, Transport. Serves: Global.",1.0,high,
23,EcoEngineers,firm,www.ecoengineers.us,2009,United States,Des Moines,United States; Canada; Europe,biodiesel; ethanol; hydrogen; renewable natural gas; renewable fuels; voluntary carbon markets,acr; carb-lcfs; isometric; puro; tcr,ACR; CARB LCFS; Puro.earth; The Climate Registry,https://acrcarbon.org/wp-content/uploads/2026/05/ACR-Approved-Validation-Verification-Bodies-20260714.pdf | https://isometric.com/governance-policies | https://puro.earth/partners-intermediaries/partners/ | https://theclimateregistry.org/wp-content/uploads/2025/08/TCR-Recognized-Verification-Bodies_Aug-2025.pdf,Founded 2009 by Shashi Menon and Jim Ramm | ANSI/ANAB ISO accreditation for GHG verification | Roundtable on Sustainable Biomaterials approved certification body | Named Top 10 Sustainable Consulting Firms by Sustainability Magazine,"EcoEngineers is a carbon/GHG verification body, based in Des Moines, United States, established in 2009. Appears in 5 official registries: acr, carb-lcfs, isometric, puro, tcr. Sectors: biodiesel, ethanol, hydrogen, renewable natural gas, renewable fuels, voluntary carbon markets. Serves: United States, Canada, Europe.",1.0,high,
24,ECOLANCE,firm,https://www.eco-lance.com,2021,India,Thane,Global,GHG verification; validation and verification; climate change mitigation projects; GHG inventories; carbon certification,ers-standard; gold-standard; plan-vivo; socialcarbon; un-pacm; verra-vvb,Article 6.4 (PACM); ERS; Gold Standard,http://www.eq-earth.com/vvb | https://unfccc.int/process-and-meetings/the-paris-agreement/article-6/article-64-pacm/accreditation | https://verra.org/validation-verification/ | https://web.archive.org/web/20250916231729/https://globalgoals.goldstandard.org/verification-validation-bodies/,"Founded October 20, 2021 as ECOLANCE PRIVATE LIMITED (EPL) | Verra VVB accredited (ID 062) | Gold Standard accredited | Global Carbon Council (GCC) verified (16th verifier)","ECOLANCE is a carbon/GHG verification body, based in Thane, India, established in 2021. Appears in 6 official registries: ers-standard, gold-standard, plan-vivo, socialcarbon, un-pacm, verra-vvb. Sectors: GHG verification, validation and verification, climate change mitigation projects, GHG inventories, carbon certification. Serves: Global.",1.0,high,
25,Enviance Services Private Limited,firm,https://enviance.in/,2023,India,Indore,Global; India,renewable energy; forestry/AFOLU; agriculture; GHG verification; life cycle assessment; ESG auditing,gold-standard; socialcarbon; un-pacm,Article 6.4 (PACM); Gold Standard,https://unfccc.int/process-and-meetings/the-paris-agreement/article-6/article-64-pacm/accreditation | https://web.archive.org/web/20250916231729/https://globalgoals.goldstandard.org/verification-validation-bodies/ | https://www.socialcarbon.org/vvbs,"ISO 14065:2020 accreditation from Global Accreditation Bureau (GAB) | Approved as 12th GCC Verifier by Global Carbon Council | Listed in multiple carbon registries (gold-standard, socialcarbon, un-pacm) | 100+ global clients served","Enviance Services Private Limited is a carbon/GHG verification body, based in Indore, India, established in 2023. Appears in 3 official registries: gold-standard, socialcarbon, un-pacm. Sectors: renewable energy, forestry/AFOLU, agriculture, GHG verification, life cycle assessment, ESG auditing. Serves: Global, India.",1.0,high,
26,EPIC Sustainability,firm,https://epicsustainability.com,2010,India,Bangalore,Global; India,greenhouse gas verification; CDM; ACR; Cercarbono; Ecoregistry; Plan Vivo,acr; cercarbono; ecoregistry; plan-vivo,ACR; Cercarbono Circular Economy Programme,https://acrcarbon.org/wp-content/uploads/2026/05/ACR-Approved-Validation-Verification-Bodies-20260714.pdf | https://cercarbono.com/validation-and-verification/ | https://www.cercarbono.com/validation-and-verification/ | https://www.planvivo.org/listing/category/approved-vvbs,"900+ projects verified in 45+ countries | 19+ international awards since 2014 | Listed as validation/verification provider for ACR, Cercarbono, Ecoregistry, Plan Vivo | Leading independent GHG verifier and sustainability auditor","EPIC Sustainability is a carbon/GHG verification body, based in Bangalore, India, established in 2010. Appears in 4 official registries: acr, cercarbono, ecoregistry, plan-vivo. Sectors: greenhouse gas verification, CDM, ACR, Cercarbono, Ecoregistry, Plan Vivo. Serves: Global, India.",1.0,high,
27,EPIC Sustainability Services Private Limited,firm,https://epicsustainability.com,2010,India,Bangalore,India,CDM validation; CDM verification; Gold Standard; Social Carbon; GHG verification,cdm-all-does; cdm-doe; gcc; gold-standard; socialcarbon; verra-vvb,Global Carbon Council; Gold Standard; UNFCCC CDM,https://cdm.unfccc.int/DOE/list/index.html | https://epicsustainability.com/ | https://verra.org/validation-verification/ | https://web.archive.org/web/20250916231729/https://globalgoals.goldstandard.org/verification-validation-bodies/,Accredited Verra VVB (Validation/Verification Body) | Listed as DOE (Designated Operational Entity) for CDM | Accredited by Gold Standard | Social Carbon audit provider,"EPIC Sustainability Services Private Limited is a carbon/GHG verification body, based in Bangalore, India, established in 2010. Appears in 6 official registries: cdm-all-does, cdm-doe, gcc, gold-standard, socialcarbon, verra-vvb. Sectors: CDM validation, CDM verification, Gold Standard, Social Carbon, GHG verification. Serves: India.",1.0,high,
28,ESC Cert GmbH,firm,esc-cert.de,1998,Germany,Kassel,Germany; Europe; Global,emissions trading verification; management systems certification; ISO certifications; waste management certification,dakks; redcert; sure-eu,DAkkS ISO 17029 Verification Body; REDcert; SURE-EU,https://sure-system.org/fileadmin/user_upload/SURE/Dokumente/Zertstellen/20260626_Addresses_of_all_Certification_Bodies.pdf | https://www.dakks.de/en/accredited-bodies-search.html | https://www.redcert.org/en-us/certification/approved-certification-bodies/,"Founded 1998, 25+ years in operation | DAKKS accredited body | Accredited for TEHG (German Emissions Trading Act) verification since 2013 | Listed on RedCert and SurE EU registries","ESC Cert GmbH is a carbon/GHG verification body, based in Kassel, Germany, established in 1998. Appears in 3 official registries: dakks, redcert, sure-eu. Sectors: emissions trading verification, management systems certification, ISO certifications, waste management certification. Serves: Germany, Europe, Global.",1.0,high,
29,ETSverification GmbH,firm,http://www.etsverification.com,2010,Germany,Münster,Global,Aviation; Airports; Maritime transport,corsia; dakks; ukas,CORSIA; DAkkS ISO 17029 Verification Body; UKAS / UK ETS,https://www.dakks.de/en/accredited-bodies-search.html | https://www.icao.int/sites/default/files/environmental-protection/CORSIA/Documents/CORSIA%20Central%20Registry/CCR-Info-Data-Transparency_PartI_13ed_web.pdf | https://www.ukas.com/find-an-organisation/browse-by-category/?type=283,Accredited for CORSIA (Carbon Offsetting and Reduction Scheme for International Aviation) | Accredited for EU ETS and UK ETS emissions verification | Accredited for ReFuel EU verification | Verified emissions worldwide; founded 2010; HRB registration 16461,"ETSverification GmbH is a carbon/GHG verification body, based in Münster, Germany, established in 2010. Appears in 3 official registries: corsia, dakks, ukas. Sectors: Aviation, Airports, Maritime transport. Serves: Global.",1.0,high,
30,Galaxy Certification Services Private Limited,firm,https://www.galaxycertification.com/,2022,India,Bangalore,India,GHG/energy; product carbon footprint/EPD,icr; nabcb; verra-vvb,ICR; NABCB ISO 14065 GHG Verification,https://nabcb.qci.org.in/validation-and-verification-bodies/ | https://verra.org/validation-verification/ | https://www.carbonregistry.com/blog/galaxy-certification-services-joins-the-international-carbon-registry-s-icr-network-of-validation-and-verification-bodies-vv-bs,"Incorporated October 21, 2022 - very new organization | DOE (Designated Operational Entity) services for ISO 14064-1, 14064-2, 14064-3 standards | Listed across multiple registries: ICR (Indian Carbon Registry), NABCB, Verra VVB | Provides GHG validation and verification services","Galaxy Certification Services Private Limited is a carbon/GHG verification body, based in Bangalore, India, established in 2022. Appears in 3 official registries: icr, nabcb, verra-vvb. Sectors: GHG/energy, product carbon footprint/EPD. Serves: India.",1.0,high,
31,GHD Limited,firm,https://www.ghd.com,1928,Australia,Melbourne,Global,GHG validation/verification; energy; forestry/AFOLU; waste; industrial processes; agriculture; aviation (CORSIA); CCS,acr; aus-cer; cdm-all-does; cdm-doe; corsia; csa-cleanprojects; tcr; verra-vvb,"ACR; CORSIA; CSA CleanProjects Registry, CSA Carbon Neutral Registry, CSA Clean Start Registry; NGER/ACCU; The Climate Registry; UNFCCC CDM",https://acrcarbon.org/wp-content/uploads/2026/05/ACR-Approved-Validation-Verification-Bodies-20260714.pdf | https://cdm.unfccc.int/DOE/list/index.html | https://cer.gov.au/schemes/audits-our-schemes/find-auditor | https://theclimateregistry.org/wp-content/uploads/2025/08/TCR-Recognized-Verification-Bodies_Aug-2025.pdf,"Founded 1928 in Melbourne, Australia | Global operations with presence in Australia and Canada (Waterloo, Ontario) | ISO 14065 accredited by ANAB (American National Accreditation Board) | Verra VVB (ID 027) for carbon project validation and verification","GHD Limited is a carbon/GHG verification body, based in Melbourne, Australia, established in 1928. Appears in 8 official registries: acr, aus-cer, cdm-all-does, cdm-doe, corsia, csa-cleanprojects. Sectors: GHG validation/verification, energy, forestry/AFOLU, waste, industrial processes, agriculture. Serves: Global.",1.0,high,
32,Green Sky Sustainability Consulting Inc.,firm,https://greensky.ca,2015,Canada,Vancouver,Canada; North America; International,greenhouse gas verification; carbon offset verification; regulatory compliance; clean fuel regulations; ESG reporting,csa-cleanprojects; scc; socialcarbon; verra-vvb,"CSA CleanProjects Registry, ISO 14065 Validation & Verification; SCC Greenhouse Gas (ISO 14065)",https://greensky.ca/validation-verification/ | https://scc-ccn.ca/search/accredited-organizations?f%5B0%5D=program%3A481 | https://verra.org/validation-verification/ | https://www.socialcarbon.org/vvbs,"800+ verifications completed | 150+ offset verifications | Accredited by Standards Council of Canada (SCC) | ISO 14065:2020, 17029:2019, 14064-3:2019, 14066:2023 certified","Green Sky Sustainability Consulting Inc. is a carbon/GHG verification body, based in Vancouver, Canada, established in 2015. Appears in 4 official registries: csa-cleanprojects, scc, socialcarbon, verra-vvb. Sectors: greenhouse gas verification, carbon offset verification, regulatory compliance, clean fuel regulations, ESG reporting. Serves: Canada, North America, International.",1.0,high,
33,Hong Kong Quality Assurance Agency,firm,http://www.hkqaa.org,1989,Hong Kong,Hong Kong,Hong Kong; Asia; Global,CDM verification; GHG emissions; Carbon certification; Sustainable finance; Green bonds and loans,cdm-all-does; cdm-doe; hkas,HKAS ISO 14065; UNFCCC CDM,https://cdm.unfccc.int/DOE/list/index.html | https://www.itc.gov.hk/en/quality/hkas/doc/scopes/Scope_of_HKCAS_Accredited_Organisation.pdf,Established 1989 | UNFCCC CDM Designated Operational Entity (DOE) | 200+ green and sustainable bond/loan certificates issued | $35+ billion in deals verified since 2018,"Hong Kong Quality Assurance Agency is a carbon/GHG verification body, based in Hong Kong, Hong Kong, established in 1989. Appears in 3 official registries: cdm-all-does, cdm-doe, hkas. Sectors: CDM verification, GHG emissions, Carbon certification, Sustainable finance, Green bonds and loans. Serves: Hong Kong, Asia, Global.",1.0,high,
34,ICONTEC,firm,https://icontec.org,1963,Colombia,Bogotá,Colombia; Latin America,energy industries; carbon neutrality; voluntary carbon standards,anab; car; cercarbono; ecoregistry,ANAB ISO 14065; Cercarbono Carbon Programme; Climate Action Reserve,https://cercarbono.com/validation-and-verification/ | https://climateactionreserve.org/how/verification/connect-with-a-verification-body/ | https://www.cercarbono.com/validation-and-verification/,"Founded 1963 (60+ years in operation) | CDM Executive Board accreditation as Designated Operational Entity | VCS, CCB, Plastic program approvals | Multi-registry presence: Verra, CAR, CercaCarbon, EcoRegistry","ICONTEC is a carbon/GHG verification body, based in Bogotá, Colombia, established in 1963. Appears in 4 official registries: anab, car, cercarbono, ecoregistry. Sectors: energy industries, carbon neutrality, voluntary carbon standards. Serves: Colombia, Latin America.",1.0,high,
35,Japan Quality Assurance Organization,firm,http://www.jqa.jp/,1957,Japan,Tokyo,Global,GHG verification; EPD; carbon labeling; sustainability audits,ecoleaf; jab; jcredit; un-pacm,Article 6.4 (PACM); J-Credit; JAB ISO 14065; SuMPO EPD - System Certification Body,https://ecoleaf-label.jp/resource/system/ | https://reccessary.com/en/reccpedia/carbon-trading/the-j-credit-scheme-in-japan | https://unfccc.int/process-and-meetings/the-paris-agreement/article-6/article-64-pacm/accreditation | https://www.jab.or.jp/service/greenhouse_gas,"Founded 1957, 67+ years operating | ISO 9001 and ISO 14001 accreditations | Member of IECEE and IECQ certification bodies | Listed in ecoleaf, jab, jcredit, un-pacm registries","Japan Quality Assurance Organization is a carbon/GHG verification body, based in Tokyo, Japan, established in 1957. Appears in 4 official registries: ecoleaf, jab, jcredit, un-pacm. Sectors: GHG verification, EPD, carbon labeling, sustainability audits. Serves: Global.",1.0,high,
36,KBS Certification Services Limited,firm,https://kbscertification.com/,2005,India,Faridabad,India; United Kingdom; Global,Energy; Manufacturing; Infrastructure; Renewable energy; Carbon credits; GHG verification; EPD; CDM projects,cdm-all-does; cdm-doe; gcc; gold-standard; nabcb; socialcarbon; un-pacm; verra-vvb,Article 6.4 (PACM); Global Carbon Council; Gold Standard; NABCB ISO 14065 GHG Verification; UNFCCC CDM,https://cdm.unfccc.int/DOE/list/index.html | https://nabcb.qci.org.in/validation-and-verification-bodies/ | https://unfccc.int/process-and-meetings/the-paris-agreement/article-6/article-64-pacm/a64-accreditation/kbs-certification-services-ltd-kbs | https://verra.org/validation-verification/,"35+ million carbon credits verified | 2,500+ carbon projects verified | Designated Operational Entity (DOE) for CDM | Accredited by Gold Standard, Verra VVB, CDM, Social Carbon, GCC, Cercarbono","KBS Certification Services Limited is a carbon/GHG verification body, based in Faridabad, India, established in 2005. Appears in 8 official registries: cdm-all-does, cdm-doe, gcc, gold-standard, nabcb, socialcarbon. Sectors: Energy, Manufacturing, Infrastructure, Renewable energy, Carbon credits, GHG verification. Serves: India, UK, Global.",1.0,high,
37,Korean Foundation for Quality,firm,https://kfqbms.com/eng,1993,South Korea,Seoul,South Korea; Global,CDM project validation/verification; A6.4 Mechanism; climate change verification; energy management; ESG,cdm-all-does; cdm-doe; gold-standard; iscc; un-pacm,Article 6.4 (PACM); Gold Standard; UNFCCC CDM,https://cdm.unfccc.int/DOE/list/index.html | https://unfccc.int/process-and-meetings/the-paris-agreement/article-6/article-64-pacm/accreditation | https://web.archive.org/web/20250916231729/https://globalgoals.goldstandard.org/verification-validation-bodies/ | https://www.iscc-system.org/certification/certification-bodies/,Founded 1993 as first ISO certification body in Korea | CDM DOE since 2005 | A6.4 Mechanism accredited verifier | Gold Standard verified body,"Korean Foundation for Quality is a carbon/GHG verification body, based in Seoul, South Korea, established in 1993. Appears in 5 official registries: cdm-all-does, cdm-doe, gold-standard, iscc, un-pacm. Sectors: CDM project validation/verification, A6.4 Mechanism, climate change verification, energy management, ESG. Serves: South Korea, Global.",1.0,high,
38,Korean Register of Shipping,firm,http://www.krs.co.kr,1960,South Korea,Busan,Global,transport; fuels,cdm-all-does; cdm-doe; ukas,UKAS / UK ETS; UNFCCC CDM,https://cdm.unfccc.int/DOE/list/index.html | https://www.ukas.com/find-an-organisation/browse-by-category/?type=283,"Founded June 1960, transformed to independent organization in 1994 | IACS associate member (1975), IACS full member (1988) | Accredited by DAkkS (German national accreditation body) for GHG verification under ISO 14064 | 700+ GHG verification projects completed","Korean Register of Shipping is a carbon/GHG verification body, based in Busan, South Korea, established in 1960. Appears in 3 official registries: cdm-all-does, cdm-doe, ukas. Sectors: transport, fuels. Serves: Global.",1.0,high,
39,Müller-BBM Cert Umweltgutachter GmbH,firm,http://www.muellerbbm-cert.de,2012,Germany,Kerpen,Germany; Europe,Energy; Climate protection; Manufacturing; Aviation; Emissions trading,corsia; dakks; sure-eu; ukas; ukas-full,CORSIA; DAkkS ISO 17029 Verification Body; SURE-EU; UKAS; UKAS / UK ETS,https://sure-system.org/fileadmin/user_upload/SURE/Dokumente/Zertstellen/20260626_Addresses_of_all_Certification_Bodies.pdf | https://www.dakks.de/en/accredited-bodies-search.html | https://www.icao.int/sites/default/files/environmental-protection/CORSIA/Documents/CORSIA%20Central%20Registry/CCR-Info-Data-Transparency_PartI_13ed_web.pdf | https://www.ukas.com/download-schedule/25271/Verification/,"Founded 2012; independent certification and verification body | DAkkS (Deutsche Akkreditierungsstelle) accreditation | DAU (Deutsche Akkreditierungs- und Zulassungsgesellschaft für Umweltgutachter) accreditation | Specialized in CO2 transparency, emissions trading scheme verification","Müller-BBM Cert Umweltgutachter GmbH is a carbon/GHG verification body, based in Kerpen, Germany, established in 2012. Appears in 5 official registries: corsia, dakks, sure-eu, ukas, ukas-full. Sectors: Energy, Climate protection, Manufacturing, Aviation, Emissions trading. Serves: Germany, Europe.",1.0,high,
40,NIPPON KAIJI KYOKAI,firm,http://www.classnk.or.jp,1899,Japan,Tokyo,Global,aviation; renewable energy; marine/shipping,corsia; jcredit; ukas,CORSIA; J-Credit; UKAS / UK ETS,https://reccessary.com/en/reccpedia/carbon-trading/the-j-credit-scheme-in-japan | https://www.icao.int/sites/default/files/environmental-protection/CORSIA/Documents/CORSIA%20Central%20Registry/CCR-Info-Data-Transparency_PartI_13ed_web.pdf | https://www.ukas.com/find-an-organisation/browse-by-category/?type=283,"Founded 1899 (150+ years in operation) | ICAO Sustainability Certification Scheme (SCS) for sustainable aviation fuels (SAF), approved October 2024 | CORSIA accredited for GHG emissions verification in aviation | Listed on multiple registries: CORSIA, JCREDIT, UKAS","NIPPON KAIJI KYOKAI is a carbon/GHG verification body, based in Tokyo, Japan, established in 1899. Appears in 3 official registries: corsia, jcredit, ukas. Sectors: aviation, renewable energy, marine/shipping. Serves: Global.",1.0,high,
41,NORMEC VERIFAVIA SAS,firm,http://www.normecverifavia.com/,2010,France,Courbevoie,Global; Europe; Asia,aviation; maritime; road transport; carbon footprint; carbon neutrality claims; carbon projects; sustainable aviation fuel,cofrac; corsia; isometric; ukas,CORSIA; Cofrac / EU ETS; UKAS / UK ETS,https://isometric.com/governance-policies | https://tools.cofrac.fr/en/easysearch/resultats_advanced.php?list-10290708 | https://www.icao.int/sites/default/files/environmental-protection/CORSIA/Documents/CORSIA%20Central%20Registry/CCR-Info-Data-Transparency_PartI_13ed_web.pdf | https://www.ukas.com/find-an-organisation/browse-by-category/?type=283,"Founded 2010 (acquired by Normec Group) | ISO/IEC 17029:2019 accreditation from 3 NABs: COFRAC (France), UKAS (UK), SAC (Singapore) | Verified emissions of 300+ commercial airlines across 100+ countries | 79 employees","NORMEC VERIFAVIA SAS is a carbon/GHG verification body, based in Courbevoie, France, established in 2010. Appears in 4 official registries: cofrac, corsia, isometric, ukas. Sectors: aviation, maritime, road transport, carbon footprint, carbon neutrality claims, carbon projects. Serves: Global, Europe, Asia.",1.0,high,
42,OmnexFuturepast,firm,http://www.omnexfuturepast.com/,2025,United States,Ann Arbor,United States; Canada; Europe; India,GHG validation/verification; carbon projects,acr; anab; car; tcr,ACR; ANAB ISO 14065; Climate Action Reserve; The Climate Registry,https://acrcarbon.org/wp-content/uploads/2026/05/ACR-Approved-Validation-Verification-Bodies-20260714.pdf | https://climateactionreserve.org/how/verification/connect-with-a-verification-body/ | https://theclimateregistry.org/wp-content/uploads/2025/08/TCR-Recognized-Verification-Bodies_Aug-2025.pdf,ANAB accreditation for greenhouse gas | Registered with ACR (American Carbon Registry) | Registered with ANAB | Registered with CAR (Climate Action Reserve),"OmnexFuturepast is a carbon/GHG verification body, based in Ann Arbor, USA, established in 2025. Appears in 4 official registries: acr, anab, car, tcr. Sectors: GHG validation/verification, carbon projects. Serves: USA, Canada, Europe, India.",1.0,high,
43,Preferred by Nature,firm,https://preferredbynature.org,2001,Estonia,Tartu,Global,forestry/AFOLU; carbon project validation/verification,gold-standard; plan-vivo; sure-eu; verra-vvb,Gold Standard; SURE-EU,https://sure-system.org/fileadmin/user_upload/SURE/Dokumente/Zertstellen/20260626_Addresses_of_all_Certification_Bodies.pdf | https://verra.org/validation-verification/ | https://web.archive.org/web/20250916231729/https://globalgoals.goldstandard.org/verification-validation-bodies/ | https://www.planvivo.org/listing/category/approved-vvbs,Verra VVB (ID 065) with ANAB accreditation | Approved third-party methodology reviewer for Verra | Accredited validator under Gold Standard and Plan Vivo | 25+ years of operations,"Preferred by Nature is a carbon/GHG verification body, based in Tartu, Estonia, established in 2001. Appears in 4 official registries: gold-standard, plan-vivo, sure-eu, verra-vvb. Sectors: forestry/AFOLU, carbon project validation/verification. Serves: Global.",1.0,high,
44,RINA Services S.p.A,firm,http://www.rina.org/en,1999,Italy,Genoa,Global,energy; environment; EPD; transport; logistics; shipping; manufacturing; decarbonization; ESG,accredia; cdm-all-does; cdm-doe; epd-intl; gold-standard; iscc; ukas; verra-vvb,Accredia / EU ETS; Gold Standard; UKAS / UK ETS; UNFCCC CDM,https://cdm.unfccc.int/DOE/list/index.html | https://services.accredia.it/ppsearch/accredia_orgmask.jsp?ID_LINK=1733&area=310&PPSEARCH_ORG_SEARCH_MASK_ORG=0051 | https://verra.org/validation-verification/ | https://web.archive.org/web/20250916231729/https://globalgoals.goldstandard.org/verification-validation-bodies/,"RINA S.p.A. established 1999 (transferred operational activities from parent 1861 foundation) | 200+ offices across 70 countries worldwide | 5,300 employees | Multi-registry accreditation: ACCREDIA, CDM-All, CDM-DoE, EPD International, Gold Standard, ISCC, UKAS, Verra-VVB","RINA Services S.p.A is a carbon/GHG verification body, based in Genoa, Italy, established in 1999. Appears in 8 official registries: accredia, cdm-all-does, cdm-doe, epd-intl, gold-standard, iscc. Sectors: energy, environment, EPD, transport, logistics, shipping. Serves: Global.",1.0,high,
45,"S & A Carbon, LLC",firm,saacarbon.com,2014,United States,Portland,United States; Global,energy; forestry/AFOLU; agriculture; waste,acr; anab; art-trees; car; verra-vvb,ACR; ANAB ISO 14065; ART TREES; Climate Action Reserve,https://acrcarbon.org/wp-content/uploads/2026/05/ACR-Approved-Validation-Verification-Bodies-20260714.pdf | https://climateactionreserve.org/how/verification/connect-with-a-verification-body/ | https://verra.org/validation-verification/ | https://www.artredd.org/wp-content/uploads/2026/05/List-of-ART-Approved-VVBs-May-2026.pdf,"Accredited by ANAB (The ANSI-ASQ National Accreditation Board) | Approved by California Air Resources Board (ARB) | Listed across 5 major registries: ACR, ANAB, Art-Trees, CAR, Verra-VVB | Specializes in carbon offset project verification","S & A Carbon, LLC is a carbon/GHG verification body, based in Portland, United States, established in 2014. Appears in 5 official registries: acr, anab, art-trees, car, verra-vvb. Sectors: energy, forestry/AFOLU, agriculture, waste. Serves: United States, Global.",1.0,high,
46,SCS Global Services,firm,http://scsglobalservices.com/,1984,United States,"Emeryville, California",Global,Carbon verification; Greenhouse gas verification; Forestry/AFOLU; Agriculture; Product carbon footprint/EPD,2bsvs; acr; anab; art-trees; car; carb-lcfs; carb-mrr; corsia; iscc; isometric; rsb; sbp; tcr; verra-vvb,2BSvs; ACR; ANAB ISO 14065; ART TREES; CARB LCFS; CORSIA; Climate Action Reserve; MRR Verification (H-24-004); RSB; SBP; The Climate Registry,https://acrcarbon.org/wp-content/uploads/2026/05/ACR-Approved-Validation-Verification-Bodies-20260714.pdf | https://climateactionreserve.org/how/verification/connect-with-a-verification-body/ | https://isometric.com/governance-policies | https://rsb.org/certification/certification-bodies/,"Founded 1984 as Scientific Certification Systems (SCS); 40+ years in operation | Over 300 GHG verifications completed for organizations including Fortune 500 companies | ISO 14064/14065 accredited for GHG verification | Global operations: 8+ regional offices (Africa, Australia/NZ, Europe, China, India/SA, Latin America, Middle East, Southeast Asia)","SCS Global Services is a carbon/GHG verification body, based in Emeryville, California, USA, established in 1984. Appears in 14 official registries: 2bsvs, acr, anab, art-trees, car, carb-lcfs. Sectors: Carbon verification, Greenhouse gas verification, Forestry/AFOLU, Agriculture, Product carbon footprint/EPD. Serves: Global.",1.0,high,
47,SES Inc.,firm,ses-corp.com,1998,United States,"Lenexa, Kansas",United States,Carbon offset verification; Greenhouse gas verification; Livestock methane projects; Mine methane projects; Ozone-depleting substances projects; LCFS compliance,acr; anab; car; carb-lcfs,ACR; ANAB ISO 14065; CARB LCFS; Climate Action Reserve,https://acrcarbon.org/wp-content/uploads/2026/05/ACR-Approved-Validation-Verification-Bodies-20260714.pdf | https://climateactionreserve.org/how/verification/connect-with-a-verification-body/ | https://ww2.arb.ca.gov/sites/default/files/2026-05/List%20of%20LCFS%20Verification%20Bodies%20as%20of%202026_04_23.xlsx,"Founded 1998, 25+ years in operation | California Air Resources Board (ARB) accredited for compliance offset and LCFS programs | ANAB accredited for GHG validation/verification | Staff with 20+ years experience as independent verifiers","SES Inc. is a carbon/GHG verification body, based in Lenexa, Kansas, USA, established in 1998. Appears in 4 official registries: acr, anab, car, carb-lcfs. Sectors: Carbon offset verification, Greenhouse gas verification, Livestock methane projects, Mine methane projects, Ozone-depleting substances projects, LCFS compliance. Serves: USA.",1.0,high,
48,SGS,firm,https://sgs.com/en,1878,Switzerland,Geneva,Global,Energy; Oil and gas; Manufacturing; Agriculture and food; Forestry/AFOLU; Waste; Transport; Aviation; Product carbon footprint/EPD; Voluntary carbon markets; Compliance carbon markets; Carbon capture utilization and storage (CCUS),cercarbono; ecoregistry; egac-egypt; epditaly; isometric; pep-ecopassport; puro; sbp; tgo-tver,Cercarbono Carbon Programme; EGAC ISO 14065; EPDItaly; PEP ecopassport; Puro.earth; SBP; T-VER,https://cercarbono.com/validation-and-verification/ | https://ghgreduction.tgo.or.th/en/external-validation-verification-body/list-of-registered-vvb.html | https://puro.earth/partners-intermediaries/partners/ | https://sbp-cert.org/certifications/accredited-certification-bodies/,"Founded December 12, 1878 (148 years in operation) | 99,600 employees globally | 2,600 offices and laboratories worldwide | ISO 14064-1 accredited","SGS is a carbon/GHG verification body, based in Geneva, Switzerland, established in 1878. Appears in 9 official registries: cercarbono, ecoregistry, egac-egypt, epditaly, isometric, pep-ecopassport. Sectors: Energy, Oil and gas, Manufacturing, Agriculture and food, Forestry/AFOLU, Waste. Serves: Global.",1.0,high,
49,"SGS TECNOS, S.A.",firm,https://www.sgs.es/en,1878,Spain,Madrid,Spain; EU,aviation fuels; sustainable aviation fuel; CORSIA; RSB biofuels; product carbon footprint,corsia; enac; rsb,CORSIA; EU ETS 2; RSB,https://rsb.org/certification/certification-bodies/ | https://www.enac.es/actualidad/acreditaciones-eu-ets-2 | https://www.icao.int/sites/default/files/environmental-protection/CORSIA/Documents/CORSIA%20Central%20Registry/CCR-Info-Data-Transparency_PartI_13ed_web.pdf,"First RSB accreditation in Spain (October 2022) | CORSIA accredited | ISCC CORSIA and ISCC CORSIA PLUS approved | Verified sustainable aviation fuel for compliance (e.g., Repsol SAF certification)","SGS TECNOS, S.A. is a carbon/GHG verification body, based in Madrid, Spain, established in 1878. Appears in 3 official registries: corsia, enac, rsb. Sectors: aviation fuels, sustainable aviation fuel, CORSIA, RSB biofuels, product carbon footprint. Serves: Spain, EU.",1.0,high,
50,SGS United Kingdom Limited,firm,http://www.sgs.co.uk,1878,Switzerland,Geneva,Global,energy; aviation; biofuels; product carbon footprint; manufacturing; waste,cdm-all-does; cdm-doe; corsia; ukas; ukas-full,CORSIA; UKAS; UKAS / UK ETS; UNFCCC CDM,https://cdm.unfccc.int/DOE/list/index.html | https://www.icao.int/sites/default/files/environmental-protection/CORSIA/Documents/CORSIA%20Central%20Registry/CCR-Info-Data-Transparency_PartI_13ed_web.pdf | https://www.ukas.com/download-schedule/0005/Verification/ | https://www.ukas.com/find-an-organisation/browse-by-category/?type=283,"Listed in CDM, CORSIA, and UKAS registries (confirmed in registry field) | Global CORSIA trained experts across multiple offices | ISO 14064-1, ISO 14067, ISO 14068-1, ISO 59020 certified","SGS United Kingdom Limited is a carbon/GHG verification body, based in Geneva, Switzerland, established in 1878. Appears in 5 official registries: cdm-all-does, cdm-doe, corsia, ukas, ukas-full. Sectors: energy, aviation, biofuels, product carbon footprint, manufacturing, waste. Serves: Global.",1.0,high,
51,Soil Association Certification,firm,http://www.sacert.org,1973,United Kingdom,Bristol,United Kingdom,Forestry/AFOLU - carbon sequestration; Nature-based solutions,peatland-code; ukas; woodland-code,Peatland Code; UKAS / UK ETS; Woodland Carbon Code,https://www.iucn-uk-peatlandprogramme.org/validation-and-verification-bodies | https://www.ukas.com/find-an-organisation/browse-by-category/?type=283 | https://www.woodlandcarboncode.org.uk/4-verification,UKAS-accredited validation and verification body for GHG | Specializes in Woodland Carbon Code validation/verification | Specializes in Peatland Code validation/verification | Over 1.6 million tCO2e expected sequestration from projects verified,"Soil Association Certification is a carbon/GHG verification body, based in Bristol, United Kingdom, established in 1973. Appears in 3 official registries: peatland-code, ukas, woodland-code. Sectors: Forestry/AFOLU - carbon sequestration, Nature-based solutions. Serves: United Kingdom.",1.0,high,
52,SustainCERT,firm,https://www.sustain-cert.com,2018,Luxembourg,Luxembourg City,Global,renewable energy; agriculture; AFOLU; transportation; carbon markets; GHG verification; corporate climate reporting; value chain decarbonization; product carbon footprint,gcc; gold-standard; icr; isometric; un-pacm; verra-vvb,Article 6.4 (PACM); Global Carbon Council; Gold Standard; ICR,https://globalcarboncouncil.com/for-stakeholders/verifiers/ | https://unfccc.int/process-and-meetings/the-paris-agreement/article-6/article-64-pacm/accreditation | https://verra.org/validation-verification/ | https://web.archive.org/web/20250916231729/https://globalgoals.goldstandard.org/verification-validation-bodies/,"ISO 14065 accreditation as Validation and Verification Body (VVB) | Founded 2018 by Gold Standard | Listed in 6 carbon registries: Gold Standard, Verra VVB, ICR, Isometric, UN PACM, GCC | Holds ISO 14064-1, 14067, 14040, 14044 standards","SustainCERT is a carbon/GHG verification body, based in Luxembourg City, Luxembourg, established in 2018. Appears in 6 official registries: gcc, gold-standard, icr, isometric, un-pacm, verra-vvb. Sectors: renewable energy, agriculture, AFOLU, transportation, carbon markets, GHG verification. Serves: Global.",1.0,high,
53,Trinity Consultants,firm,https://trinityconsultants.com/services/air-quality/third-party-verification-services/,1974,United States,Dallas,United States; Asia; Europe; Oceania; Global,energy; oil and gas; industrial; manufacturing; mining; life sciences; GHG emissions; carbon offsets,carb-lcfs; carb-mrr; smart-epd,CARB LCFS; MRR Verification (H-26-001); SmartEPD,https://smartepd.com/resources/#independent_verifiers | https://ww2.arb.ca.gov/mrr-vb | https://ww2.arb.ca.gov/sites/default/files/2026-05/List%20of%20LCFS%20Verification%20Bodies%20as%20of%202026_04_23.xlsx,"Founded 1974 | ARB-accredited verifier across all four sector types: General, Oil and Gas, Process, and Transaction | Completes 60+ verifications annually | Decades of expertise in air quality and climate programs","Trinity Consultants is a carbon/GHG verification body, based in Dallas, United States, established in 1974. Appears in 3 official registries: carb-lcfs, carb-mrr, smart-epd. Sectors: energy, oil and gas, industrial, manufacturing, mining, life sciences. Serves: United States, Asia, Europe, Oceania.",1.0,high,
54,TUV NORD Cert,firm,https://tuev-nord.de,1869,Germany,Not found,Global,energy; forestry/AFOLU; waste; transport; manufacturing; agriculture; CCS/CDR; product carbon footprint/EPD; aviation; fuels,cdm-all-does; cdm-doe; cercarbono; dakks; ecoregistry; ers-standard; gold-standard; iscc; redcert; sure-eu; un-pacm; verra-vvb,Article 6.4 (PACM); Cercarbono Carbon Programme; DAkkS ISO 17029 Verification Body; ERS; Gold Standard; REDcert; SURE-EU; UNFCCC CDM,http://www.eq-earth.com/vvb | https://cdm.unfccc.int/DOE/list/index.html | https://cercarbono.com/validation-and-verification/ | https://sure-system.org/fileadmin/user_upload/SURE/Dokumente/Zertstellen/20260626_Addresses_of_all_Certification_Bodies.pdf,"Listed in 12+ major carbon registries: CDM, Gold Standard, ISCC, REDCERT, SURE, CERCARBONO, ECOREGISTRY, ERS, UN-PACM, DAKKS, VERRA VVB | DAKKS accreditation | Global Verra VVB provider | Multi-methodology validation and verification body","TUV NORD Cert is a carbon/GHG verification body, based in Not found, Germany, established in 1869. Appears in 12 official registries: cdm-all-does, cdm-doe, cercarbono, dakks, ecoregistry, ers-standard. Sectors: energy, forestry/AFOLU, waste, transport, manufacturing, agriculture. Serves: Global.",1.0,high,
55,TUV SUD America Inc.,firm,https://www.tuvsud.com/en-us/about-us/north-america/ruby-canyon,2005,United States,"Grand Junction, Colorado",United States; Mexico; North America; South America,voluntary carbon market; compliance markets; forestry; corporate GHG emissions; offset project validation,acr; anab; art-trees; car; carb-lcfs; carb-mrr; corsia; ers-standard; gold-standard; mx-semarnat; tcr; verra-vvb,ACR; ANAB ISO 14065; ART TREES; CARB LCFS; CORSIA; Climate Action Reserve; ERS; Gold Standard; MRR Verification (H-24-003); Mexico RENE; The Climate Registry,http://www.eq-earth.com/vvb | https://acrcarbon.org/wp-content/uploads/2026/05/ACR-Approved-Validation-Verification-Bodies-20260714.pdf | https://climateactionreserve.org/how/verification/connect-with-a-verification-body/ | https://theclimateregistry.org/wp-content/uploads/2025/08/TCR-Recognized-Verification-Bodies_Aug-2025.pdf,Ruby Canyon Environmental founded 2005 in Colorado | Acquired by TüV SÜD America in December 2022 | ANSI accredited GHG verification body | ISO/IEC 17029:2019 accredited by ANAB (USA) and EMA (Mexico),"TUV SUD America Inc. is a carbon/GHG verification body, based in Grand Junction, Colorado, USA, established in 2005. Appears in 12 official registries: acr, anab, art-trees, car, carb-lcfs, carb-mrr. Sectors: voluntary carbon market, compliance markets, forestry, corporate GHG emissions, offset project validation. Serves: USA, Mexico, North America, South America.",1.0,high,
56,TUV SUD Industrie Service GmbH,firm,tuev-sued.de/bioenergie,1866,Germany,,Germany; Europe,bioenergy certification; ISCC PLUS certification; REDcert certification; SURE-EU certification; carbon footprint verification,dakks; gold-standard; iscc; redcert; sure-eu,DAkkS ISO 17029 Verification Body; Gold Standard; REDcert; SURE-EU,https://sure-system.org/fileadmin/user_upload/SURE/Dokumente/Zertstellen/20260626_Addresses_of_all_Certification_Bodies.pdf | https://web.archive.org/web/20250916231729/https://globalgoals.goldstandard.org/verification-validation-bodies/ | https://www.dakks.de/en/accredited-bodies-search.html | https://www.iscc-system.org/certification/certification-bodies/,"TüV SÜD parent founded 1866, EU ETS verification since 2005 | Certified as ISCC and REDcert certification body | Accredited by DAkkS (German accreditation authority) | ISCC PLUS verifies recyclable and bio-based materials (polymers, chemicals, hydrogen, food, animal feed)","TUV SUD Industrie Service GmbH is a carbon/GHG verification body, based in Germany, established in 1866. Appears in 5 official registries: dakks, gold-standard, iscc, redcert, sure-eu. Sectors: bioenergy certification, ISCC PLUS certification, REDcert certification, SURE-EU certification, carbon footprint verification. Serves: Germany, Europe.",1.0,high,
57,TUV SUD South Asia Pvt. Ltd,firm,https://www.tuvsud.com/en-in,1995,India,Pune,India; South Asia; Developing countries (CDM scope),energy; forestry/AFOLU; agriculture; CDM projects; product carbon footprint,cdm-all-does; cdm-doe; gold-standard; nabcb; un-pacm; verra-vvb,Article 6.4 (PACM); Gold Standard; NABCB ISO 14065 GHG Verification; UNFCCC CDM,https://cdm.unfccc.int/DOE/list/index.html | https://nabcb.qci.org.in/validation-and-verification-bodies/ | https://unfccc.int/process-and-meetings/the-paris-agreement/article-6/article-64-pacm/accreditation | https://verra.org/validation-verification/,CDM (Clean Development Mechanism) Designated Operational Entity accreditation | Gold Standard Validation and Verification Body accreditation | Verra VVB (Verification and Validation Body) accreditation | NABCB (National Accreditation Board for Certification Bodies) accreditation,"TUV SUD South Asia Pvt. Ltd is a carbon/GHG verification body, based in Pune, India, established in 1995. Appears in 6 official registries: cdm-all-does, cdm-doe, gold-standard, nabcb, un-pacm, verra-vvb. Sectors: energy, forestry/AFOLU, agriculture, CDM projects, product carbon footprint. Serves: India, South Asia, Developing countries (CDM scope).",1.0,high,
58,TÜV SÜD,firm,https://tuvsud.com/es-mx,1866,Germany,,Germany; Europe; Global,emissions trading verification; carbon credits validation; product carbon footprint; GHG inventory verification,carb-lcfs; cercarbono; ecoregistry; epditaly,CARB LCFS; Cercarbono Circular Economy Programme; EPDItaly,https://cercarbono.com/validation-and-verification/ | https://www.cercarbono.com/validation-and-verification/ | https://www.epditaly.it/en/verification/ | https://www.tuvsud.com/en-us/services/auditing-and-system-certification/ghg-validation-and-verification/low-carbon-fuel-standard,"TüV SÜD founded 1866 as inspection organization for steam boilers | EU ETS verification services begun 2005, largest Verification Body in Germany with >15% market share | ISO 14065 accredited for GHG verification and validation | Listed on multiple carbon registries: CARB-LCFS, Cercarbono, EcoRegistry, EPDItaly","TÜV SÜD is a carbon/GHG verification body, based in Germany, established in 1866. Appears in 4 official registries: carb-lcfs, cercarbono, ecoregistry, epditaly. Sectors: emissions trading verification, carbon credits validation, product carbon footprint, GHG inventory verification. Serves: Germany, Europe, Global.",1.0,high,
59,VERIFIT LTDA,firm,https://verifit.com.br,2007,Brazil,"Barueri, SP",Brazil; Colombia; Latin America; 20+ countries globally,GHG projects; corporate GHG inventories; product carbon footprint; renewable energy,cercarbono; ecoregistry; ers-standard; icr; isometric; un-pacm; verra-vvb,Article 6.4 (PACM); Cercarbono Carbon Programme; ERS; ICR,http://www.eq-earth.com/vvb | https://cercarbono.com/validation-and-verification/ | https://isometric.com/governance-policies | https://unfccc.int/process-and-meetings/the-paris-agreement/article-6/article-64-pacm/accreditation,"Established October 22, 2007 (18+ years in operation) | 800+ independent carbon project assessments completed | Multiple accreditations: VCS/Verra, Climate Action Reserve (CAR), Cercarbono, BioCarbon, Gold Standard | Listed across 7 carbon registries (cercarbono, ecoregistry, ers-standard, icr, isometric, un-pacm, verra-vvb)","VERIFIT LTDA is a carbon/GHG verification body, based in Barueri, SP, Brazil, established in 2007. Appears in 7 official registries: cercarbono, ecoregistry, ers-standard, icr, isometric, un-pacm. Sectors: GHG projects, corporate GHG inventories, product carbon footprint, renewable energy. Serves: Brazil, Colombia, Latin America, 20+ countries globally.",1.0,high,
60,VKU Certification,firm,https://vkucertification.com,2020,India,Indore,Global; India,energy; manufacturing; construction; transport; waste; afforestation/reforestation; agriculture,cercarbono; ecoregistry; gold-standard; verra-vvb,Cercarbono Carbon Programme; Gold Standard,https://cercarbono.com/validation-and-verification/ | https://verra.org/validation-verification/ | https://web.archive.org/web/20250916231729/https://globalgoals.goldstandard.org/verification-validation-bodies/ | https://www.cercarbono.com/validation-and-verification/,"ANAB accreditation for carbon registries (Verra VCS, Gold Standard, CERCARBONO, ICR, CR-I, UCR) | 150+ GHG projects completed | Accredited by multiple registries: Verra VCS, Gold Standard, CERCARBONO, Ecoregistry | Operations across 30+ potential clients","VKU Certification is a carbon/GHG verification body, based in Indore, India, established in 2020. Appears in 4 official registries: cercarbono, ecoregistry, gold-standard, verra-vvb. Sectors: energy, manufacturing, construction, transport, waste, afforestation/reforestation. Serves: Global, India.",1.0,high,
61,Ampere For Renewable Energy,firm,,2017,Jordan,Amman,Egypt; India; MENA region; 22+ countries,Renewable energy; Carbon verification and validation,cdm-all-does; cdm-doe; gold-standard; un-pacm; verra-vvb,Article 6.4 (PACM); Gold Standard; UNFCCC CDM,https://cdm.unfccc.int/DOE/list/index.html | https://unfccc.int/process-and-meetings/the-paris-agreement/article-6/article-64-pacm/accreditation | https://verra.org/validation-verification/ | https://web.archive.org/web/20250916231729/https://globalgoals.goldstandard.org/verification-validation-bodies/,CDM DOE (Designated Operational Entity) - VVB ID 074 | Accredited under Verra/VCS (Verified Carbon Standard) | Listed on UNFCCC CDM registry | Listed on Verra validation/verification registry,"Ampere For Renewable Energy is a carbon/GHG verification body, based in Amman, Jordan, established in 2017. Appears in 5 official registries: cdm-all-does, cdm-doe, gold-standard, un-pacm, verra-vvb. Sectors: Renewable energy, Carbon verification and validation. Serves: Egypt, India, MENA region, 22+ countries.",0.95,high,
62,CSQA Certificazioni,firm,csqa.it,1989,Italy,Thiene,Europe,product carbon footprint/EPD; forestry/AFOLU; agriculture,accredia; epd-intl; iscc,Accredia / EU ETS,https://services.accredia.it/ppsearch/accredia_orgmask.jsp?ID_LINK=1733&area=310&PPSEARCH_ORG_SEARCH_MASK_ORG=0010 | https://www.environdec.com/resources/verifiers/certification-bodies | https://www.iscc-system.org/certification/certification-bodies/,Operating 35+ years (founded ~1989) | Accredia accredited (Italian national accreditation body) | EPD International program operator listed | ISCC accredited,"CSQA Certificazioni is a carbon/GHG verification body, based in Thiene, Italy, established in 1989. Appears in 3 official registries: accredia, epd-intl, iscc. Sectors: product carbon footprint/EPD, forestry/AFOLU, agriculture. Serves: Europe.",0.95,high,
63,"Deloitte Tohmatsu Sustainability Co., Ltd.",firm,,1968,Japan,,Japan; Asia,CDM; GHG verification; ISO 14064,cdm-all-does; cdm-doe; jcredit,J-Credit; UNFCCC CDM,https://cdm.unfccc.int/DOE/list/index.html | https://reccessary.com/en/reccpedia/carbon-trading/the-j-credit-scheme-in-japan,Designated Operational Entity (DOE) for CDM (E-0006) | CDM Executive Board accreditation for multiple sectoral scopes | Recognized as JVETS (Japan's Voluntary Emissions Trading Scheme) third-party verifier | Extensive CDM validation/verification projects across Asian countries,"Deloitte Tohmatsu Sustainability Co., Ltd. is a carbon/GHG verification body, based in Japan, established in 1968. Appears in 3 official registries: cdm-all-does, cdm-doe, jcredit. Sectors: CDM, GHG verification, ISO 14064. Serves: Japan, Asia.",0.95,high,
64,ERM Certification and Verification Services Limited,firm,,1996,United Kingdom,London,United Kingdom; United States; Global,GHG verification; voluntary carbon markets; mandatory carbon reporting; CDM projects,carb-mrr; cdm-all-does; cdm-doe; verra-vvb,MRR Verification (H-24-106); UNFCCC CDM,https://cdm.unfccc.int/DOE/list/index.html | https://verra.org/validation-verification/ | https://ww2.arb.ca.gov/mrr-vb,CARB accredited verification body (California) | CDM Designated Operational Entity (DOE) E-0016 | Verra Validation and Verification Body VVB ID 022 | ANSI ANAB accredited,"ERM Certification and Verification Services Limited is a carbon/GHG verification body, based in London, United Kingdom, established in 1996. Appears in 4 official registries: carb-mrr, cdm-all-does, cdm-doe, verra-vvb. Sectors: GHG verification, voluntary carbon markets, mandatory carbon reporting, CDM projects. Serves: United Kingdom, United States, Global.",0.95,high,
65,"First Environment, Inc.",firm,firstenvironment.com,1987,United States,"Butler, New Jersey",United States,carbon accounting; greenhouse gas verification; environmental management systems,acr; anab; car; carb-lcfs; carb-mrr; tcr,ACR; ANAB ISO 14065; CARB LCFS; Climate Action Reserve; MRR Verification (H-25-005); The Climate Registry,https://acrcarbon.org/wp-content/uploads/2026/05/ACR-Approved-Validation-Verification-Bodies-20260714.pdf | https://climateactionreserve.org/how/verification/connect-with-a-verification-body/ | https://theclimateregistry.org/wp-content/uploads/2025/08/TCR-Recognized-Verification-Bodies_Aug-2025.pdf | https://ww2.arb.ca.gov/mrr-vb,"Established 1987 (39 years in operation) | Veteran-owned business certification | GSA Schedule certified | Listed across 6 major registries (ACR, ANAB, CAR, CARB-LCFS, CARB-MRR, TCR)","First Environment, Inc. is a carbon/GHG verification body, based in Butler, New Jersey, USA, established in 1987. Appears in 6 official registries: acr, anab, car, carb-lcfs, carb-mrr, tcr. Sectors: carbon accounting, greenhouse gas verification, environmental management systems. Serves: USA.",0.95,high,
66,Korea Testing & Research Institute,firm,,1969,South Korea,,South Korea; Global,CDM project verification; product carbon footprint; CORSIA; testing and certification,cdm-all-does; cdm-doe; corsia,CORSIA; UNFCCC CDM,https://cdm.unfccc.int/DOE/list/index.html | https://www.icao.int/sites/default/files/environmental-protection/CORSIA/Documents/CORSIA%20Central%20Registry/CCR-Info-Data-Transparency_PartI_13ed_web.pdf,Designated Operational Entity (DOE) for CDM | CORSIA-eligible verifier | KOLAS-accredited carbon footprint verification body (since January 2023) | Founded 1969 as Korea Rubber Products Testing and Inspection Institute,"Korea Testing & Research Institute is a carbon/GHG verification body, based in South Korea, established in 1969. Appears in 3 official registries: cdm-all-does, cdm-doe, corsia. Sectors: CDM project verification, product carbon footprint, CORSIA, testing and certification. Serves: South Korea, Global.",0.95,high,
67,"LGAI Technological Center, S.A.",firm,,1907,Spain,"Barcelona (Campus UAB, Bellaterra)",Global,energy; manufacturing; forestry/AFOLU; other CDM sectors,cdm-all-does; cdm-doe; enac; verra-vvb,EU ETS 2; UNFCCC CDM,https://cdm.unfccc.int/DOE/list/index.html | https://verra.org/validation-verification/ | https://www.enac.es/actualidad/acreditaciones-eu-ets-2,Founded 1907; 117+ years in operation | CDM Designated Operational Entity (DOE) under UNFCCC | Verra VVB (Validation & Verification Body) | Gold Standard accreditation,"LGAI Technological Center, S.A. is a carbon/GHG verification body, based in Barcelona (Campus UAB, Bellaterra), Spain, established in 1907. Appears in 4 official registries: cdm-all-does, cdm-doe, enac, verra-vvb. Sectors: energy, manufacturing, forestry/AFOLU, other CDM sectors. Serves: Global.",0.95,high,
68,Lloyd's Register Quality Assurance Limited,firm,,1985,United Kingdom,London,Global,energy; manufacturing; oil & gas; utilities; food & beverage; transportation; aviation; GHG verification,cdm-all-does; cdm-doe; singapore-sac-nea,NEA Carbon Pricing Act external auditor; UNFCCC CDM,https://cdm.unfccc.int/DOE/list/index.html | https://www.nea.gov.sg/docs/default-source/default-document-library/accredited-external-auditor-under-the-carbon-pricing-actb86d4b075bfe4aa986cad1d9c25f9cf3.pdf,ISO 14064-3 and ISO 14065 accredited by ANSI and UKAS | Verified emissions for airlines under EU ETS | Global network of regional offices and expertise | Major client base across industries,"Lloyd's Register Quality Assurance Limited is a carbon/GHG verification body, based in London, United Kingdom, established in 1985. Appears in 3 official registries: cdm-all-does, cdm-doe, singapore-sac-nea. Sectors: energy, manufacturing, oil & gas, utilities, food & beverage, transportation. Serves: Global.",0.95,high,
69,TÜV Rheinland,firm,,1872,Germany,Cologne,Global,energy; forestry/AFOLU; waste; transport; manufacturing; mining; agriculture; CCS/CDR; product carbon footprint/EPD,cdm-all-does; cdm-doe; icr,ICR; UNFCCC CDM,https://cdm.unfccc.int/DOE/list/index.html | https://www.carbonregistry.com/blog/t-ue-v-rheinland-joins-icr-s-vvb-network-to-enhance-trust-and-transparency-in-carbon-markets,"150+ years in operation (founded 1872) | 25,900 employees globally (2024) | €2.71 billion revenue (2024) | CDM, Gold Standard, and Verified Carbon Standard (VCS) accreditation","TÜV Rheinland is a carbon/GHG verification body, based in Cologne, Germany, established in 1872. Appears in 3 official registries: cdm-all-does, cdm-doe, icr. Sectors: energy, forestry/AFOLU, waste, transport, manufacturing, mining. Serves: Global.",0.95,high,
70,Ampere,firm,www.ampereco.com,2017,Jordan,Amman,MENA region; 22+ countries; Global,Renewable energy; Carbon verification and validation,icr; isometric,ICR,https://isometric.com/governance-policies | https://www.carbonregistry.com/blog/VVB-spotlight-ampere,UN-accredited verification entity (2 accreditations) | 250+ projects verified globally | Team with 20+ years expertise in carbon validation/verification | Only UN-accredited entity in MENA region for carbon auditing,"Ampere is a carbon/GHG verification body, based in Amman, Jordan, established in 2017. Appears in 2 official registries: icr, isometric. Sectors: Renewable energy, Carbon verification and validation. Serves: MENA region, 22+ countries, Global.",0.9,high,
71,Ashworth Leininger Group,firm,www.algcorp.com,2000,United States,,California; Oregon; Washington,greenhouse gas emissions; carbon verification; LCFS (Low Carbon Fuel Standard); MRR (Mandatory Reporting),carb-lcfs; carb-mrr,CARB LCFS; MRR Verification (H-25-001),https://ww2.arb.ca.gov/mrr-vb | https://ww2.arb.ca.gov/sites/default/files/2026-05/List%20of%20LCFS%20Verification%20Bodies%20as%20of%202026_04_23.xlsx,CARB (California Air Resources Board) accredited verification body since AB32 inception | Over 500 GHG verifications performed | Serves 200+ facilities/entities | Seven ARB-accredited lead verifiers covering all sectors in California,"Ashworth Leininger Group is a carbon/GHG verification body, based in United States, established in 2000. Appears in 2 official registries: carb-lcfs, carb-mrr. Sectors: greenhouse gas emissions, carbon verification, LCFS (Low Carbon Fuel Standard), MRR (Mandatory Reporting). Serves: California, Oregon, Washington.",0.9,high,
72,Asociación de Normalización y Certificación,firm,ance.org.mx,1992,Mexico,Mexico City,Mexico,greenhouse gas verification; carbon offsetting; sustainability reporting; environmental management; product certification; renewable energy certification,anab; car,ANAB ISO 14065; Climate Action Reserve,https://climateactionreserve.org/how/verification/connect-with-a-verification-body/,Founded 1992 (34+ years in operation) | Accredited by Mexican accreditation entity (EMA) | Approved by Federal Attorney for Environmental Protection (PROFEPA) | First organism in Mexico accredited for GHG declarations and CORSIA verification,"Asociación de Normalización y Certificación is a carbon/GHG verification body, based in Mexico City, Mexico, established in 1992. Appears in 2 official registries: anab, car. Sectors: greenhouse gas verification, carbon offsetting, sustainability reporting, environmental management, product certification, renewable energy certification. Serves: Mexico.",0.9,high,
73,Baltic Control Certification A/S,firm,bccertification.dk,1980,Denmark,Albertslund,Denmark; Poland; India; Nigeria; Global,GHG verification (ISO 14064-3); Renewable energy and biomass certification; ISCC certification; REDcert certification; Animal welfare; Food and aquaculture,iscc; redcert,REDcert,https://www.iscc-system.org/certification/certification-bodies/ | https://www.redcert.org/en-us/certification/approved-certification-bodies/,"ISCC and REDcert certifications | Operated for 45+ years (founded December 1, 1980) | Multiple international offices | Part of Apave Group (acquired February 2023)","Baltic Control Certification A/S is a carbon/GHG verification body, based in Albertslund, Denmark, established in 1980. Appears in 2 official registries: iscc, redcert. Sectors: GHG verification (ISO 14064-3), Renewable energy and biomass certification, ISCC certification, REDcert certification, Animal welfare, Food and aquaculture. Serves: Denmark, Poland, India, Nigeria.",0.9,high,
74,BM Certification,firm,https://bmcertification.com/,2006,United Kingdom,Warwick,Global,energy; waste; forestry/AFOLU; agriculture; product carbon footprint/EPD,gold-standard; verra-vvb,Gold Standard,https://verra.org/validation-verification/ | https://web.archive.org/web/20250916231729/https://globalgoals.goldstandard.org/verification-validation-bodies/,Approved Validation and Verification Body (VVB) for Gold Standard | Approved VVB for Verra Verified Carbon Standard | Operates in 30+ countries | 20+ years in operation,"BM Certification is a carbon/GHG verification body, based in Warwick, United Kingdom, established in 2006. Appears in 2 official registries: gold-standard, verra-vvb. Sectors: energy, waste, forestry/AFOLU, agriculture, product carbon footprint/EPD. Serves: Global.",0.9,high,
75,BMNS,firm,https://bmnsspl.com/,2019,India,Gurgaon,Global,energy; manufacturing; waste; forestry/AFOLU; agriculture; CCS/CDR,cercarbono; ecoregistry,Cercarbono Carbon Programme,https://cercarbono.com/validation-and-verification/ | https://www.cercarbono.com/validation-and-verification/,"GCC (Global Carbon Council) approved verifier (effective March 3, 2025) | Accredited under ISO 14064-1 and ISO 14064-2 | Verra-accredited validation and verification provider | NABCB (National Accreditation Board for Certification Bodies) approval in progress","BMNS is a carbon/GHG verification body, based in Gurgaon, India, established in 2019. Appears in 2 official registries: cercarbono, ecoregistry. Sectors: energy, manufacturing, waste, forestry/AFOLU, agriculture, CCS/CDR. Serves: Global.",0.9,high,
76,British Standards Institution,firm,https://www.bsigroup.com,1901,United Kingdom,London,Global,energy; waste; manufacturing; product carbon footprint; carbon footprint verification; environmental management,cdm-all-does; cdm-doe,UNFCCC CDM,https://cdm.unfccc.int/DOE/list/index.html,125+ years in operation (founded 1901) | Operates in 195 countries | Develops ISO 14064-3 standards for GHG verification | Accredited verifier for ISO 14064-1 Carbon Footprint Verification,"British Standards Institution is a carbon/GHG verification body, based in London, United Kingdom, established in 1901. Appears in 2 official registries: cdm-all-does, cdm-doe. Sectors: energy, waste, manufacturing, product carbon footprint, carbon footprint verification, environmental management. Serves: Global.",0.9,high,
77,Carbon Check,firm,https://carboncheck.co.in,,India,Noida,Global,renewable energy; oil and gas; power; transport; agriculture; forestry; mining; telecom; banking; livestock; chemicals,cdm-all-does; cdm-doe; cercarbono; ecoregistry; ers-standard; gcc; gold-standard; isometric; plan-vivo; socialcarbon; un-pacm; verra-vvb,Article 6.4 (PACM); Cercarbono Carbon Programme; ERS; Global Carbon Council; Gold Standard; UNFCCC CDM,http://www.eq-earth.com/vvb | https://cdm.unfccc.int/DOE/list/index.html | https://cercarbono.com/validation-and-verification/ | https://globalcarboncouncil.com/carbon-check-india-re-approved-as-gcc-verifier-for-extended-term/,"First worldwide Designated Operational Entity (DOE) under Article 6.4 of the Paris Agreement | 2,000+ GHG & sustainability projects verified across 100+ countries on 6 continents | Validation and Verification Body (VVB) for CDM and other international standards | Listed on 12 registries: cdm-all-does, cdm-doe, cercarbono, ecoregistry, ers-standard, gcc, gold-standard, isometric, plan-vivo, socialcarbon, un-pacm, verra-vvb","Carbon Check is a carbon/GHG verification body, based in Noida, India. Appears in 12 official registries: cdm-all-does, cdm-doe, cercarbono, ecoregistry, ers-standard, gcc. Sectors: renewable energy, oil and gas, power, transport, agriculture, forestry. Serves: Global.",0.9,high,
78,CEPREI Certification Body,firm,https://www.ceprei.org/en/,,China,,China; Global,Energy; Manufacturing; Chemical industry; Metal production; Waste,cdm-all-does; cdm-doe; cnas; gold-standard,CNAS ISO 14065; Gold Standard; UNFCCC CDM,https://cdm.unfccc.int/DOE/list/index.html | https://web.archive.org/web/20250916231729/https://globalgoals.goldstandard.org/verification-validation-bodies/ | https://www.cnas.org.cn/ChinaNationalAccreditationServiceforConformityAssessment/FindanAccreditedBody/GHG/art/2024/art_e3b23c370b824d10be5a62f97f94171a.html,NDRC-approved verification agency | UNFCCC CDM VVB | CNAS accredited | Gold Standard approved,"CEPREI Certification Body is a carbon/GHG verification body, based in China. Appears in 4 official registries: cdm-all-does, cdm-doe, cnas, gold-standard. Sectors: Energy, Manufacturing, Chemical industry, Metal production, Waste. Serves: China, Global.",0.9,high,
79,Certiquality S.r.l.,firm,https://www.certiquality.it/en,1989,Italy,Milan,Italy; EU; Global,Product carbon footprint; EPD; ISCC; Sustainability certification,epd-intl; iscc,,https://www.environdec.com/resources/verifiers/certification-bodies | https://www.iscc-system.org/certification/certification-bodies/,Founded 1989 by Federchimica and Assolombarda | Accredia accredited for EPD | First in Italy accredited for environmental certification (1996) | ISCC-approved body,"Certiquality S.r.l. is a carbon/GHG verification body, based in Milan, Italy, established in 1989. Appears in 2 official registries: epd-intl, iscc. Sectors: Product carbon footprint, EPD, ISCC, Sustainability certification. Serves: Italy, EU, Global.",0.9,high,
80,Christianson PLLP,firm,www.christiansoncpa.com,1987,United States,Willmar,United States; California,low carbon fuel; LCFS/MRR compliance; renewable fuels,carb-lcfs; carb-mrr,CARB LCFS; MRR Verification (H-24-001),https://ww2.arb.ca.gov/mrr-vb | https://ww2.arb.ca.gov/sites/default/files/2026-05/List%20of%20LCFS%20Verification%20Bodies%20as%20of%202026_04_23.xlsx,Founded 1987; 39 years in operation | Among first nationally accredited CARB LCFS verifiers | Only 4 of ~30 CARB-approved verifiers are licensed CPA firms; Christianson is one | Provides both LCFS pathway validation and annual reporting verification,"Christianson PLLP is a carbon/GHG verification body, based in Willmar, USA, established in 1987. Appears in 2 official registries: carb-lcfs, carb-mrr. Sectors: low carbon fuel, LCFS/MRR compliance, renewable fuels. Serves: USA, California.",0.9,high,
81,Control Union Services S.A.C,firm,peru.controlunion.com,2002,Peru,Multiple locations,Global,energy; forestry/AFOLU; agriculture; waste; manufacturing; product carbon footprint/EPD,anab; car,ANAB ISO 14065; Climate Action Reserve,https://climateactionreserve.org/how/verification/connect-with-a-verification-body/,ISO 14064-3 accredited (GHG verification) | ISO 14065 accredited Validation and Verification Body (VVB) | Verra VCS accredited | 274+ offices and laboratories worldwide,"Control Union Services S.A.C is a carbon/GHG verification body, based in Multiple locations, Peru, established in 2002. Appears in 2 official registries: anab, car. Sectors: energy, forestry/AFOLU, agriculture, waste, manufacturing, product carbon footprint/EPD. Serves: Global.",0.9,high,
82,"CTI Certification CO., LTD.",firm,cti-cert.com,,China,Shenzhen,China; Taiwan,energy; product carbon footprint/EPD,cdm-all-does; cdm-doe; cnas; gcc; gold-standard; iscc; un-pacm; verra-vvb,Article 6.4 (PACM); CNAS ISO 14065; Global Carbon Council; Gold Standard; UNFCCC CDM,https://cdm.unfccc.int/DOE/list/index.html | https://globalcarboncouncil.com/for-stakeholders/verifiers/ | https://unfccc.int/process-and-meetings/the-paris-agreement/paris-agreement-crediting-mechanism/a64-accreditation/cti-certification | https://verra.org/validation-verification/,ISO 14067 carbon footprint verification approved | ISO 14064 accredited | CNAS accredited (China National Accreditation Service) | CNCA approved (Certification and Accreditation Administration of China),"CTI Certification CO., LTD. is a carbon/GHG verification body, based in Shenzhen, China. Appears in 8 official registries: cdm-all-does, cdm-doe, cnas, gcc, gold-standard, iscc. Sectors: energy, product carbon footprint/EPD. Serves: China, Taiwan.",0.9,high,
83,"Davenport Engineering, Inc.",firm,www.davenport-co.com,1997,United States,"Torrance, California; League City, Texas",United States,energy; biofuels; manufacturing; GHG verification,carb-lcfs; carb-mrr,CARB LCFS; MRR Verification (H-25-004),https://ww2.arb.ca.gov/mrr-vb | https://ww2.arb.ca.gov/sites/default/files/2026-05/List%20of%20LCFS%20Verification%20Bodies%20as%20of%202026_04_23.xlsx,"CARB-accredited Verification Body under AB 32 Mandatory Reporting Rule since 2010 | Licensed to verify facilities across all industries in California | Serves multiple clients across manufacturing, industrial, and energy sectors | Full CARB accreditations for GHG verification under both MRR and LCFS programs","Davenport Engineering, Inc. is a carbon/GHG verification body, based in Torrance, California; League City, Texas, USA, established in 1997. Appears in 2 official registries: carb-lcfs, carb-mrr. Sectors: energy, biofuels, manufacturing, GHG verification. Serves: USA.",0.9,high,
84,DIN CERTCO,firm,dincertco.de,1972,Germany,Berlin,Global,Product Carbon Footprint (PCF); Environmental certifications; Construction products; HVAC systems; Textiles; Packaging; Biodegradable materials; Sustainable biomass,iscc; redcert,REDcert,https://www.iscc-system.org/certification/certification-bodies/ | https://www.redcert.org/en-us/certification/approved-certification-bodies/,"Founded 1972 by DIN Deutsches Institut für Normung e.V. | Member of TÜV Rheinland Group, sole shareholder since 2019 | Global operations across 50+ countries (Europe, Asia, Africa, Middle East, Americas) | Specializes in Product Carbon Footprint and conformity assessment","DIN CERTCO is a carbon/GHG verification body, based in Berlin, Germany, established in 1972. Appears in 2 official registries: iscc, redcert. Sectors: Product Carbon Footprint (PCF), Environmental certifications, Construction products, HVAC systems, Textiles, Packaging. Serves: Global.",0.9,high,
85,DNV Business Assurance B.V.,firm,http://www.dnv.nl,1864,Netherlands,Barendrecht,Netherlands; Belgium,management systems certification; carbon/GHG verification; product certification,belac; rva,BELAC / EU ETS; EU ETS,https://economie.fgov.be/en/themes/quality-and-safety/accreditation-belac/accredited-bodies/validation-and-verification | https://www.rva.nl/en/organisaties/dnv-business-assurance-b-v/,"Accredited by RVA (Raad voor Accreditatie) with accreditation number C024 | Headquarters at Zwolseweg 1, 2994 LB Barendrecht | 150+ years experience as part of DNV group | Listed on RVA and IAF databases as certification body","DNV Business Assurance B.V. is a carbon/GHG verification body, based in Barendrecht, Netherlands, established in 1864. Appears in 2 official registries: belac, rva. Sectors: management systems certification, carbon/GHG verification, product certification. Serves: Netherlands, Belgium.",0.9,high,
86,DNV Business Assurance India Pvt Ltd.,firm,https://www.dnv.in/assurance/,1864,India,Mumbai,India,carbon credit validation/verification; GHG emissions; voluntary carbon markets,nabcb; verra-vvb,NABCB ISO 14065 GHG Verification,https://nabcb.qci.org.in/validation-and-verification-bodies/ | https://verra.org/validation-verification/,"Verra VVB accredited (VVB ID: 068) | NABCB accredited for ISO 14065 and ISO 17029 | Headquarters: Equinox Business Park, Tower 3, 3rd floor, Mumbai-400070 | Contact: Anjana Sharma (Anjana.sharma@dnv.com)","DNV Business Assurance India Pvt Ltd. is a carbon/GHG verification body, based in Mumbai, India, established in 1864. Appears in 2 official registries: nabcb, verra-vvb. Sectors: carbon credit validation/verification, GHG emissions, voluntary carbon markets. Serves: India.",0.9,high,
87,DNV Business Assurance UK Limited,firm,http://www.dnv.co.uk,1864,United Kingdom,London,United Kingdom,GHG emissions verification; product carbon footprint/EPD; carbon neutrality,ukas; ukas-full,UKAS; UKAS / UK ETS,https://www.ukas.com/download-schedule/0013/Verification/ | https://www.ukas.com/find-an-organisation/browse-by-category/?type=283,"UKAS accredited (accreditation 0013) | UKAS accreditation last issued 26 March 2026 | Headquarters: 30 Stamford Street, Vivo Building, London, SE1 9LQ | Multiple UKAS schedule approvals (Management Systems, Product Certification, Verification)","DNV Business Assurance UK Limited is a carbon/GHG verification body, based in London, United Kingdom, established in 1864. Appears in 2 official registries: ukas, ukas-full. Sectors: GHG emissions verification, product carbon footprint/EPD, carbon neutrality. Serves: United Kingdom.",0.9,high,
88,DQS CFS GmbH,firm,dqs.de,1985,Germany,Frankfurt am Main,Germany; EU; Global,ISCC sustainable biomass certification; REDCERT sustainable biomass certification; GHG emissions verification; biofuel supply chain certification; carbon footprint certification,iscc; redcert,REDcert,https://www.iscc-system.org/certification/certification-bodies/ | https://www.redcert.org/en-us/certification/approved-certification-bodies/,"Parent DQS founded February 1, 1985 | Approved ISCC certification body partner | REDCERT certification body with GHG calculation expertise | Conducts audits verifying GHG emissions throughout production chains","DQS CFS GmbH is a carbon/GHG verification body, based in Frankfurt am Main, Germany, established in 1985. Appears in 2 official registries: iscc, redcert. Sectors: ISCC sustainable biomass certification, REDCERT sustainable biomass certification, GHG emissions verification, biofuel supply chain certification, carbon footprint certification. Serves: Germany, EU, Global.",0.9,high,
89,Eco-Lance,firm,https://eco-lance.com,2021,India,Thane,Global,GHG verification; validation and verification; climate change mitigation projects; GHG inventories; carbon certification,cercarbono; ecoregistry,Cercarbono Carbon Programme,https://cercarbono.com/validation-and-verification/ | https://www.cercarbono.com/validation-and-verification/,"Founded October 20, 2021 as ECOLANCE PRIVATE LIMITED (EPL) | Verra VVB accredited (ID 062) | Gold Standard accredited | Global Carbon Council (GCC) verified (16th verifier)","Eco-Lance is a carbon/GHG verification body, based in Thane, India, established in 2021. Appears in 2 official registries: cercarbono, ecoregistry. Sectors: GHG verification, validation and verification, climate change mitigation projects, GHG inventories, carbon certification. Serves: Global.",0.9,high,
90,ENVIANCE,firm,https://enviance.in,,India,,Global; India,renewable energy; forestry/AFOLU; agriculture; biodiversity; GHG verification,cercarbono; ecoregistry; ers-standard; isometric; plan-vivo,Cercarbono Carbon Programme; ERS,http://www.eq-earth.com/vvb | https://cercarbono.com/validation-and-verification/ | https://isometric.com/governance-policies | https://www.cercarbono.com/validation-and-verification/,"ISO 14065:2020 accreditation from Global Accreditation Bureau (GAB) | Recognition by 20+ international GHG standards | Listed in multiple carbon registries (cercarbono, ecoregistry, ers-standard, isometric, plan-vivo) | 10+ GW of renewable energy projects verified","ENVIANCE is a carbon/GHG verification body, based in India. Appears in 5 official registries: cercarbono, ecoregistry, ers-standard, isometric, plan-vivo. Sectors: renewable energy, forestry/AFOLU, agriculture, biodiversity, GHG verification. Serves: Global, India.",0.9,high,
91,"GHD Services, Inc.",firm,https://www.ghd.com,,Canada,Waterloo,Canada; United States,GHG emissions verification; LCFS; MRR; energy,anab; car; carb-lcfs; carb-mrr,ANAB ISO 14065; CARB LCFS; Climate Action Reserve; MRR Verification (H-25-006),https://climateactionreserve.org/how/verification/connect-with-a-verification-body/ | https://ww2.arb.ca.gov/mrr-vb | https://ww2.arb.ca.gov/sites/default/files/2026-05/List%20of%20LCFS%20Verification%20Bodies%20as%20of%202026_04_23.xlsx,CARB-accredited verifier for Low Carbon Fuel Standard (LCFS) and Mandatory Reporting (MRR) verification | ISO 14065 accredited by ANAB | Operates under Canadian Clean Fuel Regulations | One of first Canadian companies to receive ISO 14065 accreditation,"GHD Services, Inc. is a carbon/GHG verification body, based in Waterloo, Canada. Appears in 4 official registries: anab, car, carb-lcfs, carb-mrr. Sectors: GHG emissions verification, LCFS, MRR, energy. Serves: Canada, United States.",0.9,high,
92,GUT Certifizierungsgesellschaft für Managementsysteme mbH Umweltgutachter,firm,www.gut-cert.de,1997,Germany,Berlin,Germany; Europe,carbon footprint verification; GHG emissions trading; climate neutrality; environmental management; EMAS,dakks; sure-eu,DAkkS ISO 17029 Verification Body; SURE-EU,https://sure-system.org/fileadmin/user_upload/SURE/Dokumente/Zertstellen/20260626_Addresses_of_all_Certification_Bodies.pdf | https://www.dakks.de/en/accredited-bodies-search.html,Founded 1997 (29 years in operation) | DAkkS accreditation for corporate carbon footprint (ISO 14064-3) since 2013 | DAkkS accreditation for product carbon footprint since 2024 | SURE-EU accredited,"GUT Certifizierungsgesellschaft für Managementsysteme mbH Umweltgutachter is a carbon/GHG verification body, based in Berlin, Germany, established in 1997. Appears in 2 official registries: dakks, sure-eu. Sectors: carbon footprint verification, GHG emissions trading, climate neutrality, environmental management, EMAS. Serves: Germany, Europe.",0.9,high,
93,ICMQ,firm,https://www.icmq.it/en/,1988,Italy,Milan,Italy; Europe,EPD verification; building products; construction; product carbon footprint; management systems; sustainability,epd-intl; epditaly,EPDItaly,https://www.environdec.com/resources/verifiers/certification-bodies | https://www.epditaly.it/en/verification/,Founded 1988 | Accredited by Accredia (Italian accreditation body) | Approximately 30 headquarters staff in Milan | 60+ qualified inspectors operating nationwide,"ICMQ is a carbon/GHG verification body, based in Milan, Italy, established in 1988. Appears in 2 official registries: epd-intl, epditaly. Sectors: EPD verification, building products, construction, product carbon footprint, management systems, sustainability. Serves: Italy, Europe.",0.9,high,
94,ISOQAR Limited,firm,https://isoqar.com,1993,United Kingdom,,United Kingdom; India; Africa; Pakistan; Qatar; Global,energy; manufacturing,iscc; ukas,UKAS / UK ETS,https://www.iscc-system.org/certification/certification-bodies/ | https://www.ukas.com/find-an-organisation/browse-by-category/?type=283,UKAS accredited since 1993 | ISCC certification body (International Sustainability & Carbon Certification) | 30+ years operating experience | ISO 14064 GHG verification services,"ISOQAR Limited is a carbon/GHG verification body, based in United Kingdom, established in 1993. Appears in 2 official registries: iscc, ukas. Sectors: energy, manufacturing. Serves: United Kingdom, India, Africa, Pakistan.",0.9,high,
95,KeeWee Solutions Inc.,firm,https://www.keewee.ca,2017,Canada,Calgary,Canada; United States,CORSIA (aviation); GHG verification; Greenhouse gas reporting and quantification,corsia; scc,CORSIA; SCC Greenhouse Gas (ISO 14065),https://scc-ccn.ca/search/accredited-organizations?f%5B0%5D=program%3A481 | https://www.icao.int/sites/default/files/environmental-protection/CORSIA/Documents/CORSIA%20Central%20Registry/CCR-Info-Data-Transparency_PartI_13ed_web.pdf,Founded 2017 | Accredited ISO 14064-3 | Accredited ISO 14065 | ICAO CORSIA Central Registry accreditation,"KeeWee Solutions Inc. is a carbon/GHG verification body, based in Calgary, Canada, established in 2017. Appears in 2 official registries: corsia, scc. Sectors: CORSIA (aviation), GHG verification, Greenhouse gas reporting and quantification. Serves: Canada, United States.",0.9,high,
96,"Lincus, Inc.",firm,https://lincusenergy.com/,2003,United States,"Tempe, Arizona","USA (California, Washington, Oregon)",energy efficiency; fuels; LCFS; GHG emissions reporting,carb-lcfs; carb-mrr,CARB LCFS; MRR Verification (H-25-007),https://lincusenergy.com/services/climate-change/lcfs-verification-services/ | https://ww2.arb.ca.gov/mrr-vb | https://ww2.arb.ca.gov/sites/default/files/2026-05/List%20of%20LCFS%20Verification%20Bodies%20as%20of%202026_04_23.xlsx,"Founded 2003; 21+ years in operation | CARB accredited since 2009 (15+ years of CARB accreditation) | Accredited by all three state regulatory agencies: California, Washington, Oregon | Among oldest CARB-accredited verifiers ('since program inception in 2009')","Lincus, Inc. is a carbon/GHG verification body, based in Tempe, Arizona, USA, established in 2003. Appears in 2 official registries: carb-lcfs, carb-mrr. Sectors: energy efficiency, fuels, LCFS, GHG emissions reporting. Serves: USA (California, Washington, Oregon).",0.9,high,
97,Locus Environmental,firm,www.locusenv.com/services/lcfs-verification/,1997,United States,Santa Clara,United States,low carbon fuel standard; greenhouse gas emissions; clean fuels; carbon accounting,carb-lcfs; carb-mrr,CARB LCFS; MRR Verification (H-25-008),https://ww2.arb.ca.gov/mrr-vb | https://ww2.arb.ca.gov/sites/default/files/2026-05/List%20of%20LCFS%20Verification%20Bodies%20as%20of%202026_04_23.xlsx,"Accredited verification body under California AB32 since 2010 | Verified 850+ GHG reports under California, Oregon, Washington | Accreditation for federal clean fuels tax credits (45Z, 45V) | Accreditation for Oregon Clean Fuels Program, Washington, New Mexico clean transportation fuels","Locus Environmental is a carbon/GHG verification body, based in Santa Clara, USA, established in 1997. Appears in 2 official registries: carb-lcfs, carb-mrr. Sectors: low carbon fuel standard, greenhouse gas emissions, clean fuels, carbon accounting. Serves: USA.",0.9,high,
98,LRQA Limited,firm,http://www.lrqa.com,1985,United Kingdom,London,Global,product carbon footprinting; organizational GHG verification; carbon neutrality; CSRD verification; CDP reporting; CBAM support,ukas; ukas-full,UKAS; UKAS / UK ETS,https://www.ukas.com/download-schedule/0001/Verification/ | https://www.ukas.com/find-an-organisation/browse-by-category/?type=283,"Accredited to ISO 14064 and ISO 14068 | Global network across US, UK, Australia, India, Germany, France, Brazil, China, Japan, and multiple other countries | CSRD and CDP partnership | Serves major industries: food & beverage, energy, consumer goods, transport, financial, technology, construction, healthcare, shipping","LRQA Limited is a carbon/GHG verification body, based in London, United Kingdom, established in 1985. Appears in 2 official registries: ukas, ukas-full. Sectors: product carbon footprinting, organizational GHG verification, carbon neutrality, CSRD verification, CDP reporting, CBAM support. Serves: Global.",0.9,high,
99,Lucideon CICS Limited,firm,http://www.lucideon.com,1948,United Kingdom,Stoke-on-Trent,Global,energy; manufacturing; chemicals; agriculture; waste; transport,ukas; ukas-full,UKAS; UKAS / UK ETS,https://www.ukas.com/download-schedule/0006/Verification/ | https://www.ukas.com/find-an-organisation/browse-by-category/?type=283,"UKAS accredited (registries field confirms) | ISO 17029:2019 and ISO 14065:2020 certified for GHG verification | EU ETS verification provider since scheme inception | Global operations across power, manufacturing, chemicals, food/beverage, ceramics, construction, mining, transport sectors","Lucideon CICS Limited is a carbon/GHG verification body, based in Stoke-on-Trent, United Kingdom, established in 1948. Appears in 2 official registries: ukas, ukas-full. Sectors: energy, manufacturing, chemicals, agriculture, waste, transport. Serves: Global.",0.9,high,
100,MNP,firm,https://www.mnp.ca/,1958,Canada,Calgary,Canada; Global,Energy; Manufacturing; Forestry; Waste; Agriculture; Transport; Government,scc; verra-vvb,SCC Greenhouse Gas (ISO 14065); SCC ISO 14065,https://scc-ccn.ca/search/accredited-organizations?f%5B0%5D=program%3A481 | https://verra.org/validation-verification/ | https://www.mnp.ca/en/services/esg-consulting-services/esg-climate-consulting-services/ghg-verification,"Accredited by Standards Council of Canada (SCC) as GHG Validation and Verification Body | ISO 14065 accreditation valid through July 29, 2027 | Follows ISO 14064-2:2019 standard for GHG verification | Services 6000+ clients including SMEs, large corporations, municipalities, government","MNP is a carbon/GHG verification body, based in Calgary, Canada, established in 1958. Appears in 2 official registries: scc, verra-vvb. Sectors: Energy, Manufacturing, Forestry, Waste, Agriculture, Transport. Serves: Canada, Global.",0.9,high,
101,Omnex Safe Secure Sustain LLC (OmnexFuturepast),firm,www.omnexfuturepast.com,2025,United States,Ann Arbor,United States; Canada; Europe; India,GHG validation/verification; organizational inventories; carbon crediting projects,carb-mrr; gold-standard,Gold Standard; MRR Verification (H-25-028),https://web.archive.org/web/20250916231729/https://globalgoals.goldstandard.org/verification-validation-bodies/ | https://ww2.arb.ca.gov/mrr-vb,ANAB-accredited for greenhouse gas validation/verification | ISO 14064-3:2019 compliant | Parent Omnex established 1985 | Registered with CARB-MRR,"Omnex Safe Secure Sustain LLC (OmnexFuturepast) is a carbon/GHG verification body, based in Ann Arbor, USA, established in 2025. Appears in 2 official registries: carb-mrr, gold-standard. Sectors: GHG validation/verification, organizational inventories, carbon crediting projects. Serves: USA, Canada, Europe, India.",0.9,high,
102,PricewaterhouseCoopers,firm,https://www.pwc.com,1998,United States,New York,Australia; Singapore; Global,GHG emissions assurance; ESG reporting verification; carbon strategy and advisory,aus-cer; singapore-sac-nea,NEA Carbon Pricing Act external auditor; NGER/ACCU,https://cer.gov.au/schemes/audits-our-schemes/find-auditor | https://www.nea.gov.sg/docs/default-source/default-document-library/accredited-external-auditor-under-the-carbon-pricing-actb86d4b075bfe4aa986cad1d9c25f9cf3.pdf,"Big Four professional services firm | Listed as CDM validator/verifier | Multidisciplinary sustainability team with certifications | Helped develop GHG Protocol, TCFD, SASB standards","PricewaterhouseCoopers is a carbon/GHG verification body, based in New York, United States, established in 1998. Appears in 2 official registries: aus-cer, singapore-sac-nea. Sectors: GHG emissions assurance, ESG reporting verification, carbon strategy and advisory. Serves: Australia, Singapore, Global.",0.9,high,
103,PricewaterhouseCoopers - South Africa,firm,https://www.pwc.co.za,1998,South Africa,Johannesburg,South Africa,CDM project verification; GHG emissions verification; climate services,cdm-all-does; cdm-doe,UNFCCC CDM,https://cdm.unfccc.int/DOE/list/index.html,Listed as CDM validator and verifier on UNFCCC registry | Verified PetroSA Biogas to Energy Project | Part of global PwC Big Four network | Active in South African climate and sustainability services,"PricewaterhouseCoopers - South Africa is a carbon/GHG verification body, based in Johannesburg, South Africa, established in 1998. Appears in 2 official registries: cdm-all-does, cdm-doe. Sectors: CDM project verification, GHG emissions verification, climate services. Serves: South Africa.",0.9,high,
104,proTerra Umweltschutz- und Managementberatung GmbH Umweltgutachter,firm,https://www.proterra-umwelt.de,2000,Germany,Sulzbach/Saar,Germany; Europe,emissions trading verification; EPD; biofuel sustainability; waste management; CBAM verification,dakks; sure-eu,DAkkS ISO 17029 Verification Body; SURE-EU,https://sure-system.org/fileadmin/user_upload/SURE/Dokumente/Zertstellen/20260626_Addresses_of_all_Certification_Bodies.pdf | https://www.dakks.de/en/accredited-bodies-search.html,Accredited verification body for emissions trading (since 2014) | CBAM verifier for Germany | DAU and DAKKS accreditations | SURE-EU accreditation for sustainability reporting,"proTerra Umweltschutz- und Managementberatung GmbH Umweltgutachter is a carbon/GHG verification body, based in Sulzbach/Saar, Germany, established in 2000. Appears in 2 official registries: dakks, sure-eu. Sectors: emissions trading verification, EPD, biofuel sustainability, waste management, CBAM verification. Serves: Germany, Europe.",0.9,high,
105,PT Mutuagung Lestari,firm,https://mutucertification.com/,1990,Indonesia,Indonesia,"Indonesia; Asia-Pacific; Global (approximately 6,000 companies served worldwide)",testing; inspection; certification; GHG validation/verification; carbon certification; biofuel sustainability,iscc; kan-id,KAN ISO 14065,https://mutucertification.com/lembaga-validasi-verifikasi-gas-rumah-kaca-2/ | https://www.iscc-system.org/certification/certification-bodies/,"KAN accreditation for GHG validation/verification since 2015 per ISO/IEC 14065:2020 | ISO/IEC 17025 certification for testing and calibration laboratories | Laboratory designations: LP-001-IDN (Testing Lab), LK-009-IDN (Calibration Lab) | CARB approval for formaldehyde emissions certification","PT Mutuagung Lestari is a carbon/GHG verification body, based in Indonesia, Indonesia, established in 1990. Appears in 2 official registries: iscc, kan-id. Sectors: testing, inspection, certification, GHG validation/verification, carbon certification, biofuel sustainability. Serves: Indonesia, Asia-Pacific, Global (approximately 6,000 companies served worldwide).",0.9,high,
106,QAL Umweltgutachter GmbH,firm,qal-umwelt.de,2009,Germany,Vierkirchen,Germany; Europe,sustainable biomass; renewable energy; agriculture; sustainability management,redcert; sure-eu,REDcert; SURE-EU,https://sure-system.org/fileadmin/user_upload/SURE/Dokumente/Zertstellen/20260626_Addresses_of_all_Certification_Bodies.pdf | https://www.redcert.org/en-us/certification/approved-certification-bodies/,Founded 2009 as subsidiary of QAL GmbH (established earlier) | Accredited auditing body for environmental and sustainability standards | Member of professional organizations (DVK e.V.) | Operates under ISO/IEC 17065 standards,"QAL Umweltgutachter GmbH is a carbon/GHG verification body, based in Vierkirchen, Germany, established in 2009. Appears in 2 official registries: redcert, sure-eu. Sectors: sustainable biomass, renewable energy, agriculture, sustainability management. Serves: Germany, Europe.",0.9,high,
107,Quality Austria Certification,firm,https://www.qualityaustria.com/en/certification/,2004,Austria,Vienna,Austria; European Union,EMAS verification; Environmental management; GHG verification; Product certification,aa-at; sure-eu,EU-ETS 2 Verification and Validation (ISO/IEC 17029); SURE-EU,https://sure-system.org/fileadmin/user_upload/SURE/Dokumente/Zertstellen/20260626_Addresses_of_all_Certification_Bodies.pdf | https://union-registry-data.ec.europa.eu/,"Akkreditierung Austria accreditation for ISO/IEC 17029:2019 (validation/verification body) | EMAS competent body authorization by Federal Ministry for Climate Action and Environment | Accreditation for ISO 17065 (products), ISO 17024 (persons), ISO 17021-01 (management systems) | 20 years in operation","Quality Austria Certification is a carbon/GHG verification body, based in Vienna, Austria, established in 2004. Appears in 2 official registries: aa-at, sure-eu. Sectors: EMAS verification, Environmental management, GHG verification, Product certification. Serves: Austria, European Union.",0.9,high,
108,RE-Carbon,firm,https://re-carbon.net,,Turkey,Ankara,Global,"Renewable energy (wind, hydro, solar, geothermal); Thermal power; Biogas; Biomass; Energy efficiency; Waste management; Agriculture; Carbon removal (biochar, CCS)",biocarbon; cercarbono; ecoregistry,Cercarbono Carbon Programme,https://cercarbono.com/validation-and-verification/ | https://re-carbon.net/re-carbon-is-now-biocarbon-registry-listed/ | https://www.cercarbono.com/validation-and-verification/,"CDM Designated Operational Entity (DOE) - first and only Turkish DOE | Verra VVB (Validation and Verification Body) accreditation | Gold Standard, VCS, ICR, GCR, BioCarbon Registry accreditations | Extensive project portfolio across energy and agriculture sectors","RE-Carbon is a carbon/GHG verification body, based in Ankara, Turkey. Appears in 3 official registries: biocarbon, cercarbono, ecoregistry. Sectors: Renewable energy (wind, hydro, solar, geothermal), Thermal power, Biogas, Biomass, Energy efficiency, Waste management. Serves: Global.",0.9,high,
109,"Rincon Consultants, Inc.",firm,https://www.rinconconsultants.com/2020/03/05/low-carbon-fuel-standard-lcfs-accreditation/,1994,United States,Ventura,United States (California only),low-carbon fuel; GHG verification; fuel standard verification; transportation fuels,carb-lcfs; carb-mrr,CARB LCFS; MRR Verification (H-25-010),https://ww2.arb.ca.gov/mrr-vb | https://ww2.arb.ca.gov/sites/default/files/2026-05/List%20of%20LCFS%20Verification%20Bodies%20as%20of%202026_04_23.xlsx | https://www.rinconconsultants.com/2020/03/05/low-carbon-fuel-standard-lcfs-accreditation/,Founded 1994 by five scientists and planners; celebrated 30th anniversary in 2024 | 400+ professionals across 13 California offices | CARB-accredited verification body for LCFS and MRR programs | Verifies over 40% of GHG emissions in California under Mandatory Reporting Rule,"Rincon Consultants, Inc. is a carbon/GHG verification body, based in Ventura, United States, established in 1994. Appears in 2 official registries: carb-lcfs, carb-mrr. Sectors: low-carbon fuel, GHG verification, fuel standard verification, transportation fuels. Serves: United States (California only).",0.9,high,
110,RSJ Inspection Service Limited,firm,https://rsjqa.com/,2009,India,Noida,"Asia (India, Pakistan, China, Bangladesh, Vietnam)",GHG emissions verification; carbon credit projects; ESG disclosures; manufacturing; textiles; apparel,nabcb; verra-vvb,NABCB ISO 14065 GHG Verification,https://nabcb.qci.org.in/validation-and-verification-bodies/ | https://verra.org/validation-verification/,Founded 2009; 16+ years experience in quality control and verification | ISO/IEC 17029 and ISO 14065 accreditation for GHG and carbon credit services | 500+ satisfied business clients globally | Listed as VVB (Validation and Verification Body) with Verra and NABCB registries,"RSJ Inspection Service Limited is a carbon/GHG verification body, based in Noida, India, established in 2009. Appears in 2 official registries: nabcb, verra-vvb. Sectors: GHG emissions verification, carbon credit projects, ESG disclosures, manufacturing, textiles, apparel. Serves: Asia (India, Pakistan, China, Bangladesh, Vietnam).",0.9,high,
111,SCS Engineers,firm,www.scsengineers.com,1970,United States,"Long Beach, California",United States,Greenhouse gas monitoring and control; Landfill methane energy systems; Renewable natural gas; Emissions reduction,carb-lcfs; carb-mrr,CARB LCFS; MRR Verification (H-26-004),https://ww2.arb.ca.gov/mrr-vb | https://ww2.arb.ca.gov/sites/default/files/2026-05/List%20of%20LCFS%20Verification%20Bodies%20as%20of%202026_04_23.xlsx,"Founded 1970, 50+ years in operation | California Air Resources Board (ARB) accredited offset verification body (designation H2-25-003) | Listed as accredited in CARB-LCFS and CARB-MRR registries","SCS Engineers is a carbon/GHG verification body, based in Long Beach, California, USA, established in 1970. Appears in 2 official registries: carb-lcfs, carb-mrr. Sectors: Greenhouse gas monitoring and control, Landfill methane energy systems, Renewable natural gas, Emissions reduction. Serves: USA.",0.9,high,
112,SGS Germany GmbH,firm,https://sgs.com,,Germany,Multiple locations,Germany; Europe,"Energy; Oil and gas; Manufacturing; Chemical; Construction; Consumer goods and retail; Agriculture and food; Logistics; Mining; Transportation; Public sector; Product carbon footprint/EPD; Voluntary carbon markets; EU Emissions Trading System (ETS) compliance; Sustainable supply chain certification (ISCC, REDCERT, SURE-EU)",iscc; redcert; sure-eu,REDcert; SURE-EU,https://sure-system.org/fileadmin/user_upload/SURE/Dokumente/Zertstellen/20260626_Addresses_of_all_Certification_Bodies.pdf | https://www.iscc-system.org/certification/certification-bodies/ | https://www.redcert.org/en-us/certification/approved-certification-bodies/,"4,000+ employees in Germany | 50+ locations in Germany | ISO 14064-1 accredited | ISO 14067 accredited","SGS Germany GmbH is a carbon/GHG verification body, based in Multiple locations, Germany. Appears in 3 official registries: iscc, redcert, sure-eu. Sectors: Energy, Oil and gas, Manufacturing, Chemical, Construction, Consumer goods and retail. Serves: Germany, Europe.",0.9,high,
113,SGS India Private Limited,firm,https://www.sgs.com/en-in,1878,India,,India; Asia,GHG verification; carbon footprint; voluntary carbon markets; environmental claims validation,nabcb; verra-vvb,NABCB ISO 14065 GHG Verification,https://nabcb.qci.org.in/validation-and-verification-bodies/ | https://verra.org/validation-verification/,NABCB accreditation for ISO 14064 and ISO 14065 (achieved Feb 2025) | Verra VVB approval (May 2025) | Isometric VVB approval (April 2025) | International Carbon Registry VVB approval (May 2026),"SGS India Private Limited is a carbon/GHG verification body, based in India, established in 1878. Appears in 2 official registries: nabcb, verra-vvb. Sectors: GHG verification, carbon footprint, voluntary carbon markets, environmental claims validation. Serves: India, Asia.",0.9,high,
114,SIRIM QAS INTERNATIONAL SDN.BHD,firm,https://www.sirim-qas.com.my/,1975,Malaysia,Shah Alam,Malaysia; Asia-Pacific,energy; waste; agriculture/forestry/land use; livestock,cdm-all-does; cdm-doe,UNFCCC CDM,https://cdm.unfccc.int/DOE/list/index.html,CDM Designated Operational Entity (DOE) - UNFCCC accredited | 30+ years in operation | Subsidiary of SIRIM Berhad | Accredited independent auditor for CDM project validation and verification,"SIRIM QAS INTERNATIONAL SDN.BHD is a carbon/GHG verification body, based in Shah Alam, Malaysia, established in 1975. Appears in 2 official registries: cdm-all-does, cdm-doe. Sectors: energy, waste, agriculture/forestry/land use, livestock. Serves: Malaysia, Asia-Pacific.",0.9,high,
115,Standard Carbon Inc.,firm,https://standardcarbon.ai/,2018,Canada,Winnipeg,Canada,energy; agriculture; manufacturing; transport,carb-lcfs; scc,CARB LCFS; SCC Greenhouse Gas (ISO 14065); SCC ISO 14065,https://scc-ccn.ca/search/accredited-organizations?f%5B0%5D=program%3A481 | https://standardcarbon.ai/accreditation/ | https://ww2.arb.ca.gov/sites/default/files/2026-05/List%20of%20LCFS%20Verification%20Bodies%20as%20of%202026_04_23.xlsx,SCC ISO/IEC 17029:2019 accreditation | SCC ISO 14065:2020 accreditation | Canada's first accredited GHG verifier | 7 years in operation since 2018,"Standard Carbon Inc. is a carbon/GHG verification body, based in Winnipeg, Canada, established in 2018. Appears in 2 official registries: carb-lcfs, scc. Sectors: energy, agriculture, manufacturing, transport. Serves: Canada.",0.9,high,
116,Sustain-Cert,firm,https://sustain-cert.com,2018,Luxembourg,Livange,Global,energy; agriculture; waste; transport; manufacturing; product carbon footprint/EPD; corporate climate reporting,cercarbono; ecoregistry,Cercarbono Carbon Programme,https://cercarbono.com/validation-and-verification/ | https://www.cercarbono.com/validation-and-verification/,"ISO 14065 VVB accreditation (ANAB) since May 31, 2023 | Approved verifier in cercarbono and ecoregistry carbon markets | 6 years in operation","Sustain-Cert is a carbon/GHG verification body, based in Livange, Luxembourg, established in 2018. Appears in 2 official registries: cercarbono, ecoregistry. Sectors: energy, agriculture, waste, transport, manufacturing, product carbon footprint/EPD. Serves: Global.",0.9,high,
117,TUV India Pvt Ltd.,firm,https://www.tuv-nord.com/in/en/,1988,India,Not found,India,aviation; energy; GHG verification; carbon offsetting,corsia; nabcb,CORSIA; NABCB ISO 14065 GHG Verification,https://nabcb.qci.org.in/validation-and-verification-bodies/ | https://www.icao.int/sites/default/files/environmental-protection/CORSIA/Documents/CORSIA%20Central%20Registry/CCR-Info-Data-Transparency_PartI_13ed_web.pdf,NABCB accreditation for ISO 14065:2020 and ISO 17029 | CORSIA verifier with DGCA third-party verification status | CBAM verification services provider | 36 years of operation as of ~2024,"TUV India Pvt Ltd. is a carbon/GHG verification body, based in Not found, India, established in 1988. Appears in 2 official registries: corsia, nabcb. Sectors: aviation, energy, GHG verification, carbon offsetting. Serves: India.",0.9,high,
118,TÜV Rheinland Energy & Environment GmbH,firm,tuv.com/germany/de,,Germany,Cologne,Global,energy; forestry/AFOLU; waste; transport; manufacturing; agriculture; product carbon footprint/EPD; fuels,dakks; redcert; verra-vvb,DAkkS ISO 17029 Verification Body; REDcert,https://verra.org/validation-verification/ | https://www.dakks.de/en/accredited-bodies-search.html | https://www.redcert.org/en-us/certification/approved-certification-bodies/,DAKKS accredited for greenhouse gas verification | REDCERT accredited for biofuel sustainability certification | Verra VVB (validation and verification body) | ISCC (International Sustainability and Carbon Certification) provider,"TÜV Rheinland Energy & Environment GmbH is a carbon/GHG verification body, based in Cologne, Germany. Appears in 3 official registries: dakks, redcert, verra-vvb. Sectors: energy, forestry/AFOLU, waste, transport, manufacturing, agriculture. Serves: Global.",0.9,high,
119,TÜV SÜD Czech s.r.o.,firm,tuvsud.com/cs-cz,1866,Czechia,Prague,Czechia; Europe,ISCC certification; SURE-EU certification; carbon footprint verification; GHG inventory verification,iscc; sure-eu,SURE-EU,https://sure-system.org/fileadmin/user_upload/SURE/Dokumente/Zertstellen/20260626_Addresses_of_all_Certification_Bodies.pdf | https://www.iscc-system.org/certification/certification-bodies/,"TüV SÜD parent founded 1866, EU ETS verification since 2005 | ISCC certification body (ID CZ208) for Cooperating Certification Body for ISCC EU and ISCC PLUS | Verifies GHG per ISO 14064-1, ISO 14067, and GHG Protocol standards | ISO 14065 accredited for GHG verification","TÜV SÜD Czech s.r.o. is a carbon/GHG verification body, based in Prague, Czech Republic, established in 1866. Appears in 2 official registries: iscc, sure-eu. Sectors: ISCC certification, SURE-EU certification, carbon footprint verification, GHG inventory verification. Serves: Czech Republic, Europe.",0.9,high,
120,VERICO SCE,firm,https://verico.eu,2012,Germany,Langenbach,Global,GHG emissions verification; climate protection projects; EU emissions trading; energy efficiency; CSR/corporate carbon footprinting,dakks; gcc,DAkkS ISO 17029 Verification Body; Global Carbon Council,https://globalcarboncouncil.com/for-stakeholders/verifiers/ | https://verico.eu/en/gcc-global-carbon-council-2/ | https://www.dakks.de/en/accredited-bodies-search.html,DAKKS accreditation (DIN EN ISO 14065 for GHG validation/verification) | DAKKS accreditation (ISO 50001 for energy management) | DIN EN ISO 17029 accreditation | GCC (Global Carbon Council) member,"VERICO SCE is a carbon/GHG verification body, based in Langenbach, Germany, established in 2012. Appears in 2 official registries: dakks, gcc. Sectors: GHG emissions verification, climate protection projects, EU emissions trading, energy efficiency, CSR/corporate carbon footprinting. Serves: Global.",0.9,high,
121,VERIFIKACE CZ s.r.o.,firm,www.verifikace.cz,2006,Czechia,Prague (Háje),Central Europe; Eastern Europe; Bulgaria,energy/stationary installations; aviation; fluorinated gases,cai-cz; corsia,CAI / EU ETS; CORSIA,https://www.cai.cz/?page_id=4499&kategorie_subjektu=validacni-a-overovaci-organy | https://www.icao.int/sites/default/files/environmental-protection/CORSIA/Documents/CORSIA%20Central%20Registry/CCR-Info-Data-Transparency_PartI_13ed_web.pdf,Established 2006 (20+ years in operation) | EN ISO/IEC 17029:2020 accredited | CAI (Czech Accreditation Institute) registered body #3185 | CORSIA and EU ETS verification capabilities,"VERIFIKACE CZ s.r.o. is a carbon/GHG verification body, based in Prague (Háje), Czechia, established in 2006. Appears in 2 official registries: cai-cz, corsia. Sectors: energy/stationary installations, aviation, fluorinated gases. Serves: Central Europe, Eastern Europe, Bulgaria.",0.9,high,
122,VERIFIT S.A.S.,firm,https://verifit.com.br/,,Brazil,"Barueri, SP and Medellín",Brazil; Colombia; Latin America; 20+ countries,GHG projects; corporate GHG inventories; product carbon footprint,anab; car; socialcarbon,ANAB ISO 14065; Climate Action Reserve,https://climateactionreserve.org/how/verification/connect-with-a-verification-body/ | https://www.socialcarbon.org/vvbs,"Part of Verifit Group with 16+ years experience in validation/verification | 500+ independent carbon project assessments | ONAC accreditation | Accredited for multiple registries: ANAB, CAR (Climate Action Reserve), SocialCarbon","VERIFIT S.A.S. is a carbon/GHG verification body, based in Barueri, SP and Medellín, Brazil. Appears in 3 official registries: anab, car, socialcarbon. Sectors: GHG projects, corporate GHG inventories, product carbon footprint. Serves: Brazil, Colombia, Latin America, 20+ countries.",0.9,high,
123,"Weaver and Tidwell, L.L.P",firm,http://www.weaver.com,1950,United States,Houston,United States,CARB mandatory reporting verification; LCFS verification,carb-lcfs; carb-mrr,CARB LCFS; MRR Verification (H-24-005),https://ww2.arb.ca.gov/mrr-vb | https://ww2.arb.ca.gov/sites/default/files/2026-05/List%20of%20LCFS%20Verification%20Bodies%20as%20of%202026_04_23.xlsx,"Listed in California Air Resources Board (CARB) registries: carb-lcfs and carb-mrr | Large accounting firm with assurance, tax, and advisory services | Serves multiple industries including financial services, healthcare, natural resources, energy","Weaver and Tidwell, L.L.P is a carbon/GHG verification body, based in Houston, USA, established in 1950. Appears in 2 official registries: carb-lcfs, carb-mrr. Sectors: CARB mandatory reporting verification, LCFS verification. Serves: USA.",0.9,high,
124,WZI Inc.,firm,www.wziinc.com,1986,United States,Bakersfield,California; United States,GHG verification; LCFS; MRR; regulatory compliance,carb-lcfs; carb-mrr,CARB LCFS; MRR Verification (H-25-013),https://ww2.arb.ca.gov/mrr-vb | https://ww2.arb.ca.gov/sites/default/files/2026-05/List%20of%20LCFS%20Verification%20Bodies%20as%20of%202026_04_23.xlsx,State of California Verification Body for AB32 Greenhouse Gas Mandatory Reporting (Executive Order H-10-173) | Accredited under California Air Resources Board (CARB) framework | Listed on CARB Mandatory GHG Reporting - Verification Bodies | 38+ years in environmental consulting and engineering,"WZI Inc. is a carbon/GHG verification body, based in Bakersfield, United States, established in 1986. Appears in 2 official registries: carb-lcfs, carb-mrr. Sectors: GHG verification, LCFS, MRR, regulatory compliance. Serves: California, United States.",0.9,high,
125,"Yorke Engineering, LLC",firm,www.YorkeEngr.com,1996,United States,,California; Washington; Oregon,GHG verification; LCFS; MRR; biomethane; carbon credits,carb-lcfs; carb-mrr,CARB LCFS; MRR Verification (H-25-014),https://ww2.arb.ca.gov/mrr-vb | https://ww2.arb.ca.gov/sites/default/files/2026-05/List%20of%20LCFS%20Verification%20Bodies%20as%20of%202026_04_23.xlsx,10 CARB-accredited GHG lead verifiers on staff | 5 Department of Ecology-certified verifiers (Washington) | 4 Oregon DEQ-approved GHG verifiers | 300+ GHG verifications completed,"Yorke Engineering, LLC is a carbon/GHG verification body, based in United States, established in 1996. Appears in 2 official registries: carb-lcfs, carb-mrr. Sectors: GHG verification, LCFS, MRR, biomethane, carbon credits. Serves: California, Washington, Oregon.",0.9,high,
126,Anni Oviir,individual-practice,https://www.lcasupport.com/,2020,Estonia,Tallinn,Estonia; European Union; United Kingdom; United States,construction; building products; LCA; EPD verification,epd-hub; smart-epd,EPD Hub; SmartEPD,https://smartepd.com/resources/#independent_verifiers | https://www.epdhub.com/verification-committee,"Founded LCA Support 2020 (~6 years ago from 2026) | Qualified independent verifier for International EPD System, Rakennustieto, Smart EPD | ECO Platform member | Works with 50+ building product manufacturers including Saint-Gobain and KONE","Anni Oviir is a individually approved verifier practice, based in Tallinn, Estonia, established in 2020. Appears in 2 official registries: epd-hub, smart-epd. Sectors: construction, building products, LCA, EPD verification. Serves: Estonia, European Union, United Kingdom, United States.",0.85,high,
127,ASG Cert GmbH,firm,asg-cert.com,2011,Germany,Munich,Global,biofuels and bioliquids; renewable fuels; hydrogen; bio-based and circular economy materials; food and feed; waste-based feedstocks; agricultural and forest biomass; renewable energy,iscc; redcert,REDcert,https://www.iscc-system.org/certification/certification-bodies/ | https://www.redcert.org/en-us/certification/approved-certification-bodies/,Founded 2011 | ISCC EU certified | ISCC RFNBO certified | REDcert-EU certified,"ASG Cert GmbH is a carbon/GHG verification body, based in Munich, Germany, established in 2011. Appears in 2 official registries: iscc, redcert. Sectors: biofuels and bioliquids, renewable fuels, hydrogen, bio-based and circular economy materials, food and feed, waste-based feedstocks. Serves: Global.",0.85,high,
128,BRTUV Avaliações da Qualidade S.A.,firm,,2001,Brazil,Barueri,Brazil,CDM projects; energy; waste,cdm-all-does; cdm-doe,UNFCCC CDM,https://cdm.unfccc.int/DOE/list/index.html,"Subsidiary of TÜV NORD GROUP (Germany) | 25+ years operating in Brazil | Issued 4,200+ ISO certificates | Team of 100+ professionals distributed nationwide","BRTUV Avaliações da Qualidade S.A. is a carbon/GHG verification body, based in Barueri, Brazil, established in 2001. Appears in 2 official registries: cdm-all-does, cdm-doe. Sectors: CDM projects, energy, waste. Serves: Brazil.",0.85,high,
129,"China Certification Center, Inc.",firm,,,China,,Global,clean development mechanism; carbon emissions reduction; sustainable development,cdm-all-does; cdm-doe; gold-standard,Gold Standard; UNFCCC CDM,https://cdm.unfccc.int/DOE/list/index.html | https://web.archive.org/web/20250916231729/https://globalgoals.goldstandard.org/verification-validation-bodies/,"Designated Operational Entity (DOE) on UNFCCC CDM list (entity code E-0067) | Validator and Verifier Body (VVB) under Gold Standard for Global Goals | Registered in multiple carbon offset registries (CDM, Gold Standard)","China Certification Center, Inc. is a carbon/GHG verification body, based in China. Appears in 3 official registries: cdm-all-does, cdm-doe, gold-standard. Sectors: clean development mechanism, carbon emissions reduction, sustainable development. Serves: Global.",0.85,high,
130,China Environmental United Certification Center,firm,,2008,China,,Global,CDM (scopes 1-15); hydropower; wind power; biomass energy; coal bed gas; biogas; waste heat,cdm-all-does; cdm-doe,UNFCCC CDM,https://cdm.unfccc.int/DOE/list/index.html,"UNFCCC CDM Designated Operational Entity (DOE) since April 2008 | First Chinese DOE with scopes 1-15 qualification | Re-accredited 2012, 2017, 2022 | 400+ CDM projects registered and issued","China Environmental United Certification Center is a carbon/GHG verification body, based in China, established in 2008. Appears in 2 official registries: cdm-all-does, cdm-doe. Sectors: CDM (scopes 1-15), hydropower, wind power, biomass energy, coal bed gas, biogas. Serves: Global.",0.85,high,
131,Colombian Institute for Technical Standards and Certification (ICONTEC),firm,,1963,Colombia,Bogotá,Colombia,energy; waste; industrial; transport,cdm-all-does; verra-vvb,UNFCCC CDM,https://cdm.unfccc.int/DOE/list/index.html | https://verra.org/validation-verification/,Verra VVB listed for VCS and CCB programs | 1963 founding provides 60+ years operational history | Granted carbon neutral certifications across multiple sectors | Private non-profit; recognized as Colombia's National Standardization Body since 1984,"Colombian Institute for Technical Standards and Certification (ICONTEC) is a carbon/GHG verification body, based in Bogotá, Colombia, established in 1963. Appears in 2 official registries: cdm-all-does, verra-vvb. Sectors: energy, waste, industrial, transport. Serves: Colombia.",0.85,high,
132,"CONSULTORA 27, S.A. DE C.V.",firm,https://consultora27.com/,2018,Mexico,Monterrey,Mexico,energy; industrial; waste; agriculture,ema-mx; mx-semarnat,Mexico RENE; OVV-GEI (ISO 14065:2019),https://consultora27.com/verificacion-de-gases-de-efecto-invernadero/ | https://www.gob.mx/profepa/acciones-y-programas/organismos-de-tercera-parte,Accredited by EMA A.C. as OCVVGEI with accreditation number GEI017/20 | Provides GHG inventory development and verification services | Worked with major Mexican companies in energy and mining sectors | Offers training in GHG inventory methods recognized by Mexican labor ministry,"CONSULTORA 27, S.A. DE C.V. is a carbon/GHG verification body, based in Monterrey, Mexico, established in 2018. Appears in 2 official registries: ema-mx, mx-semarnat. Sectors: energy, industrial, waste, agriculture. Serves: Mexico.",0.85,high,
133,Deloitte Cert Umweltgutachter GmbH,firm,,1998,Germany,Düsseldorf,Germany; Europe,CDM; GHG verification; compliance verification,cdm-all-does; cdm-doe,UNFCCC CDM,https://cdm.unfccc.int/DOE/list/index.html,"Designated Operational Entity (DOE) for CDM (E-0048) | DAkkS and International Accreditation Forum (IAF) accredited | CDM Executive Board recognized for validation and verification services | Founded 19 March 1998, registered in Düsseldorf commercial registry (HRB 54167)","Deloitte Cert Umweltgutachter GmbH is a carbon/GHG verification body, based in Düsseldorf, Germany, established in 1998. Appears in 2 official registries: cdm-all-does, cdm-doe. Sectors: CDM, GHG verification, compliance verification. Serves: Germany, Europe.",0.85,high,
134,DNV Business Assurance Korea,firm,,1864,South Korea,,South Korea,aviation; carbon offsetting/CORSIA; emissions trading,corsia; korea-ets,CORSIA; K-ETS,https://nier.go.kr/front/kor/cmm/nier_law01.do?menuNo=13004 | https://www.icao.int/sites/default/files/environmental-protection/CORSIA/Documents/CORSIA%20Central%20Registry/CCR-Info-Data-Transparency_PartI_13ed_web.pdf,Registered in IAF Certification Body database (registration 90a34380-8b51-5f13-af48-72db4b0a7766) | Listed on CORSIA registry | Listed on Korea ETS registry | DNV Business Assurance Korea Ltd. formal registration,"DNV Business Assurance Korea is a carbon/GHG verification body, based in Republic of Korea, established in 1864. Appears in 2 official registries: corsia, korea-ets. Sectors: aviation, carbon offsetting/CORSIA, emissions trading. Serves: Republic of Korea.",0.85,high,
135,DNV Climate Change Services AS,firm,,1864,Norway,Oslo,Global,carbon credits; greenhouse gas emissions verification; emissions reduction projects; climate change services,cdm-all-does; cdm-doe,UNFCCC CDM,https://cdm.unfccc.int/DOE/list/index.html,CDM-listed as Designated Operational Entity (DOE) | NABCB accreditation for ISO 14065 and ISO 17029 | Global Carbon Council (GCC) accreditation for GHG emission reduction validation/verification | 10+ years providing carbon footprinting and verification services,"DNV Climate Change Services AS is a carbon/GHG verification body, based in Oslo, Norway, established in 1864. Appears in 2 official registries: cdm-all-does, cdm-doe. Sectors: carbon credits, greenhouse gas emissions verification, emissions reduction projects, climate change services. Serves: Global.",0.85,high,
136,EUROCERT S.A.,firm,,1998,Greece,Athens (Metamorfosi),Global,Carbon footprint; Life cycle assessment (LCA); Environmental Product Declaration (EPD); EU-ETS verification; Sustainability reporting; GHG emissions (ISO 14064-1),corsia; epd-intl,CORSIA,https://www.environdec.com/resources/verifiers/certification-bodies | https://www.icao.int/sites/default/files/environmental-protection/CORSIA/Documents/CORSIA%20Central%20Registry/CCR-Info-Data-Transparency_PartI_13ed_web.pdf,Founded 1998 by Greek engineers & scientists | Accredited by Hellenic Accreditation System (ESYD) for ISO 14064-1 and ISO 17029 | Verified EU-ETS since 2006 for large companies | Approved by International EPD System,"EUROCERT S.A. is a carbon/GHG verification body, based in Athens (Metamorfosi), Greece, established in 1998. Appears in 2 official registries: corsia, epd-intl. Sectors: Carbon footprint, Life cycle assessment (LCA), Environmental Product Declaration (EPD), EU-ETS verification, Sustainability reporting, GHG emissions (ISO 14064-1). Serves: Global.",0.85,high,
137,Foundation for Industrial Development - MASCI,firm,,1998,Thailand,Bangkok,Thailand; Mexico,GHG/energy; forestry/AFOLU,cdm-doe; tgo-tver,T-VER,https://cdm.unfccc.int/DOE/list/index.html | https://ghgreduction.tgo.or.th/en/external-validation-verification-body/list-of-registered-vvb.html,"Registered as Designated Operational Entity (DOE) under CDM | Registered as VVB (Validation and Verification Body) for Thailand T-VER | Operates under Foundation for Industrial Development (FID), Ministry of Industry","Foundation for Industrial Development - MASCI is a carbon/GHG verification body, based in Bangkok, Thailand, established in 1998. Appears in 2 official registries: cdm-doe, tgo-tver. Sectors: GHG/energy, forestry/AFOLU. Serves: Thailand, Mexico.",0.85,high,
138,Germanischer Lloyd Certification GmbH,firm,,1867,Germany,Hamburg,Global,GHG validation/verification; CDM; industrial processes; energy,cdm-all-does; cdm-doe,UNFCCC CDM,https://cdm.unfccc.int/DOE/list/index.html,"Founded 1867 as ship classification society, evolved to multi-sector certification | 155+ years in operation | Designated Operational Entity (DOE) for CDM validation and verification | Provides validation, verification and certification for CDM (Clean Development Mechanism), JI (Joint Implementation), and VER (Voluntary Emission Reductions)","Germanischer Lloyd Certification GmbH is a carbon/GHG verification body, based in Hamburg, Germany, established in 1867. Appears in 2 official registries: cdm-all-does, cdm-doe. Sectors: GHG validation/verification, CDM, industrial processes, energy. Serves: Global.",0.85,high,
139,GFA Certification GmbH,firm,https://www.gfa-cert.com,1999,Germany,Hamburg,Global,FSC; PEFC; RSPO; REDcert; SURE; Blue Angel,gold-standard; redcert; sure-eu,Gold Standard; REDcert; SURE-EU,https://sure-system.org/fileadmin/user_upload/SURE/Dokumente/Zertstellen/20260626_Addresses_of_all_Certification_Bodies.pdf | https://web.archive.org/web/20250916231729/https://globalgoals.goldstandard.org/verification-validation-bodies/ | https://www.redcert.org/en-us/certification/approved-certification-bodies/,Founded 1999 | Certified 900+ companies in timber/paper and forestry | Manages approximately 10 million hectares of forest area in 37 countries | Issued 3000+ certificates,"GFA Certification GmbH is a carbon/GHG verification body, based in Hamburg, Germany, established in 1999. Appears in 3 official registries: gold-standard, redcert, sure-eu. Sectors: FSC, PEFC, RSPO, REDcert, SURE, Blue Angel. Serves: Global. Note: carbon scope disputed by enrichment research.",0.85,high,"Enrichment agent disputed carbon scope: Focuses on forestry/natural resource chain-of-custody certification (FSC, PEFC, RSPO) and biofuel sustainability (REDcert); does not provide carbon verification, GHG validation/verification, or EPD services."
140,IGSC Inc,firm,,2021,South Korea,,South Korea; East Asia,Environmental Product Declarations (EPD); Life Cycle Assessment (LCA); carbon footprint; water footprint,epd-intl; korea-epd,Korea EPD,https://www.environdec.com/resources/verifiers/certification-bodies | https://www.environdec.com/services/accredited-certification-bodies,Founded 2021; ISO 17065 and ISO 17029 accreditation for certification bodies | Approved by Global GreenTag International as EPD and LCA verification body | Expanding 2025 as GreenTag sales licensee for Korean manufacturers | Addresses local verification needs without foreign entity contact,"IGSC Inc is a carbon/GHG verification body, based in South Korea, established in 2021. Appears in 2 official registries: epd-intl, korea-epd. Sectors: Environmental Product Declarations (EPD), Life Cycle Assessment (LCA), carbon footprint, water footprint. Serves: South Korea, East Asia.",0.85,high,
141,Indian Council of Forestry Research and Education,firm,,1986,India,Dehradun,India,forestry/AFOLU,cdm-all-does; cdm-doe,UNFCCC CDM,https://cdm.unfccc.int/DOE/list/index.html,CDM Designated Operational Entity (DOE) listed on UNFCCC CDM website (E-0049) | 9 Regional Research Institutes across bio-geographical regions | Pan-India presence with 5 Centers | Training programs on CDM Validation and Verification (with TUV SUD),"Indian Council of Forestry Research and Education is a carbon/GHG verification body, based in Dehradun, India, established in 1986. Appears in 2 official registries: cdm-all-does, cdm-doe. Sectors: forestry/AFOLU. Serves: India.",0.85,high,
142,Intertek Testing Services Argentina S.A.,firm,,1885,Argentina,Buenos Aires,Argentina; Global,aviation; energy; manufacturing,corsia; verra-vvb,CORSIA,https://verra.org/validation-verification/ | https://www.icao.int/sites/default/files/environmental-protection/CORSIA/Documents/CORSIA%20Central%20Registry/CCR-Info-Data-Transparency_PartI_13ed_web.pdf,CORSIA accredited verification body (per ICAO registry) | Active Verra VVB (Validation and Verification Body) | ANSI ANAB accredited for GHG validation/verification | Applying for ISO 14065 VCS scope accreditation,"Intertek Testing Services Argentina S.A. is a carbon/GHG verification body, based in Buenos Aires, Argentina, established in 1885. Appears in 2 official registries: corsia, verra-vvb. Sectors: aviation, energy, manufacturing. Serves: Argentina, Global.",0.85,high,
143,Japan Management Association,firm,,2006,Japan,,Japan; International,greenhouse gas; CDM; ISO 14065; J-Credit,cdm-all-does; cdm-doe,UNFCCC CDM,https://cdm.unfccc.int/DOE/list/index.html,"Accredited by Japan Accreditation Board (JAB) since 2011 for ISO 14065 | Validation and verification body for environmental affairs (CDM, GHG, environmental reports) | Silver provider for CDP (Carbon Disclosure Project) | Conducts domestic and overseas GHG projects since 2006","Japan Management Association is a carbon/GHG verification body, based in Japan, established in 2006. Appears in 2 official registries: cdm-all-does, cdm-doe. Sectors: greenhouse gas, CDM, ISO 14065, J-Credit. Serves: Japan, International.",0.85,high,
144,Japan Quality Assurance Organisation (JQA),firm,,1957,Japan,,Japan; International,greenhouse gas; CDM; ISO 14065; environmental audit,cdm-all-does; cdm-doe,UNFCCC CDM,https://cdm.unfccc.int/DOE/list/index.html,Operating since 1957 (70+ years operational experience) | Started GHG emissions verification domestically in 2011 | Accredited for CDM validation and verification | Designated Operational Entity (DOE) for CDM,"Japan Quality Assurance Organisation (JQA) is a carbon/GHG verification body, based in Japan, established in 1957. Appears in 2 official registries: cdm-all-does, cdm-doe. Sectors: greenhouse gas, CDM, ISO 14065, environmental audit. Serves: Japan, International.",0.85,high,
145,KBS Certification,firm,https://kbscertification.com,2005,India,Faridabad,Global,Energy; Manufacturing; Infrastructure; Renewable energy; Carbon credits; GHG verification; EPD,cercarbono; ecoregistry,Cercarbono Carbon Programme,https://cercarbono.com/validation-and-verification/ | https://www.cercarbono.com/validation-and-verification/,"35+ million carbon credits verified since 2011 | 2,500+ carbon projects verified | 20+ years of experience | Cercarbono registry","KBS Certification is a carbon/GHG verification body, based in Faridabad, India, established in 2005. Appears in 2 official registries: cercarbono, ecoregistry. Sectors: Energy, Manufacturing, Infrastructure, Renewable energy, Carbon credits, GHG verification. Serves: Global.",0.85,high,
146,KPMG Advisory N.V.,firm,,1987,Netherlands,Amsterdam,Europe; Global,energy; manufacturing; product carbon footprint; EPD,cdm-all-does; cdm-doe,UNFCCC CDM,https://cdm.unfccc.int/DOE/list/index.html,Dutch subsidiary (N.V. = Naamloze Vennootschap) of KPMG network | Provides GHG and carbon verification services through KPMG Cert GmbH and related entities | Accredited for Product Carbon Footprint verification per ISO 14067 and ISO 14064-3 | Registered in CDM-all-does and CDM-doe registries indicating carbon verification scope,"KPMG Advisory N.V. is a carbon/GHG verification body, based in Amsterdam, Netherlands, established in 1987. Appears in 2 official registries: cdm-all-does, cdm-doe. Sectors: energy, manufacturing, product carbon footprint, EPD. Serves: Europe, Global.",0.85,high,
147,"KPMG AZSA Sustainability Co., Ltd.",firm,,2004,Japan,Tokyo,Japan; Global,energy; CDM; GHG verification; sustainability assurance,cdm-all-does; cdm-doe,UNFCCC CDM,https://cdm.unfccc.int/DOE/list/index.html,Designated Operational Entity (DOE) for CDM by UNFCCC | Accredited by Japan Accreditation Board for GHG verification | ISO 14065 certified validation/verification body | ~20 years in operation (as of 2024),"KPMG AZSA Sustainability Co., Ltd. is a carbon/GHG verification body, based in Tokyo, Japan, established in 2004. Appears in 2 official registries: cdm-all-does, cdm-doe. Sectors: energy, CDM, GHG verification, sustainability assurance. Serves: Japan, Global.",0.85,high,
148,Nippon Kaiji Kentei Quality Assurance Limited,firm,,1913,Japan,Tokyo,Global,CDM verification; energy; manufacturing; construction; waste,cdm-all-does; cdm-doe,UNFCCC CDM,https://cdm.unfccc.int/DOE/list/index.html,"Designated Operational Entity (DOE) for Clean Development Mechanism since 2005 | Parent organization (Nippon Kaiji Kentei Kyokai) established 1913 | CDM accreditation across multiple sectoral scopes | Located Kaiji Bldg, Shibaura, Minato-ku, Tokyo","Nippon Kaiji Kentei Quality Assurance Limited is a carbon/GHG verification body, based in Tokyo, Japan, established in 1913. Appears in 2 official registries: cdm-all-does, cdm-doe. Sectors: CDM verification, energy, manufacturing, construction, waste. Serves: Global.",0.85,high,
149,NOVA CERT LLC,firm,https://nova-cert.com,,United States,Austin,United States; Mexico; Colombia; Portugal; Kenya; India,forestry; energy; VERRA; Gold Standard; CAR; CERCARBONO,anab; car; cercarbono; ecoregistry; gold-standard; verra-vvb,ANAB ISO 14065; Cercarbono Carbon Programme; Climate Action Reserve; Gold Standard,https://cercarbono.com/validation-and-verification/ | https://climateactionreserve.org/how/verification/connect-with-a-verification-body/ | https://verra.org/validation-verification/ | https://web.archive.org/web/20250916231729/https://globalgoals.goldstandard.org/verification-validation-bodies/,"700+ projects assessed | ANAB accreditation | Validation and Verification Body (VVB) status | Operates across Verra, Gold Standard, CAR, CERCARBONO, JCM, Puro Earth","NOVA CERT LLC is a carbon/GHG verification body, based in Austin, USA. Appears in 6 official registries: anab, car, cercarbono, ecoregistry, gold-standard, verra-vvb. Sectors: forestry, energy, VERRA, Gold Standard, CAR, CERCARBONO. Serves: USA, Mexico, Colombia, Portugal.",0.85,high,
150,Perry Johnson Registrars Carbon Emissions Services,firm,,1994,United States,Troy,United States; Japan; Asia,CDM validation/verification; GHG emissions verification; carbon footprinting; sustainability compliance,cdm-all-does; cdm-doe,UNFCCC CDM,https://cdm.unfccc.int/DOE/list/index.html,Designated Operational Entity (DOE) for UNFCCC Clean Development Mechanism | Validation and verification capabilities for CDM projects | Parent company (PJR) 258+ employees across 5 continents | ANSI accreditation for greenhouse gas validation/verification,"Perry Johnson Registrars Carbon Emissions Services is a carbon/GHG verification body, based in Troy, United States, established in 1994. Appears in 2 official registries: cdm-all-does, cdm-doe. Sectors: CDM validation/verification, GHG emissions verification, carbon footprinting, sustainability compliance. Serves: United States, Japan, Asia.",0.85,high,
151,"PONY Testing International Group Co., Ltd.",firm,,2002,China,Beijing,Global,energy; forestry; AFOLU; agriculture; waste; transport; manufacturing; aviation; fuels,cdm-all-does; cdm-doe,UNFCCC CDM,https://cdm.unfccc.int/DOE/list/index.html,CDM Designated Operational Entity (DOE) as of March 2023 | Authorized to conduct validation and verification for CDM projects across 15 industry sectors | Founded 2002 - 24 years in operation | One of largest testing and inspection companies in China,"PONY Testing International Group Co., Ltd. is a carbon/GHG verification body, based in Beijing, China, established in 2002. Appears in 2 official registries: cdm-all-does, cdm-doe. Sectors: energy, forestry, AFOLU, agriculture, waste, transport. Serves: Global.",0.85,high,
152,Swiss Association for Quality and Management Systems,firm,,1983,Switzerland,,Switzerland; France; Italy; International,CDM validation/verification; quality management systems; certification; manufacturing,cdm-all-does; cdm-doe,UNFCCC CDM,https://cdm.unfccc.int/DOE/list/index.html,"Founded 1983, one of world's first companies in certification industry | 150+ permanent employees in Switzerland, France, Italy | 250+ freelancers worldwide | Designated Operational Entity (DOE) for CDM projects","Swiss Association for Quality and Management Systems is a carbon/GHG verification body, based in Switzerland, established in 1983. Appears in 2 official registries: cdm-all-does, cdm-doe. Sectors: CDM validation/verification, quality management systems, certification, manufacturing. Serves: Switzerland, France, Italy, International.",0.85,high,
153,TÜV SÜD PSB Pte Ltd,firm,https://www.tuvsud.com/en-sg/services/auditing-and-system-certification/verification-of-greenhouse-gas-emissions-under-carbon-pricing-act-cpa,1990,Singapore,Singapore,Singapore; Southeast Asia; Global (CORSIA),aviation; carbon pricing compliance,corsia; singapore-sac-nea,CORSIA; NEA Carbon Pricing Act external auditor; SAC ISO 14065,https://www.icao.int/sites/default/files/environmental-protection/CORSIA/Documents/CORSIA%20Central%20Registry/CCR-Info-Data-Transparency_PartI_13ed_web.pdf | https://www.nea.gov.sg/docs/default-source/default-document-library/accredited-external-auditor-under-the-carbon-pricing-actb86d4b075bfe4aa986cad1d9c25f9cf3.pdf,"CORSIA (International Aviation) verification body accreditation | Singapore-SAC-NEA accreditation for Carbon Pricing Act verification | ISO 14065, ISO 17029 accreditation | 36 years operating (established 1990)","TÜV SÜD PSB Pte Ltd is a carbon/GHG verification body, based in Singapore, Singapore, established in 1990. Appears in 2 official registries: corsia, singapore-sac-nea. Sectors: aviation, carbon pricing compliance. Serves: Singapore, Southeast Asia, Global (CORSIA).",0.85,high,
154,United Registrar of Systems Polska Sp. z o.o.,firm,https://urs-polska.pl,1994,Poland,Wrocław,Poland; Europe,biofuels/biomass; sustainability certification,iscc; redcert; sure-eu,REDcert; SURE-EU,https://sure-system.org/fileadmin/user_upload/SURE/Dokumente/Zertstellen/20260626_Addresses_of_all_Certification_Bodies.pdf | https://www.iscc-system.org/certification/certification-bodies/ | https://www.redcert.org/en-us/certification/approved-certification-bodies/,ISCC EU and ISCC PLUS certification body (ISCC ID: PL230) | KZR INiG System certification (Polish biofuel/biomass system) | REDCERT accreditation | SURE-EU accreditation,"United Registrar of Systems Polska Sp. z o.o. is a carbon/GHG verification body, based in Wrocław, Poland, established in 1994. Appears in 3 official registries: iscc, redcert, sure-eu. Sectors: biofuels/biomass, sustainability certification. Serves: Poland, Europe. Note: carbon scope disputed by enrichment research.",0.85,high,"Enrichment agent disputed carbon scope: Biofuel/biomass sustainability verifier (ISCC, REDCERT, KZR INiG systems), not a third-party carbon/GHG emissions verification or climate project verification body"
155,URS Verification Private Limited,firm,,2009,India,Kanpur,India,CDM climate protection projects; energy; waste,cdm-all-does; cdm-doe,UNFCCC CDM,https://cdm.unfccc.int/DOE/list/index.html,CDM Designated Operational Entity (DOE) listing | UN Global Compact participant | Revenue Rs 5.99 Crore (FY2022) | Active firm since 2009,"URS Verification Private Limited is a carbon/GHG verification body, based in Kanpur, India, established in 2009. Appears in 2 official registries: cdm-all-does, cdm-doe. Sectors: CDM climate protection projects, energy, waste. Serves: India.",0.85,high,
156,Vertex Professional Services,firm,,1962,Canada,Calgary,Canada; North America; Global via CORSIA,Aviation (CORSIA); Energy; Manufacturing; Waste; Industrial,corsia; scc,CORSIA; SCC Greenhouse Gas (ISO 14065),https://scc-ccn.ca/search/accredited-organizations?f%5B0%5D=program%3A481 | https://www.icao.int/sites/default/files/environmental-protection/CORSIA/Documents/CORSIA%20Central%20Registry/CCR-Info-Data-Transparency_PartI_13ed_web.pdf,Founded 1962; 60+ years of environmental services experience | CORSIA accreditation across sectors A-F (all project-level sectors) | Verified under Canada's Output-Based Pricing System (OBPS) | Alberta Technology Innovation and Emissions Reduction (TIER) verification,"Vertex Professional Services is a carbon/GHG verification body, based in Calgary, Canada, established in 1962. Appears in 2 official registries: corsia, scc. Sectors: Aviation (CORSIA), Energy, Manufacturing, Waste, Industrial. Serves: Canada, North America, Global via CORSIA.",0.85,high,
157,Zenith Net Zero,firm,,,Canada,Montreal,Canada; international,GHG validation and verification; CORSIA; ISO 14064; ISO 14001; EMS,corsia; scc; verra-vvb,CORSIA; SCC Greenhouse Gas (ISO 14065),https://scc-ccn.ca/search/accredited-organizations?f%5B0%5D=program%3A481 | https://verra.org/validation-verification/ | https://www.icao.int/sites/default/files/environmental-protection/CORSIA/Documents/CORSIA%20Central%20Registry/CCR-Info-Data-Transparency_PartI_13ed_web.pdf,SCC-accredited for ISO 14064-3 GHG validation and verification | SCC-accredited for CORSIA validation and verification services | SCC-accredited as ISO 14001 third-party certification body | Among small number of Canadian SCC-accredited CORSIA verifiers,"Zenith Net Zero is a carbon/GHG verification body, based in Montreal, Canada. Appears in 3 official registries: corsia, scc, verra-vvb. Sectors: GHG validation and verification, CORSIA, ISO 14064, ISO 14001, EMS. Serves: Canada, international.",0.85,high,
158,Aardvark Certification Ltd.,firm,aardvarkcertification.com,2016,United Kingdom,Wiveliscombe,United Kingdom; Global,energy; waste; carbon; lifecycle assessments,iscc,,https://www.iscc-system.org/certification/certification-bodies/,Incorporated 28 April 2016 | Staff with 15+ years experience in sustainability and renewable energy | In-house carbon experts providing carbon accounting and Life Cycle Assessments | Offices in Somerset and London,"Aardvark Certification Ltd. is a carbon/GHG verification body, based in Wiveliscombe, United Kingdom, established in 2016. Appears in 1 official registry: iscc. Sectors: energy, waste, carbon, lifecycle assessments. Serves: UK, Global.",0.8,high,
159,Acoura,firm,https://www.acoura.com,1997,United Kingdom,Edinburgh,United Kingdom,forestry/AFOLU,woodland-code,Woodland Carbon Code,https://www.woodlandcarboncode.org.uk/news/acoura-and-soil-association-now-accredited-for-verification,UKAS accredited for Woodland Carbon Code verification | Operating since 1997 | Acquired by Lloyd's Register in 2016 | Partner with Soil Association for certification services,"Acoura is a carbon/GHG verification body, based in Edinburgh, UK, established in 1997. Appears in 1 official registry: woodland-code. Sectors: forestry/AFOLU. Serves: UK.",0.8,high,
160,"Adelante Consulting, Inc.",firm,https://www.adelanteconsulting.com,1998,United States,Corrales,United States; California,energy; fuels; forestry/AFOLU; product carbon footprint,carb-lcfs,CARB LCFS,https://ww2.arb.ca.gov/sites/default/files/2026-05/List%20of%20LCFS%20Verification%20Bodies%20as%20of%202026_04_23.xlsx,Founded 1998 | Environmental Services company specializing in GHG emissions management | Provides GHG verification and sustainability assessments | Listed in CARB-LCFS registry for California Low Carbon Fuel Standard verification,"Adelante Consulting, Inc. is a carbon/GHG verification body, based in Corrales, USA, established in 1998. Appears in 1 official registry: carb-lcfs. Sectors: energy, fuels, forestry/AFOLU, product carbon footprint. Serves: USA, California.",0.8,high,
161,AMERICAN CERTIFICATION SERVICE,firm,www.acs.pe,2020,Peru,Lima,Peru,Environmental management; Carbon footprint; Water footprint; Quality management; Security management,inacal-peru,INACAL ISO 14065,https://www.inacal.gob.pe/repositorioaps/data/1/1/4/jer/acreditados/files/OCSG/Directorio%20de%20OEC%20(OCSG)%2003-07-2026.pdf,"Accredited by INACAL (Peru's national accreditation body) | Offers ISO 14064:2018 Carbon Footprint certification | Offers ISO 46001:2019 Water Efficiency Management | Located in Los Olivos, Lima","AMERICAN CERTIFICATION SERVICE is a carbon/GHG verification body, based in Lima, Peru, established in 2020. Appears in 1 official registry: inacal-peru. Sectors: Environmental management, Carbon footprint, Water footprint, Quality management, Security management. Serves: Peru.",0.8,high,
162,Ampereco,firm,https://ampereco.com,2017,Jordan,Amman,MENA region; Global (22+ countries),energy; afforestation; waste,cercarbono,,https://www.cercarbono.com/validation-and-verification/,UN-accredited CDM VVB (Verification and Validation Body) | Designated Operational Entity (DOE) under CDM | 250+ projects verified across 22+ countries | Team with 20+ years experience in carbon verification,"Ampereco is a carbon/GHG verification body, based in Amman, Jordan, established in 2017. Appears in 1 official registry: cercarbono. Sectors: energy, afforestation, waste. Serves: MENA region, Global (22+ countries).",0.8,high,
163,APAVE,firm,https://france.apave.com,1867,France,Mulhouse,France; Europe; Global,greenhouse gas verification; carbon footprint; product carbon footprint; GHG inventory,cofrac,Cofrac / EU ETS,https://tools.cofrac.fr/en/easysearch/resultats_advanced.php?list-10290708,"COFRAC accredited for Validation/Verification (accreditation 3-2139) | Verifies GHG per Directive 2003/87/CE and EU ETS regulations | Acquired AKTIO (carbon accounting expert) in early 2025 | Verifies under Bilan Carbone, ISO 14064-1, GHG Protocol, ISO 14067 methodologies","APAVE is a carbon/GHG verification body, based in Mulhouse, France, established in 1867. Appears in 1 official registry: cofrac. Sectors: greenhouse gas verification, carbon footprint, product carbon footprint, GHG inventory. Serves: France, Europe, Global.",0.8,high,
164,"Apex Cos, LLC.",firm,https://www.apexcos.com,1988,United States,Rockville,United States,greenhouse gas; environmental compliance; ESG,carb-mrr,MRR Verification (H-26-002),https://ww2.arb.ca.gov/mrr-vb,"GHG inventory verification expertise documented | Multidisciplinary consulting firm with national presence | Headquarters: 2101 Gaither Rd, Suite 500, Rockville, MD 20850 | 38 years in operation (founded 1988)","Apex Cos, LLC. is a carbon/GHG verification body, based in Rockville, USA, established in 1988. Appears in 1 official registry: carb-mrr. Sectors: greenhouse gas, environmental compliance, ESG. Serves: USA.",0.8,high,
165,APPLUS,firm,https://applus.com,1996,Spain,Barcelona,Global,carbon verification; greenhouse gas,cercarbono,,https://www.cercarbono.com/validation-and-verification/,"Applus+ Certification division accredited as Cercarbono VVB (2023-2028) | Global leader in inspection, testing, certification across 58+ countries | Operates through Applus+ Certification for carbon/GHG services | UNFCCC-accredited validation and verification body","APPLUS is a carbon/GHG verification body, based in Barcelona, Spain, established in 1996. Appears in 1 official registry: cercarbono. Sectors: carbon verification, greenhouse gas. Serves: Global.",0.8,high,
166,Applus+ Laboratories,firm,https://www.appluslaboratories.com,1996,Spain,Barcelona,Global,product carbon footprint; EPD,gcc,Global Carbon Council,https://www.appluslaboratories.com/global/en/what-we-do/service-sheet/global-carbon-council-gcc,"Part of Applus+ Group (founded 1996) | Global operations - offices by country | GCC (Global Carbon Council) verifier for product carbon offsets | Provides testing, certification, and sustainability services","Applus+ Laboratories is a carbon/GHG verification body, based in Barcelona, Spain, established in 1996. Appears in 1 official registry: gcc. Sectors: product carbon footprint, EPD. Serves: Global.",0.8,high,
167,"ASOCIACIÓN DE NORMALIZACIÓN Y CERTIFICACIÓN, A.C.",firm,,1992,Mexico,Mexico City,Mexico,greenhouse gas verification; carbon offsetting; aviation fuel compliance,corsia; mx-semarnat,CORSIA; Mexico RENE,https://www.gob.mx/profepa/acciones-y-programas/organismos-de-tercera-parte | https://www.icao.int/sites/default/files/environmental-protection/CORSIA/Documents/CORSIA%20Central%20Registry/CCR-Info-Data-Transparency_PartI_13ed_web.pdf,Founded 1992 | SEMARNAT-approved verifier | CORSIA accreditation | Mexican government environmental partnerships,"ASOCIACIÓN DE NORMALIZACIÓN Y CERTIFICACIÓN, A.C. is a carbon/GHG verification body, based in Mexico City, Mexico, established in 1992. Appears in 2 official registries: corsia, mx-semarnat. Sectors: greenhouse gas verification, carbon offsetting, aviation fuel compliance. Serves: Mexico.",0.8,high,
168,Aster Global,firm,https://www.asterglobal.com,2019,United States,"North Lawrence, Ohio",North America; Canada; International,"AFOLU (forestry, agriculture); Organization-level GHG emissions; Industrial sector GHG; Carbon offset validation/verification",plan-vivo,,https://www.planvivo.org/listing/category/approved-vvbs,Verra VVB (Validation and Verification Body) ID 016 | 300+ AFOLU offset project validations/verifications completed | 70+ organization-level GHG verifications | 14 offset project methodology assessments,"Aster Global is a carbon/GHG verification body, based in North Lawrence, Ohio, United States, established in 2019. Appears in 1 official registry: plan-vivo. Sectors: AFOLU (forestry, agriculture), Organization-level GHG emissions, Industrial sector GHG, Carbon offset validation/verification. Serves: North America, Canada, International.",0.8,high,
169,"Aster Global Environmental Services, Inc.",firm,www.asterglobal.com,2019,United States,"North Lawrence, Ohio",North America; Canada; International,"AFOLU (forestry, agriculture); Organization-level GHG emissions; Industrial sector GHG; Carbon offset validation/verification",art-trees,ART TREES,https://www.artredd.org/wp-content/uploads/2026/05/List-of-ART-Approved-VVBs-May-2026.pdf,Verra VVB (Validation and Verification Body) ID 016 | 300+ AFOLU offset project validations/verifications completed | 70+ organization-level GHG verifications | 14 offset project methodology assessments,"Aster Global Environmental Services, Inc. is a carbon/GHG verification body, based in North Lawrence, Ohio, United States, established in 2019. Appears in 1 official registry: art-trees. Sectors: AFOLU (forestry, agriculture), Organization-level GHG emissions, Industrial sector GHG, Carbon offset validation/verification. Serves: North America, Canada, International.",0.8,high,
170,Athena Sustainable Materials Institute,firm,http://www.athenasmi.org/,1997,Canada,Not explicitly stated,North America,Product carbon footprint/EPD (construction materials); Environmental building declarations; Building sector LCA,smart-epd,SmartEPD,https://smartepd.com/resources/#independent_verifiers,"Founded 1997, 28+ years of operation | Third-party EPD verifier for multiple programs | Recognized by UL Environment, CSA, NRMCA, ASTM International, International EPD System | Verified for NSF PCR (Product Category Rules) compliance for aggregates","Athena Sustainable Materials Institute is a carbon/GHG verification body, based in Not explicitly stated, Canada, established in 1997. Appears in 1 official registry: smart-epd. Sectors: Product carbon footprint/EPD (construction materials), Environmental building declarations, Building sector LCA. Serves: North America.",0.8,high,
171,BM Certification SIA,firm,https://bmcertification.com/,,Latvia,Riga,Latvia; Lithuania; Estonia; Finland; Germany; Greece; Italy; Norway; Ukraine; Romania; Austria; Czechia; Georgia; United Kingdom,product carbon footprint/EPD; fuels; AFOLU,iscc; sure-eu,SURE-EU,https://sure-system.org/fileadmin/user_upload/SURE/Dokumente/Zertstellen/20260626_Addresses_of_all_Certification_Bodies.pdf | https://www.iscc-system.org/certification/certification-bodies/,"Cooperating Certification Body for ISCC EU, ISCC PLUS, ISCC CORSIA | Approved by Austrian Federal Environment Agency for ISCC and SURE audits | Accredited by Latvian National Accreditation Bureau (LATAK) | Operates in 10+ countries across Europe, Asia, and Oceania","BM Certification SIA is a carbon/GHG verification body, based in Riga, Latvia. Appears in 2 official registries: iscc, sure-eu. Sectors: product carbon footprint/EPD, fuels, AFOLU. Serves: Latvia, Lithuania, Estonia, Finland.",0.8,high,
172,BSI Group Polska Sp. o.o.,firm,https://www.bsigroup.com/pl-PL/,1999,Poland,Warsaw,Poland; Central and Eastern Europe,EU ETS emissions verification; CBAM verification; GHG verification,pca,EU ETS (Directive 2003/87/EC),https://www.kobize.pl/en/article/emissions-monitoring-reporting-verification-in-the-eu-ets/id/432/list-of-accredited-verifiers,"PCA accreditation (Polish Centre for Accreditation): PL-VG-0008 | Accredited CBAM (Carbon Border Adjustment Mechanism) verifier | EU ETS accredited verifier under Commission Implementing Regulation (EU) 2018/2067 | Operating since 1999, formally registered December 27, 2006","BSI Group Polska Sp. o.o. is a carbon/GHG verification body, based in Warsaw, Poland, established in 1999. Appears in 1 official registry: pca. Sectors: EU ETS emissions verification, CBAM verification, GHG verification. Serves: Poland, Central and Eastern Europe.",0.8,high,
173,Bureau Veritas Certification Holding SAS - UK Branch,firm,www.bureauveritas.co.uk,1828,GB,,GB; Global,energy; waste; transport; aviation; product carbon footprint/EPD; EU ETS,ukas-full,UKAS,https://www.ukas.com/download-schedule/0008/Verification/,UKAS accreditation (full registry) | 750+ GHG verifications globally | 500+ qualified verifiers | ISO 14064-1 certification since 2006,"Bureau Veritas Certification Holding SAS - UK Branch is a carbon/GHG verification body, based in GB, established in 1828. Appears in 1 official registry: ukas-full. Sectors: energy, waste, transport, aviation, product carbon footprint/EPD, EU ETS. Serves: GB, Global.",0.8,high,
174,Bureau Veritas Quality Assurance Pte Ltd,firm,https://certification.bureauveritas.com/,1828,Belgium,Singapore (regional office),Singapore; Southeast Asia; Global,energy; product carbon footprint/EPD; manufacturing,singapore-sac-nea,SAC ISO 14065 - Verification at Organisation Level,https://www.sac-accreditation.gov.sg/accredited-org/cab-status-update/,"Listed in Singapore-SAC-NEA registry | Part of global Bureau Veritas with 79,000+ employees | Offers Carbon and Energy certification services via global platform | Registered at 28 Ayer Rajah Crescent, Singapore","Bureau Veritas Quality Assurance Pte Ltd is a carbon/GHG verification body, based in Singapore (regional office), Belgium, established in 1828. Appears in 1 official registry: singapore-sac-nea. Sectors: energy, product carbon footprint/EPD, manufacturing. Serves: Singapore, Southeast Asia, Global.",0.8,high,
175,Bureau Veritas UAE,firm,https://www.bureauveritas.ae/,1828,United Arab Emirates,Not specified,UAE; Middle East; Global,energy; product carbon footprint/EPD; manufacturing,enas-uae,ISO 14065 GHG Validation and Verification,https://embeddedcarbonrecord.com/verification-directory/uae/,"Listed in ENAS-UAE registry | Part of global Bureau Veritas with 79,000+ employees | Middle East regional office offers sustainability solutions | Provides carbon, GHG, and climate services regionally","Bureau Veritas UAE is a carbon/GHG verification body, based in Not specified, United Arab Emirates, established in 1828. Appears in 1 official registry: enas-uae. Sectors: energy, product carbon footprint/EPD, manufacturing. Serves: UAE, Middle East, Global.",0.8,high,
176,Business Quality Verification (BQV),firm,bqv.gr,2020,Greece,Not specified,Greece; Worldwide,product carbon footprint/EPD; forestry/AFOLU; energy; agriculture,redcert,REDcert,https://www.redcert.org/en-us/certification/approved-certification-bodies/,"Listed in REDCERT registry | Accredited by ESYD, member of EA-MLA and IAF | Founded August 2020 as independent Greek certification body | Offers GHG emissions verification (ISO 14064-1)","Business Quality Verification (BQV) is a carbon/GHG verification body, based in Not specified, Greece, established in 2020. Appears in 1 official registry: redcert. Sectors: product carbon footprint/EPD, forestry/AFOLU, energy, agriculture. Serves: Greece, Worldwide.",0.8,high,
177,Business Quality Verification Testing and Certification Services P.C.,firm,bqv.gr,2020,Greece,Not specified,Greece; Worldwide,product carbon footprint/EPD; forestry/AFOLU; agriculture; manufacturing,iscc,,https://www.iscc-system.org/certification/certification-bodies/,"Listed in ISCC registry | Same entity as BQV (P.C. = Greek private company designation) | Accredited by ESYD, member of EA-MLA and IAF | Offers ISCC sustainability certification","Business Quality Verification Testing and Certification Services P.C. is a carbon/GHG verification body, based in Not specified, Greece, established in 2020. Appears in 1 official registry: iscc. Sectors: product carbon footprint/EPD, forestry/AFOLU, agriculture, manufacturing. Serves: Greece, Worldwide.",0.8,high,
178,Carbon Check India Pvt. Ltd.,firm,https://www.carboncheck.co.in/,2012,India,Noida,Global; India,renewable energy; oil and gas; power; transport; agriculture; forestry; mining; telecom; banking; livestock; chemicals,nabcb,NABCB ISO 14065 GHG Verification,https://nabcb.qci.org.in/validation-and-verification-bodies/,"Incorporated 6 March 2012 (CIN U74930DL2012PTC232495) | VVB accreditation by multiple international standards | Validation, verification & certification services provider | 2,000+ GHG & sustainability projects across 100+ countries","Carbon Check India Pvt. Ltd. is a carbon/GHG verification body, based in Noida, India, established in 2012. Appears in 1 official registry: nabcb. Sectors: renewable energy, oil and gas, power, transport, agriculture, forestry. Serves: Global, India.",0.8,high,
179,"Carbon Verification Service, LLC",firm,https://www.carbonverificationservice.com/,,United States,New York,United States,electric power; transportation fuel; natural gas; industrial manufacturing; oil and gas; carbon capture and sequestration,carb-lcfs; carb-mrr,CARB LCFS; MRR Verification (H-25-003),https://ww2.arb.ca.gov/mrr-vb | https://ww2.arb.ca.gov/sites/default/files/2026-05/List%20of%20LCFS%20Verification%20Bodies%20as%20of%202026_04_23.xlsx,"CARB accredited since 2010 for Mandatory Greenhouse Gas Reporting Rule verification | CARB accredited since 2019 for Low Carbon Fuel Standard validation and verification | 50+ years combined staff experience in GHG inventory development | ISO 14001, ISO 14064-3, ISO 14040, ISO 14044 certified expertise","Carbon Verification Service, LLC is a carbon/GHG verification body, based in New York, USA. Appears in 2 official registries: carb-lcfs, carb-mrr. Sectors: electric power, transportation fuel, natural gas, industrial manufacturing, oil and gas, carbon capture and sequestration. Serves: USA.",0.8,high,
180,CertRom S.R.L.,firm,certrom.ro,2000,Romania,Bucharest,Romania; Global,biofuels; bioliquids; bioenergy; food; feed; management systems; organic agriculture,iscc,,https://www.iscc-system.org/certification/certification-bodies/,"RENAR accreditation (Romania's accreditation body) | ISCC certified (accreditation RO 210) | Established November 8, 2000 | Revenue 3.72M RON (2023)","CertRom S.R.L. is a carbon/GHG verification body, based in Bucharest, Romania, established in 2000. Appears in 1 official registry: iscc. Sectors: biofuels, bioliquids, bioenergy, food, feed, management systems. Serves: Romania, Global.",0.8,high,
181,China Standard Conformity Assessment Co. Ltd.,firm,cscac.com.cn,2010,China,,China; Cambodia; Indonesia; Malaysia; Singapore; Thailand; Vietnam,ISCC sustainable fuel certification; ISCC PLUS; ISCC CORSIA; aluminium stewardship; low-carbon energy,iscc,,https://www.iscc-system.org/certification/certification-bodies/,"Founded 2010; established as conformity assessment provider | CNAS Level 5 accreditation | ISCC authorized certification body (EU, PLUS, CORSIA variants) | Aluminium Stewardship Initiative accredited auditor","China Standard Conformity Assessment Co. Ltd. is a carbon/GHG verification body, based in China, established in 2010. Appears in 1 official registry: iscc. Sectors: ISCC sustainable fuel certification, ISCC PLUS, ISCC CORSIA, aluminium stewardship, low-carbon energy. Serves: China, Cambodia, Indonesia, Malaysia.",0.8,high,
182,Climensys Private Limited,firm,,2016,India,Faridabad,India; Global,renewable energy; non-renewable energy; energy demand; afforestation/reforestation; CDM,cdm-all-does; cdm-doe,UNFCCC CDM,https://cdm.unfccc.int/DOE/list/index.html,"Founded ~2016 (based on CIN reference) | UNFCCC CDM accreditation for Sectoral Scopes 1 (energy industries), 3 (energy demand), 14 (afforestation/reforestation) | Accredited by Universal Carbon Registry (UCR), International Carbon Registry (ICR), Global Carbon Registry (GCR) | Headquartered in Faridabad, Haryana, India","Climensys Private Limited is a carbon/GHG verification body, based in Faridabad, India, established in 2016. Appears in 2 official registries: cdm-all-does, cdm-doe. Sectors: renewable energy, non-renewable energy, energy demand, afforestation/reforestation, CDM. Serves: India, Global.",0.8,high,
183,"CONSEJO REGULADOR DEL TEQUILA, A.C.",firm,https://www.crt.org.mx/en/,1994,Mexico,Zapopan,Mexico,energy; industrial; transport; waste; trade; service,mx-semarnat,Mexico RENE,https://www.gob.mx/profepa/acciones-y-programas/organismos-de-tercera-parte,"Accredited OCVGEI (Greenhouse Gas Verification Body) by PROFEPA since 2017 | ISO 14065:2020, ISO 17029:2019, ISO 14064-3:2019 accredited | Verifies GHG inventories for Mexican National Emissions Registry (RENE) and ETS | Set corporate reduction targets: -25% emissions per liter tequila, +12% renewable energy","CONSEJO REGULADOR DEL TEQUILA, A.C. is a carbon/GHG verification body, based in Zapopan, Mexico, established in 1994. Appears in 1 official registry: mx-semarnat. Sectors: energy, industrial, transport, waste, trade, service. Serves: Mexico.",0.8,high,
184,Cotecna Inspection India Private Limited,firm,cotecna.co.in,,India,Not specified,India,energy; product carbon footprint/EPD; aviation,iscc; nabcb,NABCB ISO 14065 GHG Verification,https://nabcb.qci.org.in/validation-and-verification-bodies/ | https://www.iscc-system.org/certification/certification-bodies/,ISO 14064 GHG verification services | ISO 14067 product carbon footprint | First CB in India for ISCC CORSIA (aviation sustainability scheme) | ISCC and NABCB accredited,"Cotecna Inspection India Private Limited is a carbon/GHG verification body, based in Not specified, India. Appears in 2 official registries: iscc, nabcb. Sectors: energy, product carbon footprint/EPD, aviation. Serves: India.",0.8,high,
185,Damien Prunel,individual-practice,https://codde.fr/,2010,France,Moirans,Europe,product carbon footprint/EPD,pep-ecopassport,PEP ecopassport,https://codde.fr/en/evenement-en/2-new-pep-ecopassport-verifiers-at-codde,Joined LCIE Bureau Veritas in February 2010 (individual practice within established firm) | PEP ecopassport® verified approver by International EPD System | Verified 1000+ PEP ecopassport declarations | Verified 160+ FDES/EPD System declarations,"Damien Prunel is a individually approved verifier practice, based in Moirans, France, established in 2010. Appears in 1 official registry: pep-ecopassport. Sectors: product carbon footprint/EPD. Serves: Europe.",0.8,high,
186,DIN CERTCO Gesellschaft für Konformitätsbewertung mbH,firm,www.dincertco.de,1972,Germany,Berlin,Global,Product Carbon Footprint (PCF); Environmental certifications; Construction products; HVAC systems; Textiles; Packaging,sure-eu,SURE-EU,https://sure-system.org/fileadmin/user_upload/SURE/Dokumente/Zertstellen/20260626_Addresses_of_all_Certification_Bodies.pdf,"Founded 1972 by DIN Deutsches Institut für Normung e.V. | Member of TÜV Rheinland Group, sole shareholder since 2019 | Global operations across 50+ countries | Specializes in Product Carbon Footprint and conformity assessment","DIN CERTCO Gesellschaft für Konformitätsbewertung mbH is a carbon/GHG verification body, based in Berlin, Germany, established in 1972. Appears in 1 official registry: sure-eu. Sectors: Product Carbon Footprint (PCF), Environmental certifications, Construction products, HVAC systems, Textiles, Packaging. Serves: Global.",0.8,high,
187,DNV Business Assurance Sweden AB,firm,dnv.com,1864,Sweden,,Sweden,fuels; sustainable biofuels; bioenergy,iscc,,https://www.iscc-system.org/certification/certification-bodies/,"ISCC certification body (ISCC EU, ISCC PLUS, ISCC CORSIA) | Verifies sustainable biofuel supply chains | DNV provides ISCC certification for renewable fuels | Part of global ISCC certifier network (11,000+ companies in 100+ countries certified)","DNV Business Assurance Sweden AB is a carbon/GHG verification body, based in Sweden, established in 1864. Appears in 1 official registry: iscc. Sectors: fuels, sustainable biofuels, bioenergy. Serves: Sweden.",0.8,high,
188,DNV UAE,firm,https://www.dnv.com/ae/,1864,United Arab Emirates,Abu Dhabi,Middle East; UAE; Global,carbon capture and storage (CCS) facility verification; business assurance; energy transition; sustainable practices,enas-uae,ISO 14065 GHG Validation and Verification,https://embeddedcarbonrecord.com/verification-directory/uae/,"ENAS (Emirates National Accreditation System) accredited | DNV certified first CO2 storage site in Middle East | Part of global DNV carbon verification network with 15,000+ employees | 350+ offices in 100+ countries","DNV UAE is a carbon/GHG verification body, based in Abu Dhabi, United Arab Emirates, established in 1864. Appears in 1 official registry: enas-uae. Sectors: carbon capture and storage (CCS) facility verification, business assurance, energy transition, sustainable practices. Serves: Middle East, UAE, Global.",0.8,high,
189,DNV UK Limited,firm,http://www.dnv.com,1864,United Kingdom,UK,United Kingdom; Europe; Global,carbon credit validation and verification; carbon footprinting; emissions trading; voluntary emissions reduction; airport carbon accreditation; corporate GHG inventory verification,ukas,UKAS / UK ETS,https://www.ukas.com/find-an-organisation/browse-by-category/?type=283,"UKAS-accredited for GHG emissions verification (Schedule issued March 26, 2026) | Covers multiple industrial sectors including carbon black, ammonia, bulk chemicals, hydrogen, soda ash | One of world's largest GHG emissions verifiers | Specialists across Europe and worldwide offices","DNV UK Limited is a carbon/GHG verification body, based in UK, United Kingdom, established in 1864. Appears in 1 official registry: ukas. Sectors: carbon credit validation and verification, carbon footprinting, emissions trading, voluntary emissions reduction, airport carbon accreditation, corporate GHG inventory verification. Serves: UK, Europe, Global.",0.8,high,
190,Double Helix Tracking Technologies Pte Ltd,firm,doublehelixtracking.com,2008,Singapore,Singapore,Singapore; Indonesia; Malaysia; Asia-Pacific; 20+ countries globally,ISCC sustainable biomass certification; carbon footprint certification (ISCC CFC); timber species and origin verification; supply chain traceability; deforestation-free verification,iscc,,https://www.iscc-system.org/certification/certification-bodies/,Founded June 2008 by Darren Thomas and Kevin Hill | SAC-accredited for ISCC certification (PD-2020-22-01) | ISCC Carbon Footprint Certification (CFC) auditor capability | Operates in 13+ global locations with qualified auditors,"Double Helix Tracking Technologies Pte Ltd is a carbon/GHG verification body, based in Singapore, Singapore, established in 2008. Appears in 1 official registry: iscc. Sectors: ISCC sustainable biomass certification, carbon footprint certification (ISCC CFC), timber species and origin verification, supply chain traceability, deforestation-free verification. Serves: Singapore, Indonesia, Malaysia, Asia-Pacific.",0.8,high,
191,Dr. Andreas Ciroth,individual-practice,greendelta.com,2004,Germany,Berlin,Global,product carbon footprint/EPD; LCA,ibu-epd,IBU EPD,https://ibu-epd.com/en/ibu/verifiers/,CEO and founder of GreenDelta GmbH | PhD in error calculation in LCA (2001) | Author and lead of openLCA open-source software | International expert in social LCA,"Dr. Andreas Ciroth is a individually approved verifier practice, based in Berlin, Germany, established in 2004. Appears in 1 official registry: ibu-epd. Sectors: product carbon footprint/EPD, LCA. Serves: Global.",0.8,high,
192,Dr. Jane Andersson,individual-practice,constructionlca.co.uk,2023,United Kingdom,Lincolnshire,Global; EU,product carbon footprint/EPD; embodied carbon; building LCA,ibu-epd,IBU EPD,https://ibu-epd.com/en/ibu/verifiers/,"PhD on Reducing Embodied Carbon in Built Environment (2023, Open University) | 20+ years in LCA and EPD for construction products | Approved verifier for BRE, EPD Ireland, IBU, EPD Norge, and International EPD programmes | Expert in CEN/TC350 WG3 and ISO TC59 SC17","Dr. Jane Andersson is a individually approved verifier practice, based in Lincolnshire, United Kingdom, established in 2023. Appears in 1 official registry: ibu-epd. Sectors: product carbon footprint/EPD, embodied carbon, building LCA. Serves: Global, EU.",0.8,high,
193,Dr. Matthew Fishwick,individual-practice,https://fishwickenvironmental.com,2012,United Kingdom,Not specified,Global,EPD verification; construction products; chemicals; food and drink; oil and gas,ibu-epd,IBU EPD,https://ibu-epd.com/en/ibu/verifiers/,IBU-approved independent verifier | >300 EPD verifications | 18+ years sustainability experience | Ph.D. in environmental chemistry,"Dr. Matthew Fishwick is a individually approved verifier practice, based in Not specified, United Kingdom, established in 2012. Appears in 1 official registry: ibu-epd. Sectors: EPD verification, construction products, chemicals, food and drink, oil and gas. Serves: Global.",0.8,high,
194,Dr. Naeem Adibi,individual-practice,https://www.weloop.org,2017,France,Lambersart,France; Europe,EPD verification; LCA; batteries; building construction; automotive; recycling; industrial,ibu-epd,IBU EPD,https://ibu-epd.com/en/ibu/verifiers/,CEO and founder of WeLOOP | Ph.D. in civil engineering (Ecole Centrale de Lille) | IBU-approved individual verifier | EPD International approved verifier,"Dr. Naeem Adibi is a individually approved verifier practice, based in Lambersart, France, established in 2017. Appears in 1 official registry: ibu-epd. Sectors: EPD verification, LCA, batteries, building construction, automotive, recycling. Serves: France, Europe.",0.8,high,
195,Dr. Niels Jungbluth,individual-practice,https://esu-services.ch,2006,Switzerland,Schaffhausen,Global,EPD verification; LCA; food systems; biomass; energy systems; building products; metals; input-output analysis; sustainable consumption,ibu-epd,IBU EPD,https://ibu-epd.com/en/ibu/verifiers/,Co-founder ESU-services GmbH (2006) | CEO since 2012 | Ph.D. from ETH (Swiss Federal Institute of Technology) | IBU-approved individual verifier since 2014,"Dr. Niels Jungbluth is a individually approved verifier practice, based in Schaffhausen, Switzerland, established in 2006. Appears in 1 official registry: ibu-epd. Sectors: EPD verification, LCA, food systems, biomass, energy systems, building products. Serves: Global.",0.8,high,
196,Dr. Wolfram Trinius,individual-practice,https://www.ingenieurbuero-trinius.de,2000,Germany,Hamburg,Germany; Europe,EPD verification; building products; sustainable construction; end-of-life building product assessment,ibu-epd,IBU EPD,https://ibu-epd.com/en/ibu/verifiers/,Ph.D. in LCA building construction | Managing partner Ingenieurbuero Trinius since 2000 | Independent verifier to IBU EPD program | Involved in ISO and CEN standardization for EPDs,"Dr. Wolfram Trinius is a individually approved verifier practice, based in Hamburg, Germany, established in 2000. Appears in 1 official registry: ibu-epd. Sectors: EPD verification, building products, sustainable construction, end-of-life building product assessment. Serves: Germany, Europe.",0.8,high,
197,Dromon Bureau of Shipping I.K.E,firm,http://www.dromon.com,2003,Greece,,EU; United Kingdom; Global (maritime),Maritime transport/shipping emissions,ukas,UKAS / UK ETS,https://www.ukas.com/find-an-organisation/browse-by-category/?type=283,UKAS accreditation under ISO 14065 | EU-MRV Regulation verification body | UK-MRV Regulation verification body | Recognized Organization for maritime verification,"Dromon Bureau of Shipping I.K.E is a carbon/GHG verification body, based in Greece, established in 2003. Appears in 1 official registry: ukas. Sectors: Maritime transport/shipping emissions. Serves: EU, UK, Global (maritime).",0.8,high,
198,DROMON BUREAU OF SHIPPING P.C.,firm,https://www.dromon.com/,2003,Greece,,EU; Global,Maritime transport/shipping emissions,esyd,EU ETS (2018/2067 Section 2 - Maritime MRV),https://esyd.gr/list-of-accredited-verification-bodies-of-greenhouse-gases-emissions/,UKAS accreditation under ISO 14065 | EU-MRV and UK-MRV verification authority | Listed on ESYD registry | Recognized maritime classification society,"DROMON BUREAU OF SHIPPING P.C. is a carbon/GHG verification body, based in Greece, established in 2003. Appears in 1 official registry: esyd. Sectors: Maritime transport/shipping emissions. Serves: EU, Global.",0.8,high,
199,Earthhood Service Private Limited,firm,https://www.earthood.com,2012,India,,Global; India; UAE; Turkey; Brazil; China; United Kingdom,Renewable energy; Forestry/AFOLU; Agriculture; Waste management; Industrial projects; ESG,gcc,Global Carbon Council,https://www.earthood.com/,VVB (Validation and Verification Body) status | Listed on GCC registry | Part of Earthood group (2500+ organizations verified) | Offices in 6 countries,"Earthhood Service Private Limited is a carbon/GHG verification body, based in India, established in 2012. Appears in 1 official registry: gcc. Sectors: Renewable energy, Forestry/AFOLU, Agriculture, Waste management, Industrial projects, ESG. Serves: Global, India, UAE, Turkey.",0.8,high,
200,EarthShift Global,firm,https://earthshiftglobal.com/,2000,United States,"Kittery, Maine",United States; Global,Product carbon footprint/EPD; LCA consulting,smart-epd,SmartEPD,https://smartepd.com/resources/#independent_verifiers,Listed on SMART-EPD registry | Provides critical reviews of LCA studies | EPD verification services | ISO 14025 compliance,"EarthShift Global is a carbon/GHG verification body, based in Kittery, Maine, United States, established in 2000. Appears in 1 official registry: smart-epd. Sectors: Product carbon footprint/EPD, LCA consulting. Serves: United States, Global.",0.8,high,
201,Eco Engineers,firm,www.ecoengineers.us,2009,United States,Des Moines,United States; Canada; Europe,biodiesel; ethanol; hydrogen; renewable natural gas; renewable fuels; voluntary carbon markets,carb-mrr,MRR Verification (H-24-002),https://ww2.arb.ca.gov/mrr-vb,Founded 2009 by Shashi Menon and Jim Ramm | ANSI/ANAB ISO accreditation for GHG verification | Roundtable on Sustainable Biomaterials approved certification body | Named Top 10 Sustainable Consulting Firms by Sustainability Magazine,"Eco Engineers is a carbon/GHG verification body, based in Des Moines, United States, established in 2009. Appears in 1 official registry: carb-mrr. Sectors: biodiesel, ethanol, hydrogen, renewable natural gas, renewable fuels, voluntary carbon markets. Serves: United States, Canada, Europe.",0.8,high,
202,EcoCira Inc.,firm,www.ecocira.com,,United States,Santa Monica,California; Oregon; Washington; United States,oil and gas; renewable fuels; business and commercial; industrial manufacturing; transportation and logistics; net zero,carb-lcfs; carb-mrr,CARB LCFS; MRR Verification (H-25-032),https://ww2.arb.ca.gov/mrr-vb | https://ww2.arb.ca.gov/sites/default/files/2026-05/List%20of%20LCFS%20Verification%20Bodies%20as%20of%202026_04_23.xlsx,Accredited third-party verification body for CA/OR/WA under GHG reporting rule | Low Carbon Fuel Standards (LCFS) verifier | CARB MRR accredited verifier | GHG Protocol program verifier,"EcoCira Inc. is a carbon/GHG verification body, based in Santa Monica, United States. Appears in 2 official registries: carb-lcfs, carb-mrr. Sectors: oil and gas, renewable fuels, business and commercial, industrial manufacturing, transportation and logistics, net zero. Serves: California, Oregon, Washington, United States.",0.8,high,
203,Ellen Soldal,firm,https://norsus.no/en/ansatt/ellen-soldal/,2015,Norway,Ås,Norway; Nordic region,LCA; EPD; energy; biorefining; forest products,epd-norge,EPD Norge,https://www.epd-global.com/epd-er/lage-epder/uavhengige-verifikatorer/,"Senior researcher / Research manager at NORSUS (Norwegian research institute) | PhD in LCA from Norwegian University of Life Sciences (NMBU), completed 2015 | Master's degree in nature management, NMBU 2005 | Approved individual verifier for EPD-Norge","Ellen Soldal is a carbon/GHG verification body, based in Ås, Norway, established in 2015. Appears in 1 official registry: epd-norge. Sectors: LCA, EPD, energy, biorefining, forest products. Serves: Norway, Nordic region.",0.8,high,
204,ERG,firm,https://www.erg.com/service/life-cycle-services,1984,United States,Cambridge,United States; Global,LCA; EPD; carbon footprint; embodied carbon; energy; water; agriculture; construction; packaging,smart-epd,SmartEPD,https://smartepd.com/resources/#independent_verifiers,"Founded 1984, 40+ years in operation | Franklin Associates (acquired 2003) pioneered LCI concept over 50 years ago | ISO 14040/44 compliant LCAs | Listed on Smart EPD registry","ERG is a carbon/GHG verification body, based in Cambridge, United States, established in 1984. Appears in 1 official registry: smart-epd. Sectors: LCA, EPD, carbon footprint, embodied carbon, energy, water. Serves: United States, Global.",0.8,high,
205,ERM Certification & Verification Services Limited,firm,www.ermcvs.com,1996,United Kingdom,London,United Kingdom; Europe; Global,GHG verification; voluntary carbon markets; carbon certification; management systems,ukas-full,UKAS,https://www.ukas.com/download-schedule/0067/Verification/,UKAS accredited body | ISO 14065:2020 accredited | ANSI ANAB accredited | VVB status on multiple registries,"ERM Certification & Verification Services Limited is a carbon/GHG verification body, based in London, United Kingdom, established in 1996. Appears in 1 official registry: ukas-full. Sectors: GHG verification, voluntary carbon markets, carbon certification, management systems. Serves: United Kingdom, Europe, Global.",0.8,high,
206,"ESTS (Extensive Standard Technical Services Co., Ltd.)",firm,estsglobal.com,2013,Switzerland,Geneva (Cotecna Group HQ); operations in Singapore,Asia-Pacific; Europe; North America,Energy (renewable and fossil fuels); Carbon certification; Zero-Carbon Energy Certification (ZCEC),iscc,,https://www.iscc-system.org/certification/certification-bodies/,ISCC (International Sustainability & Carbon Certification) accredited body | Accredited as verification body for Zero-Carbon Energy Certification | Part of Cotecna Group with global operations spanning 3 continents | Founded 2013; subsidiary of Switzerland-headquartered Cotecna,"ESTS (Extensive Standard Technical Services Co., Ltd.) is a carbon/GHG verification body, based in Geneva (Cotecna Group HQ); operations in Singapore, Switzerland, established in 2013. Appears in 1 official registry: iscc. Sectors: Energy (renewable and fossil fuels), Carbon certification, Zero-Carbon Energy Certification (ZCEC). Serves: Asia-Pacific, Europe, North America.",0.8,high,
207,EUROCERT Α.Ε. - European Inspection and Certification Company SA,firm,https://en.eurocert.group/,1998,Greece,Athens (Metamorfosi),Global,Environmental Product Declaration (EPD); Carbon footprint; Sustainability; Food & agriculture; Retail; Healthcare; Waste; Building materials; Transportation; Maritime; Energy; Mining; Tourism,esyd,"EU ETS (2018/2067 Section 1), ISO 14064-1, ICAO CORSIA",https://esyd.gr/list-of-accredited-verification-bodies-of-greenhouse-gases-emissions/,"Founded 1998 | Global first in EPD verification for plastic reduction claims | Accredited by multiple international bodies | Operations across China, Romania, Greece, Spain, France, Albania, Italy, USA, India, Saudi Arabia, Russia, Canada, Peru, UAE, Bulgaria","EUROCERT Α.Ε. - European Inspection and Certification Company SA is a carbon/GHG verification body, based in Athens (Metamorfosi), Greece, established in 1998. Appears in 1 official registry: esyd. Sectors: Environmental Product Declaration (EPD), Carbon footprint, Sustainability, Food & agriculture, Retail, Healthcare. Serves: Global.",0.8,high,
208,FITI Testing & Research Institute,firm,fiti.re.kr,1966,South Korea,Seoul,South Korea,product carbon footprint certification; ISCC carbon footprint certification,iscc,,https://www.iscc-system.org/certification/certification-bodies/,Established 1966 (60 years in operation) | ISCC certification body identifier KR204 | KOLAS accreditation (nationally accredited testing and certification body KOLAS No.1) | Global testing and research organization with expertise across multiple sectors,"FITI Testing & Research Institute is a carbon/GHG verification body, based in Seoul, South Korea, established in 1966. Appears in 1 official registry: iscc. Sectors: product carbon footprint certification, ISCC carbon footprint certification. Serves: South Korea.",0.8,high,
209,FoodChain ID Certification L.C.,firm,https://www.foodchainid.com/,1996,Brazil,,Global,carbon verification; regenerative agriculture carbon credits; product carbon footprint; food supply chain sustainability,socialcarbon,,https://www.socialcarbon.org/vvbs,"Parent company FoodChain ID Group established 1996 (30 years) | 30,000+ clients across food, beverage, and supplement sectors | ISO 14065-accredited for verification services | Operations in 100+ countries","FoodChain ID Certification L.C. is a carbon/GHG verification body, based in Brazil, established in 1996. Appears in 1 official registry: socialcarbon. Sectors: carbon verification, regenerative agriculture carbon credits, product carbon footprint, food supply chain sustainability. Serves: Global.",0.8,high,
210,Futurepast Inc.,firm,www.futurepast.com,1994,United States,Ann Arbor,North America,GHG/energy; aviation,tcr,,https://theclimateregistry.org/wp-content/uploads/2023/04/Applicant-VB-List.pdf,"Founded September 15, 1994 - 32 years in operation | Provides GHG verification and validation services | Specializes in management systems and carbon accounting | Acquired by Omnex (Ann Arbor, Michigan) in October 2024","Futurepast Inc. is a carbon/GHG verification body, based in Ann Arbor, United States, established in 1994. Appears in 1 official registry: tcr. Sectors: GHG/energy, aviation. Serves: North America.",0.8,high,
211,Gaspard Philis,firm,https://lca.no/,,Norway,Oslo,Norway,EPD; LCA; building materials; aquaculture,epd-norge; smart-epd,EPD Norge; SmartEPD,https://smartepd.com/resources/#independent_verifiers | https://www.epd-global.com/epd-er/lage-epder/uavhengige-verifikatorer/,Listed in EPD-Norge and Smart EPD registries | Holds PhD in biology with master's in industrial ecology | Projects include Amina Charging EPD development and Norwegian Seafood Federation environmental documentation | Works on R&D for digital cloud-based environmental documentation standards,"Gaspard Philis is a carbon/GHG verification body, based in Oslo, Norway. Appears in 2 official registries: epd-norge, smart-epd. Sectors: EPD, LCA, building materials, aquaculture. Serves: Norway.",0.8,high,
212,General Incorporated Foundation Kaken Test Center (一般財団法人カケンテストセンター),firm,https://www.kaken.or.jp/sumpo_epd_verification,1948,Japan,,Japan,EPD; textiles; leather; paper; rubber; plastics; building materials,ecoleaf,SuMPO EPD,https://ecoleaf-label.jp/contents/epd/verification/,Founded 1948 as Japan Synthetic Textile Inspection Institute Foundation | Became 'General Incorporated Foundation Kaken Test Center' in 2011 | Third-party verification body for SuMPO EPD program (Ecoleaf) | 70+ years of continuous operation,"General Incorporated Foundation Kaken Test Center (一般財団法人カケンテストセンター) is a carbon/GHG verification body, based in Japan, established in 1948. Appears in 1 official registry: ecoleaf. Sectors: EPD, textiles, leather, paper, rubber, plastics. Serves: Japan.",0.8,high,
213,Global-Creative-Energy GmbH,firm,global-creative-energy.eu,,Germany,Berlin,Germany; Europe,biofuels; renewable energy; agriculture; sustainability,iscc; redcert,REDcert,https://www.iscc-system.org/certification/certification-bodies/ | https://www.redcert.org/en-us/certification/approved-certification-bodies/,ISCC certification body with registration DE-B-BLE-BM-ZSt-103 | Approved REDcert certification body | Listed in ISCC System approved certification bodies | Listed in REDcert approved certification bodies,"Global-Creative-Energy GmbH is a carbon/GHG verification body, based in Berlin, Germany. Appears in 2 official registries: iscc, redcert. Sectors: biofuels, renewable energy, agriculture, sustainability. Serves: Germany, Europe.",0.8,high,
214,Green Certificaciones E Inspecciones,firm,greenci.com.mx,,Mexico,Mexico City,Mexico,forestry/AFOLU; agriculture; carbon,anab; car,ANAB ISO 14065; Climate Action Reserve,https://climateactionreserve.org/how/verification/connect-with-a-verification-body/,"EMA (Entidad Mexicana de Acreditación) accreditation | Climate Action Reserve (CAR) approved verification body | 149,963+ CRTs (carbon removal tonnes) verified | 298,000+ hectares verified","Green Certificaciones E Inspecciones is a carbon/GHG verification body, based in Mexico City, Mexico. Appears in 2 official registries: anab, car. Sectors: forestry/AFOLU, agriculture, carbon. Serves: Mexico.",0.8,high,
215,Green Domus,firm,www.greendomus.com.br,2005,Brazil,São Paulo,Brazil,biofuels; energy; agriculture; carbon footprint,carb-lcfs,CARB LCFS,https://ww2.arb.ca.gov/sites/default/files/2026-05/List%20of%20LCFS%20Verification%20Bodies%20as%20of%202026_04_23.xlsx,"First ANP (National Agency of Oil, Natural Gas and Biofuels) accredited company for RenovaBio certification | Among five inspection firms accredited for biofuel certification (RenovaBio) | GHG emissions inventory verification capability | LCFS (Low Carbon Fuel Standard) / CARB verification services","Green Domus is a carbon/GHG verification body, based in São Paulo, Brazil, established in 2005. Appears in 1 official registry: carb-lcfs. Sectors: biofuels, energy, agriculture, carbon footprint. Serves: Brazil.",0.8,high,
216,GSCI Services Pvt Ltd,firm,https://www.gsciservices.com/,2019,India,Mumbai,Global,organic certification; textile sustainability; management systems; greenhouse gas validation/verification,verra-vvb,,https://verra.org/validation-verification/,"Verra VVB ID: 085 | Applying for ISO 14065 VCS accreditation (conditional/pending approval) | ANSI ANAB accreditation for textiles and organic (GOTS, OCS, RCS, GRS, NPOP, PGS) | Registered as control body for multiple sustainability certifications","GSCI Services Pvt Ltd is a carbon/GHG verification body, based in Mumbai, India, established in 2019. Appears in 1 official registry: verra-vvb. Sectors: organic certification, textile sustainability, management systems, greenhouse gas validation/verification. Serves: Global.",0.8,high,
217,Guardian Independent Certification Pte Ltd,firm,gicgrp.com,2002,Singapore,Singapore,Singapore; Global,carbon footprint certification; GHG verification; ISCC sustainability/carbon; management systems,iscc,,https://www.iscc-system.org/certification/certification-bodies/,"Established 2002 (24 years in operation) | ISCC Cooperating Certification Body | SAC accredited | Offers ISO 9001, 14001, 45001, 22000, 27001 management systems","Guardian Independent Certification Pte Ltd is a carbon/GHG verification body, based in Singapore, Singapore, established in 2002. Appears in 1 official registry: iscc. Sectors: carbon footprint certification, GHG verification, ISCC sustainability/carbon, management systems. Serves: Singapore, Global.",0.8,high,
218,GUT Certifizierungsgesellschaft,firm,gut-cert.de,1997,Germany,Berlin,Germany; Europe,carbon footprint verification; climate neutrality; airport carbon accreditation; logistics emissions; EU emissions trading/CBAM; renewable energy; sustainable biofuels,redcert,REDcert,https://www.redcert.org/en-us/certification/approved-certification-bodies/,Founded 1997 (29 years in operation) | DAkkS accredited for corporate carbon footprint verification since 2013 | DAkkS accredited for product carbon footprint verification since 2024 | Offers ISO management system certifications,"GUT Certifizierungsgesellschaft is a carbon/GHG verification body, based in Berlin, Germany, established in 1997. Appears in 1 official registry: redcert. Sectors: carbon footprint verification, climate neutrality, airport carbon accreditation, logistics emissions, EU emissions trading/CBAM, renewable energy. Serves: Germany, Europe.",0.8,high,
219,GUT Certifizierungsgesellschaft für Managementsysteme mbH,firm,gut-cert.de,1997,Germany,Berlin,Germany; Europe,carbon footprint verification; ISCC sustainability/carbon; management systems,iscc,,https://www.iscc-system.org/certification/certification-bodies/,"Founded 1997 (29 years in operation) | ISCC accredited verification body | DAkkS accreditation for carbon services | ISO management system certifications (9001, 14001, 45001, 27001)","GUT Certifizierungsgesellschaft für Managementsysteme mbH is a carbon/GHG verification body, based in Berlin, Germany, established in 1997. Appears in 1 official registry: iscc. Sectors: carbon footprint verification, ISCC sustainability/carbon, management systems. Serves: Germany, Europe.",0.8,high,
220,"H Thomas (Tom) Etheridge, Ph.D.",individual-practice,https://earthshiftglobal.com/,2000,United States,Kittery,Global,EPD; product carbon footprint; LCA,smart-epd,SmartEPD,https://smartepd.com/resources/#independent_verifiers,PhD in chemistry | ACLCA Lifetime LCA Leadership Award 2022 | 25+ years in LCA/carbon footprint work at HP | Principal Sustainability Advisor at EarthShift Global (since 2021),"H Thomas (Tom) Etheridge, Ph.D. is a individually approved verifier practice, based in Kittery, United States, established in 2000. Appears in 1 official registry: smart-epd. Sectors: EPD, product carbon footprint, LCA. Serves: Global.",0.8,high,
221,HELLENIC LLOYD'S S.A.,firm,http://www.lr.org,,Greece,Athens,Greece; Europe; Global maritime,GHG verification; ISO 14064 validation and verification; Maritime emissions (UK MRV); CDM,esyd; ukas,EU ETS (2018/2067 Section 2 - Maritime MRV); UKAS / UK ETS,https://esyd.gr/list-of-accredited-verification-bodies-of-greenhouse-gases-emissions/ | https://www.ukas.com/find-an-organisation/browse-by-category/?type=283,UKAS accreditation ISO 14065:2013 (valid until 2027) | UK Shipping MRV accreditation | Lloyd's Register affiliate | Listed in ESYD (Hellenic Accreditation System),"HELLENIC LLOYD'S S.A. is a carbon/GHG verification body, based in Athens, Greece. Appears in 2 official registries: esyd, ukas. Sectors: GHG verification, ISO 14064 validation and verification, Maritime emissions (UK MRV), CDM. Serves: Greece, Europe, Global maritime.",0.8,high,
222,Holstein Cert GmbH,firm,www.holstein-cert.de,2022,Germany,Nienborstel,Germany; Europe,Biomass sustainability; Renewable fuels; Bioenergy; Carbon emissions (RED III compliance),sure-eu,SURE-EU,https://sure-system.org/fileadmin/user_upload/SURE/Dokumente/Zertstellen/20260626_Addresses_of_all_Certification_Bodies.pdf,Founded 2022 | SURE (Sustainable Resources Verification) certification provider | REDcert partner and auditor | RED III compliance verification,"Holstein Cert GmbH is a carbon/GHG verification body, based in Nienborstel, Germany, established in 2022. Appears in 1 official registry: sure-eu. Sectors: Biomass sustainability, Renewable fuels, Bioenergy, Carbon emissions (RED III compliance). Serves: Germany, Europe.",0.8,high,
223,IFU-CERT,firm,ifu-cert.de,2000,Germany,Hannover,Germany,carbon footprint verification; Airport Carbon Accreditation; emissions trading; sustainability certifications,redcert,REDcert,https://www.redcert.org/en-us/certification/approved-certification-bodies/,Founded 2000 (26 years in operation) | Approved verifier for Airport Carbon Accreditation (ACA) program | In accreditation process for carbon footprint services and emissions trading verification | Part of CERTANIA Group,"IFU-CERT is a carbon/GHG verification body, based in Hannover, Germany, established in 2000. Appears in 1 official registry: redcert. Sectors: carbon footprint verification, Airport Carbon Accreditation, emissions trading, sustainability certifications. Serves: Germany.",0.8,high,
224,IFU-CERT Zertifizierungsgesellschaft für Managementsysteme mbH,firm,www.ifu-cert.de,2000,Germany,Hannover,Germany,carbon footprint verification; sustainability certifications; emissions verification,sure-eu,SURE-EU,https://sure-system.org/fileadmin/user_upload/SURE/Dokumente/Zertstellen/20260626_Addresses_of_all_Certification_Bodies.pdf,"Founded 2000 as IFU-CERT GmbH (26 years in operation) | Carbon footprint verification services in accreditation | Sustainability certifications: SURE, REDcert, We Impact | ISO 14065 potential accreditation for GHG verification","IFU-CERT Zertifizierungsgesellschaft für Managementsysteme mbH is a carbon/GHG verification body, based in Hannover, Germany, established in 2000. Appears in 1 official registry: sure-eu. Sectors: carbon footprint verification, sustainability certifications, emissions verification. Serves: Germany.",0.8,high,
225,IMQ,firm,https://www.imq.it/en,1999,IT,Italy,EU; Italy,product carbon footprint/EPD,epditaly,EPDItaly,https://www.epditaly.it/en/verification/,"Accredited by EPD Italy as certification body for Environmental Product Declarations | Verified over 115,000 products | ISO 14025 and ISO 14040-44 compliant | Accreditation from international body with mutual recognition agreement","IMQ is a carbon/GHG verification body, based in Italy, IT, established in 1999. Appears in 1 official registry: epditaly. Sectors: product carbon footprint/EPD. Serves: EU, Italy.",0.8,high,
226,InnoTech Alberta,firm,https://innotechalberta.ca/,2010,Canada,Edmonton,Canada; North America,energy; agriculture,scc,SCC Greenhouse Gas (ISO 14065); SCC ISO 14065,https://innotechalberta.ca/third-party-greenhouse-gas-ghg-validation-services/ | https://scc-ccn.ca/search/accredited-organizations?f%5B0%5D=program%3A481,Accredited by Standards Council of Canada (SCC) for GHG Validation & Verification | Accreditation valid 2021-June 2029 | ISO/IEC 17029:2019 compliant | ~123-265 employees (varies by source),"InnoTech Alberta is a carbon/GHG verification body, based in Edmonton, Canada, established in 2010. Appears in 1 official registry: scc. Sectors: energy, agriculture. Serves: Canada, North America.",0.8,high,
227,Interface NRM Limited,firm,https://interface-nrm.co.uk,2000,United Kingdom,Wolverhampton,United Kingdom,energy; manufacturing,ukas,UKAS / UK ETS,https://www.ukas.com/find-an-organisation/browse-by-category/?type=283,UKAS accredited ISO 14064-1 GHG verification provider | Employee-owned certification body | Accreditation awarded 2012 | PAS 2060 validation partner,"Interface NRM Limited is a carbon/GHG verification body, based in Wolverhampton, United Kingdom, established in 2000. Appears in 1 official registry: ukas. Sectors: energy, manufacturing. Serves: United Kingdom.",0.8,high,
228,Intertek South Africa,firm,https://www.intertek.com/south-africa/,1885,South Africa,,South Africa; Global,energy; manufacturing; waste; transport; CCS/CDR; agriculture,sanas,ISO 14065,https://embeddedcarbonrecord.com/verification-directory/south-africa/,SANAS accreditation for verification services | Verra VVB accreditation (group-level) | ANSI ANAB accreditation for GHG validation/verification | AA1000 Licensed Assurance Provider,"Intertek South Africa is a carbon/GHG verification body, based in South Africa, established in 1885. Appears in 1 official registry: sanas. Sectors: energy, manufacturing, waste, transport, CCS/CDR, agriculture. Serves: South Africa, Global.",0.8,high,
229,Intertek UAE,firm,https://www.intertek.com/uae/,1885,United Arab Emirates,,United Arab Emirates; GCC region; Global,energy; manufacturing; product carbon footprint/EPD; agriculture; transport,enas-uae,ISO 14065 GHG Validation and Verification,https://embeddedcarbonrecord.com/verification-directory/uae/,"ENAS-UAE registry accreditation confirmed | GHG verification services per ISO 14064-3 | Environmental Product Declaration (LCA) services | Intertek group has 45,000+ employees, 1,000+ labs/offices globally","Intertek UAE is a carbon/GHG verification body, based in United Arab Emirates, established in 1885. Appears in 1 official registry: enas-uae. Sectors: energy, manufacturing, product carbon footprint/EPD, agriculture, transport. Serves: United Arab Emirates, GCC region, Global.",0.8,high,
230,ISSPL Limited,firm,https://isspl.com/,2014,India,Mumbai,India,energy; greenhouse gas management; ESG,nabcb,NABCB ISO 14065 GHG Verification,https://nabcb.qci.org.in/validation-and-verification-bodies/,ISO 9001 certified | ISO 17020 Type A Inspection Body accredited | ISO 17025 accredited testing services | Listed in NABCB registry,"ISSPL Limited is a carbon/GHG verification body, based in Mumbai, India, established in 2014. Appears in 1 official registry: nabcb. Sectors: energy, greenhouse gas management, ESG. Serves: India.",0.8,high,
231,Jack Geibig,individual-practice,http://www.ecoform.com/,2007,United States,Knoxville,North America; Europe,product carbon footprint; EPD; building materials,smart-epd,SmartEPD,https://smartepd.com/resources/#independent_verifiers,"Critical reviewer of 500+ EPDs | Verified 100+ EPDs independently | Works with NSF International, UL Environment, Sustainable Minds, Smart EPD as verifier | Chairs PCR reviews for flooring, roofing, concrete, and wood products","Jack Geibig is a individually approved verifier practice, based in Knoxville, United States, established in 2007. Appears in 1 official registry: smart-epd. Sectors: product carbon footprint, EPD, building materials. Serves: North America, Europe.",0.8,high,
232,JMA Sustainability Center (JMASusC) / 日本能率協会サステナビリティセンター,firm,https://jmasusc.jma.or.jp/,2006,Japan,Tokyo,Japan; Asia,GHG verification; carbon offset programs; J-Credit certification,jcredit,J-Credit,https://jmasusc.jma.or.jp/,"Established 2006, 20 years operating | ISO 14065 accreditation since May 2011 | Designated greenhouse gas validation and verification body by Japan Accreditation Board (JAB) | CDP accredited solutions provider","JMA Sustainability Center (JMASusC) / 日本能率協会サステナビリティセンター is a carbon/GHG verification body, based in Tokyo, Japan, established in 2006. Appears in 1 official registry: jcredit. Sectors: GHG verification, carbon offset programs, J-Credit certification. Serves: Japan, Asia.",0.8,high,
233,KBS,firm,https://www.kbscertification.com,2005,India,Faridabad,India; Global,Energy; Manufacturing; Infrastructure; Renewable energy; Carbon credits; GHG verification; EPD,plan-vivo,,https://www.planvivo.org/listing/category/approved-vvbs,"35+ million carbon credits verified since 2011 | 2,500+ carbon projects verified | 20+ years of experience | Listed on Plan Vivo registry","KBS is a carbon/GHG verification body, based in Faridabad, India, established in 2005. Appears in 1 official registry: plan-vivo. Sectors: Energy, Manufacturing, Infrastructure, Renewable energy, Carbon credits, GHG verification. Serves: India, Global.",0.8,high,
234,"KERAMIDA, Inc.",firm,https://www.keramida.com/services,1988,United States,Indianapolis,Global,GHG verification; Manufacturing; Steel production; Oil & gas; Power & utilities; Healthcare/Pharma; Renewable energy; Sustainability & climate change,carb-mrr,MRR Verification (H-25-029),https://ww2.arb.ca.gov/mrr-vb,"Founded 1988 by Vicky Keramida, Ph.D. | CDP Global Gold Verification Provider | AA1000 Licensed Assurance Provider | ISO 14064-3 independent GHG verification","KERAMIDA, Inc. is a carbon/GHG verification body, based in Indianapolis, United States, established in 1988. Appears in 1 official registry: carb-mrr. Sectors: GHG verification, Manufacturing, Steel production, Oil & gas, Power & utilities, Healthcare/Pharma. Serves: Global.",0.8,high,
235,Kiwa GmbH,firm,https://www.kiwa.com/de/en-de/,1948,Germany,Berlin,Global,EPD; product carbon footprint; LCA; construction products,dakks,DAkkS ISO 17029 Verification Body,https://www.dakks.de/en/accredited-bodies-search.html,"DAKKS accreditation D-PL-11217-01-02 (since January 2026, ISO/IEC 17025) | EPD programme operator (Kiwa-Ecobility Experts) | Multiple subsidiary DAKKS accreditations since 2011 | ISO 17065 certification for product certification","Kiwa GmbH is a carbon/GHG verification body, based in Berlin, Germany, established in 1948. Appears in 1 official registry: dakks. Sectors: EPD, product carbon footprint, LCA, construction products. Serves: Global.",0.8,high,
236,Korean Standards Association,firm,,,South Korea,,South Korea,energy; manufacturing; waste,cdm-all-does; cdm-doe; korea-ets; un-pacm,Article 6.4 (PACM); K-ETS; UNFCCC CDM,https://cdm.unfccc.int/DOE/list/index.html | https://nier.go.kr/front/kor/cmm/nier_law01.do?menuNo=13004 | https://unfccc.int/process-and-meetings/the-paris-agreement/article-6/article-64-pacm/accreditation,Accredited as Designated Operational Entity (DOE) under CDM for validation and verification services | Listed in multiple CDM project databases as verification body,"Korean Standards Association is a carbon/GHG verification body, based in South Korea. Appears in 4 official registries: cdm-all-does, cdm-doe, korea-ets, un-pacm. Sectors: energy, manufacturing, waste. Serves: South Korea.",0.8,high,
237,LRQA France SAS,firm,https://www.lrqa.com/en/,1985,France,Lyon,France; Europe,biofuels; biomaterials; sustainable aviation fuel; green hydrogen; synthetic fuels; GHG verification,rsb,RSB,https://rsb.org/certification/certification-bodies/,"COFRAC accredited to ISO 17065 | Recognized RSB (Roundtable on Sustainable Biomaterials) certification body | EcoEngineers partnership (acquired March 2025) for biofuel/biomaterial expertise | Technical expertise in SAF, hydrogen, and synthetic fuel GHG assessment","LRQA France SAS is a carbon/GHG verification body, based in Lyon, France, established in 1985. Appears in 1 official registry: rsb. Sectors: biofuels, biomaterials, sustainable aviation fuel, green hydrogen, synthetic fuels, GHG verification. Serves: France, Europe.",0.8,high,
238,Lucas Pedro Berman,individual-practice,http://www.sendaconsultorias.com/,,Argentina,Buenos Aires,Argentina; Latin America; Europe,environmental product declaration; lifecycle assessment; product carbon footprint; construction materials; renewable energy; sustainable building,epd-hub; smart-epd,EPD Hub; SmartEPD,https://smartepd.com/resources/#independent_verifiers | https://www.epdhub.com/verification-committee,"20+ years experience in sustainability and LCA verification | Approved EPD Hub verifier (VP-055 designation) | Independently verified projects in construction, renewable energy, sustainable building certifications | Accredited for ISO 14044 LCA verification","Lucas Pedro Berman is a individually approved verifier practice, based in Buenos Aires, Argentina. Appears in 2 official registries: epd-hub, smart-epd. Sectors: environmental product declaration, lifecycle assessment, product carbon footprint, construction materials, renewable energy, sustainable building. Serves: Argentina, Latin America, Europe.",0.8,high,
239,Mutu International,firm,https://mutucertification.com/en,1990,Indonesia,Depok,Indonesia; Asia Pacific; Global,Forestry; Manufacturing; Energy; Agriculture; Waste; Logistics; Construction,plan-vivo,,https://www.planvivo.org/listing/category/approved-vvbs,"Founded March 2, 1990 | Accredited by KAN (National Accreditation Committee) since 2015 | ISO/IEC 14065:2020 certified for environmental information validation and verification | Operates testing labs, inspection services, certification programs","Mutu International is a carbon/GHG verification body, based in Depok, Indonesia, established in 1990. Appears in 1 official registry: plan-vivo. Sectors: Forestry, Manufacturing, Energy, Agriculture, Waste, Logistics. Serves: Indonesia, Asia Pacific, Global.",0.8,high,
240,Nathan Ayer,individual-practice,https://earthshiftglobal.com/,2000,Canada,Halifax,Canada; Japan; North America,product carbon footprint/EPD; forestry/AFOLU; agriculture,smart-epd,SmartEPD,https://smartepd.com/resources/#independent_verifiers,ACLCA certified LCA professional (2010-45) | Director of Research at EarthShift Global | 15+ years LCA experience | PhD from Dalhousie University,"Nathan Ayer is a individually approved verifier practice, based in Halifax, Canada, established in 2000. Appears in 1 official registry: smart-epd. Sectors: product carbon footprint/EPD, forestry/AFOLU, agriculture. Serves: Canada, Japan, North America.",0.8,high,
241,NCS Estonia OÜ,firm,https://ncsgroup.eu,,Estonia,Tallinn,European Union; Estonia; Global,forestry/AFOLU; product certification; biofuels/energy,iscc; sure-eu,SURE-EU,https://sure-system.org/fileadmin/user_upload/SURE/Dokumente/Zertstellen/20260626_Addresses_of_all_Certification_Bodies.pdf | https://www.iscc-system.org/certification/certification-bodies/,ISO 17065 accredited certification body | Notified Body in EU (No 2866) | ISCC Cooperating Certification Body (Identifier EE477) | OUA accreditation for ISCC EU and ISCC PLUS,"NCS Estonia OÜ is a carbon/GHG verification body, based in Tallinn, Estonia. Appears in 2 official registries: iscc, sure-eu. Sectors: forestry/AFOLU, product certification, biofuels/energy. Serves: European Union, Estonia, Global.",0.8,high,
242,NIOSH CERTIFICATION SDN. BHD,firm,https://nioshcert.com.my,,Malaysia,Bandar Baru Bangi,Global,aviation; sustainability certification,corsia; iscc,CORSIA,https://www.icao.int/sites/default/files/environmental-protection/CORSIA/Documents/CORSIA%20Central%20Registry/CCR-Info-Data-Transparency_PartI_13ed_web.pdf | https://www.iscc-system.org/certification/certification-bodies/,Accredited by Department of Standards Malaysia | ISCC certification body (ISCC Identifier MY224) | Recognized for CORSIA (International Civil Aviation Organization) | GHG emissions reduction verification capability,"NIOSH CERTIFICATION SDN. BHD is a carbon/GHG verification body, based in Bandar Baru Bangi, Malaysia. Appears in 2 official registries: corsia, iscc. Sectors: aviation, sustainability certification. Serves: Global.",0.8,high,
243,NQA Certification Ltd t/a NQA Certification and KIWA,firm,www.nqa.com,1988,GB,,United Kingdom; Global via Kiwa Group,EPD; GHG emissions verification; ISO 14064-1; product carbon footprint; carbon footprint of products,ukas-full,UKAS,https://www.ukas.com/download-schedule/0015/Verification/,Founded 1988 | UKAS-accredited Verification Body for EU ETS (No. 0217) | Part of Kiwa Group | EPD programme operator Kiwa Ecobiology Experts,"NQA Certification Ltd t/a NQA Certification and KIWA is a carbon/GHG verification body, based in GB, established in 1988. Appears in 1 official registry: ukas-full. Sectors: EPD, GHG emissions verification, ISO 14064-1, product carbon footprint, carbon footprint of products. Serves: UK, Global via Kiwa Group.",0.8,high,
244,NSF International,firm,nsf.org,1944,United States,Ann Arbor,Global,GHG verification; carbon verification; CDP verification; ESG verification,iscc,,https://www.iscc-system.org/certification/certification-bodies/,Founded 1944 | 70+ years in business | ANSI accreditation #0216 for GHG verification | Accredited verification body for CDP (Carbon Disclosure Project),"NSF International is a carbon/GHG verification body, based in Ann Arbor, USA, established in 1944. Appears in 1 official registry: iscc. Sectors: GHG verification, carbon verification, CDP verification, ESG verification. Serves: Global.",0.8,high,
245,Ocacia,firm,https://www.ocacia.fr/,2000,France,,France; Europe,biomass sustainability verification; biofuel sustainability; GHG emissions; 2BSvs scheme,2bsvs,2BSvs,https://www.2bsvs.org/certification-bodies/,"Founded 2000 as agricultural association | Certified for 2BSvs (Biomass Biofuel Sustainability) scheme | Extensive experience in oilseed, protein crop, methanisation sectors | Evaluates GHG emissions reduction as part of 2BSvs verification","Ocacia is a carbon/GHG verification body, based in France, established in 2000. Appears in 1 official registry: 2bsvs. Sectors: biomass sustainability verification, biofuel sustainability, GHG emissions, 2BSvs scheme. Serves: France, Europe.",0.8,high,
246,"Onterris USA, Inc. (Montrose Environmental Solutions, Inc.)",firm,www.onterris.com,2012,United States,"North Little Rock, Arkansas",United States,energy; GHG emissions,carb-mrr,MRR Verification (H-23-061),https://ww2.arb.ca.gov/mrr-vb,CARB-accredited MRR verifiers (California Mandatory Reporting Regulation) | 6 CARB-accredited lead verifiers | 99.99% positive verification rate for CARB GHG verification | GHG reporting and verification department established 2010,"Onterris USA, Inc. (Montrose Environmental Solutions, Inc.) is a carbon/GHG verification body, based in North Little Rock, Arkansas, USA, established in 2012. Appears in 1 official registry: carb-mrr. Sectors: energy, GHG emissions. Serves: USA.",0.8,high,
247,Organic Farmers & Growers,firm,https://ofgorganic.org/certification/woodland-carbon-code,1973,United Kingdom,,United Kingdom,forestry/AFOLU,woodland-code,Woodland Carbon Code,https://www.woodlandcarboncode.org.uk/3-validation,"Accredited by UK Accreditation Service for Woodland Carbon Code verification | Third-party validator for Peatland Code projects | Verify at 5-year intervals post-project start, then every 10 years | 1,400+ farmers certified (representing over half of UK organic land)","Organic Farmers & Growers is a carbon/GHG verification body, based in UK, established in 1973. Appears in 1 official registry: woodland-code. Sectors: forestry/AFOLU. Serves: UK.",0.8,high,
248,Organic Farmers and Growers (OF&G),firm,https://ofgorganic.org/certification/peatland-code,1973,United Kingdom,,United Kingdom,forestry/AFOLU,peatland-code,Peatland Code,https://www.iucn-uk-peatlandprogramme.org/validation-and-verification-bodies,"Accredited by UK Accreditation Service for Woodland Carbon Code verification | Third-party validator for Peatland Code projects | Verify at 5-year intervals post-project start, then every 10 years | 1,400+ farmers certified (representing over half of UK organic land)","Organic Farmers and Growers (OF&G) is a carbon/GHG verification body, based in UK, established in 1973. Appears in 1 official registry: peatland-code. Sectors: forestry/AFOLU. Serves: UK.",0.8,high,
249,Pathways,firm,https://pathwaysai.co/,2022,Canada,,North America,product carbon footprint/EPD; concrete,smart-epd,SmartEPD,https://smartepd.com/resources/#independent_verifiers,"NRMCA-certified EPD verification | Serves major concrete producers (Heidelberg Materials, Raptor Materials) | Delivers verified EPDs in weeks rather than months","Pathways is a carbon/GHG verification body, based in Canada, established in 2022. Appears in 1 official registry: smart-epd. Sectors: product carbon footprint/EPD, concrete. Serves: North America.",0.8,high,
250,PGA Advisory Sp. z o.o.,firm,pga-advisory.pl,2018,Poland,Warsaw,Poland; European Union; United Kingdom,GHG emissions verification; F-GAS verification; CBAM verification,pca,EU ETS (Regulation EU 2024/573),https://www.kobize.pl/en/article/emissions-monitoring-reporting-verification-in-the-eu-ets/id/432/list-of-accredited-verifiers,Accredited by Polish Accreditation Center (PCA) as GHG verifier (accreditation No. PL-VG-0015) | 1000+ F-GAS verification opinions since 2016 | Accreditation valid across all EU countries and United Kingdom | Auditors registered and accredited on F-gas portal,"PGA Advisory Sp. z o.o. is a carbon/GHG verification body, based in Warsaw, Poland, established in 2018. Appears in 1 official registry: pca. Sectors: GHG emissions verification, F-GAS verification, CBAM verification. Serves: Poland, European Union, United Kingdom.",0.8,high,
251,Pinion Global (K·Coe Isom),firm,https://www.pinionglobal.com/blog/carb-accredited-lcfs-verification/,1932,United States,,California; United States,fuels; energy,carb-lcfs,CARB LCFS,https://www.pinionglobal.com/blog/carb-accredited-lcfs-verification/,CARB-accredited LCFS verifiers | Founded 1932 - 94 years in operation | K·Coe Isom integration | Listed in CARB LCFS accredited verification bodies,"Pinion Global (K·Coe Isom) is a carbon/GHG verification body, based in USA, established in 1932. Appears in 1 official registry: carb-lcfs. Sectors: fuels, energy. Serves: California, USA.",0.8,high,
252,"Pinion, LLC",firm,www.pinionglobal.com,1932,United States,,California; United States,fuels; energy,carb-lcfs,CARB LCFS,https://ww2.arb.ca.gov/sites/default/files/2026-05/List%20of%20LCFS%20Verification%20Bodies%20as%20of%202026_04_23.xlsx,"CARB-accredited LCFS verifiers (Matt Armstrong, Dawn Buchanan, Donna Funk completed accreditation) | Founded 1932 - 94 years in operation | Verified ethanol, biodiesel, dairy biomethane fuel carbon intensity","Pinion, LLC is a carbon/GHG verification body, based in USA, established in 1932. Appears in 1 official registry: carb-lcfs. Sectors: fuels, energy. Serves: California, USA.",0.8,high,
253,proTerra Umweltschutz- und Managementberatung GmbH,firm,https://proterra-umwelt.de/,2000,Germany,Sulzbach/Saar,Germany; Europe,EPD; biofuel sustainability; waste management; emissions management,redcert,REDcert,https://www.redcert.org/en-us/certification/approved-certification-bodies/,"Environmental auditing organization (DAU accreditation since 2010) | Accredited certification body for biofuel sustainability (BLE, since 2011) | EMAS and ISO 9001 certified | 24 years in operation (founded 2000)","proTerra Umweltschutz- und Managementberatung GmbH is a carbon/GHG verification body, based in Sulzbach/Saar, Germany, established in 2000. Appears in 1 official registry: redcert. Sectors: EPD, biofuel sustainability, waste management, emissions management. Serves: Germany, Europe.",0.8,high,
254,PT Intertek Utama Services,firm,intertek.com,1993,Indonesia,East Jakarta,Indonesia; Global (parent company Intertek operates in 100+ countries),testing; inspection; certification; ISCC certification; GHG verification; carbon project validation,iscc,,https://www.iscc-system.org/certification/certification-bodies/,ISCC accreditation (carbon/biofuel certification) | Parent company Intertek is global GHG verification provider | Founded 1993; name changed to Intertek 1997 | Third-party GHG verification services per ISO 14064-3 (parent company capability),"PT Intertek Utama Services is a carbon/GHG verification body, based in East Jakarta, Indonesia, established in 1993. Appears in 1 official registry: iscc. Sectors: testing, inspection, certification, ISCC certification, GHG verification, carbon project validation. Serves: Indonesia, Global (parent company Intertek operates in 100+ countries).",0.8,high,
255,PT Sucofindo,firm,https://www.sucofindo.co.id/,1956,Indonesia,Jakarta Selatan,Indonesia,GHG validation/verification; GHG accounting; carbon certification; energy sector; sustainable business solutions; renewable energy,kan-id,KAN ISO 14065,https://www.sucofindo.co.id/berita-1/sucofindo-resmi-raih-akreditasi-kan-sebagai-lvv-gas-rumah-kaca/,"Founded October 22, 1956 (70 years in operation) | First and largest inspection/testing company in Indonesia | KAN-ID accreditation as Green House Gas Validation/Verification Institution | ISO 14065 certified (Greenhouse Gases – Organization)","PT Sucofindo is a carbon/GHG verification body, based in Jakarta Selatan, Indonesia, established in 1956. Appears in 1 official registry: kan-id. Sectors: GHG validation/verification, GHG accounting, carbon certification, energy sector, sustainable business solutions, renewable energy. Serves: Indonesia.",0.8,high,
256,PT TSI Sertifikasi Internasional,firm,tsicertification.com,2013,Indonesia,Jakarta (South Jakarta),Indonesia; International (ISCC scope),ISCC certification; biofuel/biomass sustainability; carbon certification; waste and residue certification; agricultural biomass,iscc,,https://www.iscc-system.org/certification/certification-bodies/,ISCC accreditation for carbon/sustainability certification | KAN accreditation (Komite Akreditasi Nasional) | KAN LSISPO accreditation | APMG International accreditation,"PT TSI Sertifikasi Internasional is a carbon/GHG verification body, based in Jakarta (South Jakarta), Indonesia, established in 2013. Appears in 1 official registry: iscc. Sectors: ISCC certification, biofuel/biomass sustainability, carbon certification, waste and residue certification, agricultural biomass. Serves: Indonesia, International (ISCC scope).",0.8,high,
257,PT TUV Rheinland Indonesia,firm,tuv.com/indonesia/en,1996,Indonesia,Jakarta,Indonesia; Global (global auditor network),sustainable biomass/biofuels (ISCC); product carbon footprint; carbon footprint verification,iscc,,https://www.iscc-system.org/certification/certification-bodies/,"Accredited by KAN (National Accreditation Committee Indonesia) as GHG Validation/Verification Institution LVV-002-IDN | Part of global TUV Rheinland network (since 1996 in Indonesia, parent company 150+ years) | Provides ISCC certification for sustainable biomass and carbon verification | Carbon services include corporate and product carbon footprint verification","PT TUV Rheinland Indonesia is a carbon/GHG verification body, based in Jakarta, Indonesia, established in 1996. Appears in 1 official registry: iscc. Sectors: sustainable biomass/biofuels (ISCC), product carbon footprint, carbon footprint verification. Serves: Indonesia, Global (global auditor network).",0.8,high,
258,QIMA,firm,qima.com.br,2005,Brazil,São Paulo,Global; Brazil; 100+ countries,sustainable biomass/ISCC; product sustainability; ESG; organic certification,iscc,,https://www.iscc-system.org/certification/certification-bodies/,"Operating 21+ years (since 2005, formerly AsiaInspection) | 6,000+ employees, 90+ offices and labs globally | Active in 100+ countries | Accredited ISCC certification body (BR221) in Brazil","QIMA is a carbon/GHG verification body, based in São Paulo, Brazil, established in 2005. Appears in 1 official registry: iscc. Sectors: sustainable biomass/ISCC, product sustainability, ESG, organic certification. Serves: Global, Brazil, 100+ countries.",0.8,high,
259,QMSCERT S.A.,firm,qmscert.com,1998,Greece,Thessaloniki,Greece; Europe; Asia; Africa,sustainable supply chain/ISCC; ethical and sustainability schemes; agrifood; management systems,iscc,,https://www.iscc-system.org/certification/certification-bodies/,"Operating 28+ years (since 1998) | ISCC System recognized certification body (code GR228) | Certifies 40,000+ organizations internationally | International presence across Europe, Asia, and Africa","QMSCERT S.A. is a carbon/GHG verification body, based in Thessaloniki, Greece, established in 1998. Appears in 1 official registry: iscc. Sectors: sustainable supply chain/ISCC, ethical and sustainability schemes, agrifood, management systems. Serves: Greece, Europe, Asia, Africa.",0.8,high,
260,Rina,firm,https://www.rina.org,1861,Italy,Genoa,Global,certification; testing; marine; energy; environment; transport; EPD,2bsvs,2BSvs,https://www.2bsvs.org/certification-bodies/,"Founded 1861 (Registro Italiano Navale, third-oldest ship classification society worldwide) | Operates in 70 countries with 7,000+ experts | Provides engineering solutions, testing, certification and digital services | Specialization in decarbonization and energy transition","Rina is a carbon/GHG verification body, based in Genoa, Italy, established in 1861. Appears in 1 official registry: 2bsvs. Sectors: certification, testing, marine, energy, environment, transport. Serves: Global.",0.8,high,
261,"Ruby Canyon Engineering, Inc.",firm,rubycanyonenv.com,2005,United States,Denver,United States; Mexico; Latin America,energy; waste; agriculture; forestry/AFOLU; manufacturing,mx-semarnat,Mexico RENE,https://www.ema.org.mx/descargas_portalV2/acreditados/acreditados/GEI/OVV_GEI_acreditados_CORSIA.pdf,"Accredited by Mexican Accreditation Body (EMA) as GHG validating/verification entity since 2016 | Approved by PROFEPA (Federal Attorney for Environmental Protection, Mexico) | Listed on National Emissions Registry (RENE) in Mexico | Verified emissions for Mexico City Government, PEMEX, CFE, and private sector","Ruby Canyon Engineering, Inc. is a carbon/GHG verification body, based in Denver, United States, established in 2005. Appears in 1 official registry: mx-semarnat. Sectors: energy, waste, agriculture, forestry/AFOLU, manufacturing. Serves: United States, Mexico, Latin America.",0.8,high,
262,SGS Hong Kong Limited – Energy and Carbon Services,firm,http://www.sgs.com/en-hk/,1878,Hong Kong,Hong Kong,Hong Kong; Asia-Pacific,energy; GHG verification; carbon footprint,hkas,HKAS ISO 14065,https://www.itc.gov.hk/en/quality/hkas/doc/scopes/Scope_of_HKCAS_Accredited_Organisation.pdf,HKAS accreditation for ISO 14064-1:2018 GHG Verification (Registration HKCAS 021) | Recognized by Asia Carbon Institute as Validation and Verification Body | HKAS-accredited LNG laboratory supporting Hong Kong Climate Action Plan 2030,"SGS Hong Kong Limited – Energy and Carbon Services is a carbon/GHG verification body, based in Hong Kong, Hong Kong, established in 1878. Appears in 1 official registry: hkas. Sectors: energy, GHG verification, carbon footprint. Serves: Hong Kong, Asia-Pacific.",0.8,high,
263,SGS Polska Sp. z o.o.,firm,https://www.sgs.pl,1878,Poland,,Poland; EU,GHG verification; carbon footprint; CBAM compliance; ISCC sustainability certification,sure-eu,SURE-EU,https://sure-system.org/fileadmin/user_upload/SURE/Dokumente/Zertstellen/20260626_Addresses_of_all_Certification_Bodies.pdf,"EU ETS-accredited verifier | ISO 14064-1, ISO 14067, ISO 14068-1 capability | ISCC approved certification body | SURE EU listed in registries field","SGS Polska Sp. z o.o. is a carbon/GHG verification body, based in Poland, established in 1878. Appears in 1 official registry: sure-eu. Sectors: GHG verification, carbon footprint, CBAM compliance, ISCC sustainability certification. Serves: Poland, EU.",0.8,high,
264,SGS South Africa,firm,https://www.sgs.com/en-za/,1878,ZA,,South Africa; Africa,GHG verification; carbon footprint; voluntary carbon markets; product certification,sanas,ISO 14065,https://embeddedcarbonrecord.com/verification-directory/south-africa/,SANAS accreditation (listed in registries field) | ISO 14065 and ISO 14064-1 accredited | ISO 14067 accredited (Accredia accreditation for product carbon footprint) | VCS accreditation for voluntary carbon markets,"SGS South Africa is a carbon/GHG verification body, based in ZA, established in 1878. Appears in 1 official registry: sanas. Sectors: GHG verification, carbon footprint, voluntary carbon markets, product certification. Serves: South Africa, Africa.",0.8,high,
265,SGS Testing & Control Services Singapore Pte Ltd,firm,https://sgs.sg/en/verification,1878,Singapore,Singapore,Singapore; Asia-Pacific,product carbon footprint; GHG emissions; ISO 14067 verification,singapore-sac-nea,SAC ISO 14067 - Verification of Carbon Footprint of Product,https://www.sac-accreditation.gov.sg/accredited-org/cab-status-update/,"SAC (Singapore Accreditation Council) accreditation for ISO 14067 Product Carbon Footprint Verification Body (first in world, October 2025) | ISO 14064-3:2019 standard capability | Comprehensive carbon services for organizational and product GHG assessment","SGS Testing & Control Services Singapore Pte Ltd is a carbon/GHG verification body, based in Singapore, Singapore, established in 1878. Appears in 1 official registry: singapore-sac-nea. Sectors: product carbon footprint, GHG emissions, ISO 14067 verification. Serves: Singapore, Asia-Pacific.",0.8,high,
266,SI Cert Italy SRL,firm,sicert.net,2019,Italy,Capaccio Paestum,Italy; Europe,product carbon footprint; manufacturing,iscc,,https://www.iscc-system.org/certification/certification-bodies/,"Founded April 18, 2019 | Listed in ISCC registry (confirmed in registry field) | Accredited by Accredia for management systems and product certification | Notified Certification Body (n. 2989) for CE marking under EU CPR","SI Cert Italy SRL is a carbon/GHG verification body, based in Capaccio Paestum, Italy, established in 2019. Appears in 1 official registry: iscc. Sectors: product carbon footprint, manufacturing. Serves: Italy, Europe.",0.8,high,
267,SIRIM QAS International Sdn Bhd,firm,https://www.sirim-qas.com.my/,1975,Malaysia,Shah Alam,Malaysia; Asia-Pacific,energy (renewable/non-renewable); waste handling and disposal; agriculture/forestry/land use; livestock and manure management,verra-vvb,,https://verra.org/validation-verification/,Verra VVB accredited (August 2025) | 30+ years in business | Wholly-owned subsidiary of SIRIM Berhad (established 1975) | ISO 14064 accreditation for validation and verification of GHG emissions,"SIRIM QAS International Sdn Bhd is a carbon/GHG verification body, based in Shah Alam, Malaysia, established in 1975. Appears in 1 official registry: verra-vvb. Sectors: energy (renewable/non-renewable), waste handling and disposal, agriculture/forestry/land use, livestock and manure management. Serves: Malaysia, Asia-Pacific.",0.8,high,
268,SOCOTEC Certification Japan,firm,https://socotec-certification-international.jp/,1953,Japan,,Japan,greenhouse gas emissions verification; carbon credits; J-Credit scheme; ESG assurance,jcredit,J-Credit,https://socotec-certification-international.jp/ghg/jcredit | https://www.iafcertsearch.org/certification-body/55982afc-72cc-57ca-a663-72e32a4f7ce0,"J-Credit scheme accreditation (verified Feb 2021) | Parent company SOCOTEC founded 1953 | Global SOCOTEC group operates in 23+ countries with 9,700+ staff | 250+ external accreditations across group","SOCOTEC Certification Japan is a carbon/GHG verification body, based in Japan, established in 1953. Appears in 1 official registry: jcredit. Sectors: greenhouse gas emissions verification, carbon credits, J-Credit scheme, ESG assurance. Serves: Japan.",0.8,high,
269,SOCOTEC Certification Singapore Pte Ltd,firm,https://www.socotec-certification-international.sg/,1994,Singapore,Singapore,Singapore,ISO 14064 GHG validation and verification; carbon tax verification; environmental sustainability,singapore-sac-nea,NEA Carbon Pricing Act external auditor,https://www.nea.gov.sg/docs/default-source/default-document-library/accredited-external-auditor-under-the-carbon-pricing-actb86d4b075bfe4aa986cad1d9c25f9cf3.pdf,Founded December 1994 | SAC (Singapore Accreditation Council) accredited | NEA (National Environmental Agency) accreditation for carbon pricing tax verification | 20+ years in business (joined SOCOTEC group 2013),"SOCOTEC Certification Singapore Pte Ltd is a carbon/GHG verification body, based in Singapore, Singapore, established in 1994. Appears in 1 official registry: singapore-sac-nea. Sectors: ISO 14064 GHG validation and verification, carbon tax verification, environmental sustainability. Serves: Singapore.",0.8,high,
270,SOCOTEC Environnement,firm,https://www.socotec.fr/,1953,France,,France,greenhouse gas emissions verification; EU emissions trading system (ETS); carbon accounting; CSRD verification; ESG assurance,cofrac,Cofrac / EU ETS,https://tools.cofrac.fr/en/easysearch/resultats_advanced.php?list-10290708,COFRAC accredited | EU ETS verified emissions declarations verification | CSRD (Corporate Sustainability Reporting Directive) verification accreditation | Carbon footprint assessment (Bilan Carbone) services,"SOCOTEC Environnement is a carbon/GHG verification body, based in France, established in 1953. Appears in 1 official registry: cofrac. Sectors: greenhouse gas emissions verification, EU emissions trading system (ETS), carbon accounting, CSRD verification, ESG assurance. Serves: France.",0.8,high,
271,Stantec Consulting Ltd.,firm,www.stantec.com,1954,Canada,Edmonton,Global,energy; manufacturing; corporate GHG reporting,tcr,The Climate Registry,https://theclimateregistry.org/wp-content/uploads/2025/08/TCR-Recognized-Verification-Bodies_Aug-2025.pdf,"ANSI/ANAB accredited for GHG validation and verification per ISO 14065, ISO 14064-3, ISO 14066 | ~34,000 employees globally | 450+ locations across 6 continents | 70+ years in operation","Stantec Consulting Ltd. is a carbon/GHG verification body, based in Edmonton, Canada, established in 1954. Appears in 1 official registry: tcr. Sectors: energy, manufacturing, corporate GHG reporting. Serves: Global.",0.8,high,
272,"Sustainable Management Promotion Organization (一般社団法人サステナブル経営推進機構, SuMPO)",firm,https://sumpo.or.jp/,2002,Japan,Tokyo,Japan; International partnerships,EPD; manufacturing; food; construction materials; textiles; aluminum,ecoleaf,SuMPO EPD - System Certification Body & Program Operator,https://ecoleaf-label.jp/resource/system/,Operates third-party authenticated Carbon Footprint comprehensive calculation system (SuMPO/Ecoleaf) | Ecoleaf EPD program established 2002 | Collaboration with EPD International through mutual recognition agreements | Accreditation body for environmental labeling in Japan,"Sustainable Management Promotion Organization (一般社団法人サステナブル経営推進機構, SuMPO) is a carbon/GHG verification body, based in Tokyo, Japan, established in 2002. Appears in 1 official registry: ecoleaf. Sectors: EPD, manufacturing, food, construction materials, textiles, aluminum. Serves: Japan, International partnerships.",0.8,high,
273,"Tetra Tech, Inc.",firm,https://www.tetratech.com,1966,United States,Pasadena,Global,energy; waste; forestry/AFOLU; manufacturing; transport,carb-lcfs,CARB LCFS,https://ww2.arb.ca.gov/sites/default/files/2026-05/List%20of%20LCFS%20Verification%20Bodies%20as%20of%202026_04_23.xlsx,Accredited by Standards Council of Canada for GHG verification under ISO 14064-3 | 30+ years leading climate change and emissions services | Verified on carb-lcfs registry | Provides full suite of GHG emissions and climate risk modeling services,"Tetra Tech, Inc. is a carbon/GHG verification body, based in Pasadena, United States, established in 1966. Appears in 1 official registry: carb-lcfs. Sectors: energy, waste, forestry/AFOLU, manufacturing, transport. Serves: Global.",0.8,high,
274,"Tetra Tech, Inc. and Subsidiaries",firm,www.tetratech.com,1966,United States,Pasadena,Global,energy; waste; forestry/AFOLU; manufacturing; transport,carb-mrr,MRR Verification (H-25-011),https://ww2.arb.ca.gov/mrr-vb,"Accredited by Standards Council of Canada for GHG verification under ISO 14064-3 | 30+ years climate and emissions services | Verified on carb-mrr registry | Same entity as Tetra Tech, Inc.","Tetra Tech, Inc. and Subsidiaries is a carbon/GHG verification body, based in Pasadena, United States, established in 1966. Appears in 1 official registry: carb-mrr. Sectors: energy, waste, forestry/AFOLU, manufacturing, transport. Serves: Global.",0.8,high,
275,"Tierra Resource Consultants, LLC",firm,http://tierrarc.com,2013,United States,Walnut Creek,United States; Global,energy; industrial; GHG emissions inventories,carb-mrr,MRR Verification (H-25-012),https://ww2.arb.ca.gov/mrr-vb,CARB MRR (California ARB Mandatory GHG Reporting Regulations) accredited verification body | Verification experience spanning 3+ years with CARB | Industry-accredited engineers and consultants | Decades of experience in GHG reporting and verification,"Tierra Resource Consultants, LLC is a carbon/GHG verification body, based in Walnut Creek, United States, established in 2013. Appears in 1 official registry: carb-mrr. Sectors: energy, industrial, GHG emissions inventories. Serves: United States, Global.",0.8,high,
276,TÜV AUSTRIA GmbH,firm,www.tuv.at,1872,Austria,Vienna,Global,Energy; Manufacturing; Building/Construction; Transportation; Aerospace; Healthcare; Food,sure-eu,SURE-EU,https://sure-system.org/fileadmin/user_upload/SURE/Dokumente/Zertstellen/20260626_Addresses_of_all_Certification_Bodies.pdf,"Founded 1872 | 4,000+ employees globally | 37-40 countries with 100+ locations | Member of 180 national and international standardization committees","TÜV AUSTRIA GmbH is a carbon/GHG verification body, based in Vienna, Austria, established in 1872. Appears in 1 official registry: sure-eu. Sectors: Energy, Manufacturing, Building/Construction, Transportation, Aerospace, Healthcare. Serves: Global.",0.8,high,
277,TÜV AUSTRIA HELLAS Ltd,firm,https://tuvaustriahellas.gr/,,Greece,,Greece; Europe,Energy; Manufacturing; Transportation; Building,corsia; esyd,"CORSIA; EU ETS (2018/2067 Section 1), ISO 14064-1, ICAO CORSIA",https://esyd.gr/list-of-accredited-verification-bodies-of-greenhouse-gases-emissions/ | https://www.icao.int/sites/default/files/environmental-protection/CORSIA/Documents/CORSIA%20Central%20Registry/CCR-Info-Data-Transparency_PartI_13ed_web.pdf,ESYD (Hellenic Accreditation System) accreditation | ACCREDIA and ASI accreditation | GHG verification under EU Regulations 2018/2067 and 757/2015 | Listed in CORSIA and ESYD registries (batch registries field),"TÜV AUSTRIA HELLAS Ltd is a carbon/GHG verification body, based in Greece. Appears in 2 official registries: corsia, esyd. Sectors: Energy, Manufacturing, Transportation, Building. Serves: Greece, Europe.",0.8,high,
278,"TÜV NORD Czech, s.r.o.",firm,https://www.tuv-nord.com/cz/cs/,1991,Czechia,Praha,Czechia,energy; GHG verification; manufacturing,cai-cz,CAI / EU ETS,https://www.cai.cz/?page_id=4499&kategorie_subjektu=validacni-a-overovaci-organy,"CAI-CZ accredited greenhouse gas emissions verification body (OO GHG) | Valid accreditation certificate 596/2023 through November 14, 2028 | ISO 14065 verified systems certification | Authorized to verify GHG emissions reports and free allowance requests","TÜV NORD Czech, s.r.o. is a carbon/GHG verification body, based in Praha, Czechia, established in 1991. Appears in 1 official registry: cai-cz. Sectors: energy, GHG verification, manufacturing. Serves: Czechia.",0.8,high,
279,TÜV Rheinland Middle East,firm,https://www.tuv.com/uae/en/,2007,United Arab Emirates,Dubai,United Arab Emirates; Middle East,product carbon footprint; corporate carbon footprint; non-financial reporting assurance,enas-uae,ISO 14065 GHG Validation and Verification,https://embeddedcarbonrecord.com/verification-directory/uae/,"Established in UAE since 2007 | Part of TüV Rheinland global network, founded 1872 | Offers Product Carbon Footprint services to support product sustainability | Listed on enas-uae registry (UAE National Authority for Standardization and Metrology)","TÜV Rheinland Middle East is a carbon/GHG verification body, based in Dubai, United Arab Emirates, established in 2007. Appears in 1 official registry: enas-uae. Sectors: product carbon footprint, corporate carbon footprint, non-financial reporting assurance. Serves: United Arab Emirates, Middle East.",0.8,high,
280,TÜV Rheinland Polska Sp. z o.o.,firm,www.tuv.com,1872,Poland,Zabrze,Poland,product carbon footprint; GHG inventory verification; corporate carbon footprint,pca,EU ETS (Directive 2003/87/EC),https://www.kobize.pl/en/article/emissions-monitoring-reporting-verification-in-the-eu-ets/id/432/list-of-accredited-verifiers,Over 500 experts across Poland | Accredited by both DAkkS (Germany) and PCA (Polish Center for Accreditation) | Verifies GHG data per ISO 14064 and GHG Protocol standards | Listed on pca registry (Polish accreditation authority),"TÜV Rheinland Polska Sp. z o.o. is a carbon/GHG verification body, based in Zabrze, Poland, established in 1872. Appears in 1 official registry: pca. Sectors: product carbon footprint, GHG inventory verification, corporate carbon footprint. Serves: Poland.",0.8,high,
281,TÜV SÜD Landesgesellschaft Österreich GmbH,firm,www.tuvsud.com/at,1866,Austria,,Austria,SURE-EU biomass certification; carbon footprint verification; emissions trading verification; GHG emissions reporting,sure-eu,SURE-EU,https://sure-system.org/fileadmin/user_upload/SURE/Dokumente/Zertstellen/20260626_Addresses_of_all_Certification_Bodies.pdf,"TüV SÜD parent founded 1866, EU ETS verification since 2005 | Accredited as SURE certification body since March 2024 | SURE certification verifies sustainable production of biomass for energy (EU-wide recognized) | Offers carbon footprint verification for corporate greenhouse gas emissions","TÜV SÜD Landesgesellschaft Österreich GmbH is a carbon/GHG verification body, based in Austria, established in 1866. Appears in 1 official registry: sure-eu. Sectors: SURE-EU biomass certification, carbon footprint verification, emissions trading verification, GHG emissions reporting. Serves: Austria.",0.8,high,
282,Vertima,firm,https://vertima.ca/fr/,2008,Canada,Quebec City,North America; Global,Product Carbon Footprint/EPD; Life Cycle Assessment; Health Product Declaration,smart-epd,SmartEPD,https://smartepd.com/resources/#independent_verifiers,"Founded 2008; 16+ years in operation | Qualified auditors recognized by CSA Group and ASTM | Verified 100+ EPDs across construction, apparel, chemicals, metals sectors | Certified B Corporation","Vertima is a carbon/GHG verification body, based in Quebec City, Canada, established in 2008. Appears in 1 official registry: smart-epd. Sectors: Product Carbon Footprint/EPD, Life Cycle Assessment, Health Product Declaration. Serves: North America, Global.",0.8,high,
283,VINÇOTTE SA/nv,firm,www.vincotte.be,1872,Belgium,,Global,Energy; Process Industries; Buildings/Construction; Manufacturing/Logistics; Product Carbon Footprint/EPD,belac,BELAC / EU ETS,https://economie.fgov.be/en/themes/quality-and-safety/accreditation-belac/accredited-bodies/validation-and-verification,"Founded 1872; 150+ years in operation | BELAC accreditation for inspection, certification, testing | Member of Kiwa Group (worldwide TIC provider) | Capable of verifying Product Environmental Footprint (PEF) method","VINÇOTTE SA/nv is a carbon/GHG verification body, based in Belgium, established in 1872. Appears in 1 official registry: belac. Sectors: Energy, Process Industries, Buildings/Construction, Manufacturing/Logistics, Product Carbon Footprint/EPD. Serves: Global.",0.8,high,
284,VRS CERT FZ LLC,firm,https://vrscert.com/,,UAE,Dubai,UAE,energy; waste; manufacturing; infrastructure,socialcarbon; verra-vvb,,https://verra.org/validation-verification/ | https://www.socialcarbon.org/vvbs,GAB accreditation as Validation and Verification Body | Verra VCS accredited | Social Carbon accredited | Listed as VVB on Verra platform,"VRS CERT FZ LLC is a carbon/GHG verification body, based in Dubai, UAE. Appears in 2 official registries: socialcarbon, verra-vvb. Sectors: energy, waste, manufacturing, infrastructure. Serves: UAE.",0.8,high,
285,WSP,firm,https://www.wsp.com/en-us/,1969,Canada,Montreal,Global,GHG verification; EPD; LCA; corporate GHG inventory,smart-epd,SmartEPD,https://smartepd.com/resources/#independent_verifiers,ISO 14065 accredited for GHG validation and verification | Independent third-party GHG verification per ISO 14065 standard | Extensive experience in GHG assertions and corporate GHG reviews | ISO-conformant LCA and EPD critical review expertise,"WSP is a carbon/GHG verification body, based in Montreal, Canada, established in 1969. Appears in 1 official registry: smart-epd. Sectors: GHG verification, EPD, LCA, corporate GHG inventory. Serves: Global.",0.8,high,
286,"ZER-QMS. Zertifizierungsstelle, Qualitäts- und Umweltgutachter GmbH",firm,https://www.zer-qms.de,1994,Germany,Cologne,Belgium; Czechia; Denmark; Finland; France; Germany; Great Britain; Italy; Netherlands; Austria; Russia; Sweden; Switzerland; Spain; Turkey; United States,quality management certification; environmental management; occupational health & safety; energy management; waste management; end-of-life vehicle recycling; product carbon footprint/EPD,sure-eu,SURE-EU,https://sure-system.org/fileadmin/user_upload/SURE/Dokumente/Zertstellen/20260626_Addresses_of_all_Certification_Bodies.pdf,DAkkS (German Accreditation Body) accreditation with international recognition | Accreditation number D-ZM-17431-01-00 | Accredited per DIN EN ISO/IEC 17021:2015 | Operating 32 years (established 1994),"ZER-QMS. Zertifizierungsstelle, Qualitäts- und Umweltgutachter GmbH is a carbon/GHG verification body, based in Cologne, Germany, established in 1994. Appears in 1 official registry: sure-eu. Sectors: quality management certification, environmental management, occupational health & safety, energy management, waste management, end-of-life vehicle recycling. Serves: Belgium, Czech Republic, Denmark, Finland.",0.8,high,
287,ÖHMI EuroCert GmbH,firm,oehmi-cert.de,1994,Germany,Magdeburg,Germany; Europe,GHG verification; biomass sustainability; REDcert; quality management; safety; energy; environment; occupational safety,redcert,REDcert,https://www.redcert.org/en-us/certification/approved-certification-bodies/,Founded 1994 | DAkkS accreditation (German Accreditation Body) | 30+ years of expertise | REDcert scheme certification body,"ÖHMI EuroCert GmbH is a carbon/GHG verification body, based in Magdeburg, Germany, established in 1994. Appears in 1 official registry: redcert. Sectors: GHG verification, biomass sustainability, REDcert, quality management, safety, energy. Serves: Germany, Europe.",0.8,high,
288,350 Solutions,firm,,2019,United States,Raleigh,United States; Global,carbon dioxide removal; cleantech verification; technology verification,puro,Puro.earth,https://puro.earth/partners-intermediaries/partners/,ISO 17020 Type A accreditation from ANAB | ISO 14034 environmental technology verification certification | Validation & Verification Body (VVB) for Puro and Isometric carbon removal registries | 20+ years team experience in environmental technology evaluation,"350 Solutions is a carbon/GHG verification body, based in Raleigh, USA, established in 2019. Appears in 1 official registry: puro. Sectors: carbon dioxide removal, cleantech verification, technology verification. Serves: USA, Global.",0.75,high,
289,"Advanced Waste Management Systems, Inc.",firm,https://www.awm.net,1996,United States,Hixson,United States,waste; energy management,tcr,The Climate Registry,https://theclimateregistry.org/wp-content/uploads/2025/08/TCR-Recognized-Verification-Bodies_Aug-2025.pdf,Founded 1996 | Pilot-tested ANSI accreditation of certification bodies (1996) | Pioneered EMS certification in USA | ISO 14001/45001/50001 certified,"Advanced Waste Management Systems, Inc. is a carbon/GHG verification body, based in Hixson, USA, established in 1996. Appears in 1 official registry: tcr. Sectors: waste, energy management. Serves: USA.",0.75,high,
290,"AENOR INTERNACIONAL, S.A.",firm,,1986,Spain,Madrid,Global,energy; forestry/AFOLU; waste; CCS/CDR; product carbon footprint,onac,ONAC ISO 14065 OVV GEI,https://onac.org.co/directorio3/index.php/acreditaciones/20-GEI-005,Part of AENOR group established 1986 | AENOR Internacional S.A.U. now operated under CORPORACION CONFIDERE S.A.U. | Accredited for GHG verification | Part of organization with 800+ projects verified,"AENOR INTERNACIONAL, S.A. is a carbon/GHG verification body, based in Madrid, Spain, established in 1986. Appears in 1 official registry: onac. Sectors: energy, forestry/AFOLU, waste, CCS/CDR, product carbon footprint. Serves: Global.",0.75,high,
291,AENOR International S.A.U.,firm,,1986,Spain,Madrid,Global,energy; forestry/AFOLU; agriculture; waste; CCS/CDR; product carbon footprint,verra-vvb,,https://verra.org/validation-verification/,Recognized by Verra as Validation and Verification Body (VVB) | Part of AENOR group (established 1986) | Accredited under ISO standards | Part of organization with 800+ projects verified,"AENOR International S.A.U. is a carbon/GHG verification body, based in Madrid, Spain, established in 1986. Appears in 1 official registry: verra-vvb. Sectors: energy, forestry/AFOLU, agriculture, waste, CCS/CDR, product carbon footprint. Serves: Global.",0.75,high,
292,AEROQ,firm,,1982,Romania,Bucharest,Romania; International,aviation,corsia,CORSIA,https://www.icao.int/sites/default/files/environmental-protection/CORSIA/Documents/CORSIA%20Central%20Registry/CCR-Info-Data-Transparency_PartI_13ed_web.pdf,"Founded 1982 as Authority for Industrial Control of Quality Assurance for Aeronautical Products | Became joint-stock company AEROQ in 1991 | Accredited for CORSIA verification (ICAO CORSIA Central Registry, accreditation OV 005) | First Romanian accredited body for quality management systems (Dec 1995)","AEROQ is a carbon/GHG verification body, based in Bucharest, Romania, established in 1982. Appears in 1 official registry: corsia. Sectors: aviation. Serves: Romania, International.",0.75,high,
293,AET Group Inc.,firm,,1998,Canada,Kitchener,Canada; United States; Europe; South America; Caribbean,GHG verification; GHG validation; carbon offset projects; facility emissions,scc,SCC Greenhouse Gas (ISO 14065),https://scc-ccn.ca/search/accredited-organizations?f%5B0%5D=program%3A481,"ISO 14065 accreditation by Standards Council of Canada (SCC) | Verified approximately 600,000 tonnes of GHG reductions | 40 employees across 4 offices in Ontario | 13 core practice areas including GHG","AET Group Inc. is a carbon/GHG verification body, based in Kitchener, Canada, established in 1998. Appears in 1 official registry: scc. Sectors: GHG verification, GHG validation, carbon offset projects, facility emissions. Serves: Canada, USA, Europe, South America.",0.75,high,
294,AFNOR CERTIFICATION,firm,,2004,France,Paris,France; Europe,carbon footprint verification; carbon footprint validation; organizational GHG inventories,cofrac,Cofrac / EU ETS,https://tools.cofrac.fr/en/easysearch/resultats_advanced.php?list-10290708,"COFRAC accreditation (French accreditation body) | ISO 17029, ISO 14065, ISO 14064 standards compliance | Carbon footprint verification and validation service | Certification of expert evaluators (Bilan Carbone)","AFNOR CERTIFICATION is a carbon/GHG verification body, based in Paris, France, established in 2004. Appears in 1 official registry: cofrac. Sectors: carbon footprint verification, carbon footprint validation, organizational GHG inventories. Serves: France, Europe.",0.75,high,
295,Ampere Eco,firm,,2017,Jordan,Amman,Global,Renewable energy; Carbon verification and validation,ecoregistry,Cercarbono Circular Economy Programme,https://cercarbono.com/validation-and-verification/,Verification and Validation Body (VVB) under CDM | Designated Operational Entity (DOE) accreditation | Accredited in multiple voluntary and international carbon markets | Team with 20+ years experience,"Ampere Eco is a carbon/GHG verification body, based in Amman, Jordan, established in 2017. Appears in 1 official registry: ecoregistry. Sectors: Renewable energy, Carbon verification and validation. Serves: Global.",0.75,high,
296,"AmSpec de México, S.A. de C.V.",firm,amspecgroup.com,,United States,"Cranbury, New Jersey",Global,energy; agriculture; chemicals; waste; manufacturing,anab; car,ANAB ISO 14065; Climate Action Reserve,https://climateactionreserve.org/how/verification/connect-with-a-verification-body/,"Global TIC (testing, inspection, certification) provider | Hundreds of facility locations worldwide | Accreditation in ANAB (greenhouse gas validation/verification) | Listed in CAR (Climate Action Reserve)","AmSpec de México, S.A. de C.V. is a carbon/GHG verification body, based in Cranbury, New Jersey, United States. Appears in 2 official registries: anab, car. Sectors: energy, agriculture, chemicals, waste, manufacturing. Serves: Global.",0.75,high,
297,Angela Fisher,individual-practice,https://www.aspiresustainability.com/,2017,United States,Breckenridge,United States,LCA; carbon footprinting; product sustainability; eco-design,smart-epd,SmartEPD,https://smartepd.com/resources/#independent_verifiers,LCA Certified Professional (LCA CP) | Award-winning status | Operations since 2017,"Angela Fisher is a individually approved verifier practice, based in Breckenridge, United States, established in 2017. Appears in 1 official registry: smart-epd. Sectors: LCA, carbon footprinting, product sustainability, eco-design. Serves: United States.",0.75,high,
298,AURA Belgelendirme Doğrulama,firm,,2016,Turkey,Ankara,Turkey,GHG emissions verification (ISO 14064-3); water footprint verification (ISO 14046); EPD verification,turkak,"TURKAK ISO 14065 (TS EN ISO 14065:2013, ISO/IEC 17029)",https://www.seragazidogrulama.com/sera-gazi-dogrulama-turkak-akreditasyon-belgesi-kapsami-ts-en-iso-14065-standardi,"TÜRKAK accreditation (EN ISO 14065:2013) as of September 4, 2018 | Ministry of Environment and Urbanization Verifier Organization Capability Certificate (November 30, 2016) | 11-50 employees | Listed on WEPD Platform as EPD verifier","AURA Belgelendirme Doğrulama is a carbon/GHG verification body, based in Ankara, Turkey, established in 2016. Appears in 1 official registry: turkak. Sectors: GHG emissions verification (ISO 14064-3), water footprint verification (ISO 14046), EPD verification. Serves: Turkey.",0.75,high,
299,Beijing Carbon Brilliant Technology Ltd.,firm,,,China,Beijing,China; Global (CDM),CDM validation and verification; Energy; Forestry/AFOLU,cdm-all-does; cdm-doe,UNFCCC CDM,https://cdm.unfccc.int/DOE/list/index.html,"CDM Designated Operational Entity (DOE) | Accreditation valid Nov 28, 2023 - Nov 27, 2028 | Authorized for CDM sectors 1, 3, and 14","Beijing Carbon Brilliant Technology Ltd. is a carbon/GHG verification body, based in Beijing, China. Appears in 2 official registries: cdm-all-does, cdm-doe. Sectors: CDM validation and verification, Energy, Forestry/AFOLU. Serves: China, Global (CDM).",0.75,high,
300,"Beijing United Intelligence Certification Co., Ltd",firm,,,China,Beijing,China; Global (CDM),CDM validation and verification; GHG verification; Forestry; Energy,cdm-all-does; cdm-doe,UNFCCC CDM,https://cdm.unfccc.int/DOE/list/index.html,CDM Designated Operational Entity (DOE) | CNCA approved certification body | CNAS accredited (China's accreditation body) | UKAS accredited (UK accreditation body),"Beijing United Intelligence Certification Co., Ltd is a carbon/GHG verification body, based in Beijing, China. Appears in 2 official registries: cdm-all-does, cdm-doe. Sectors: CDM validation and verification, GHG verification, Forestry, Energy. Serves: China, Global (CDM).",0.75,high,
301,bregau zert GmbH Umweltgutachterorganisation,firm,,2000,Germany,Bremen,Germany; Europe,Quality management certification; Environmental management certification; Energy management certification; Occupational safety and health certification; Emissions trading verification; Carbon footprint verification (Corporate and Product); Biogas systems assessment; Renewable energy,dakks,DAkkS ISO 17029 Verification Body,https://www.dakks.de/en/accredited-bodies-search.html,"DAkkS accreditation (German national accreditation body) for carbon footprint verification | Approved by Deutsche Akkreditierungs- und Zulassungsstelle für Umweltgutachter mbh (DAU) | Employs chemists, engineers, biologists, and environmental/business scientists | Offers both Corporate Carbon Footprint (CCF) and Product Carbon Footprint (PCF) verification services","bregau zert GmbH Umweltgutachterorganisation is a carbon/GHG verification body, based in Bremen, Germany, established in 2000. Appears in 1 official registry: dakks. Sectors: Quality management certification, Environmental management certification, Energy management certification, Occupational safety and health certification, Emissions trading verification, Carbon footprint verification (Corporate and Product). Serves: Germany, Europe.",0.75,high,
302,Brightspot Climate Inc.,firm,,2015,Canada,"Vancouver, British Columbia",Canada; California; Global,Oil and gas; Manufacturing; Industrial; Renewable energy; Agriculture; Waste management; Commercial,scc,SCC Greenhouse Gas (ISO 14065),https://scc-ccn.ca/search/accredited-organizations?f%5B0%5D=program%3A481,Accredited verification body by Standards Council of Canada (SCC) since 2020 | Completed over 200 independent GHG emission verifications | Acts as verifier for Canadian provincial regulations | Acts as verifier for California SB 253 compliance,"Brightspot Climate Inc. is a carbon/GHG verification body, based in Vancouver, British Columbia, Canada, established in 2015. Appears in 1 official registry: scc. Sectors: Oil and gas, Manufacturing, Industrial, Renewable energy, Agriculture, Waste management. Serves: Canada, California, Global.",0.75,high,
303,BSI Group (Thailand) Company Limited,firm,,2001,Thailand,Bangkok,Thailand,voluntary carbon credits; energy; waste; T-VER projects,tgo-tver,T-VER,https://ghgreduction.tgo.or.th/en/external-validation-verification-body/list-of-registered-vvb.html,Registered Validation and Verification Body (VVB) with TGO | T-VER registration certificate: T-VER-VVB-01-011-2024-01 | Part of BSI Group global network (founded 1901) | Accredited under TGO's Thailand Voluntary Emission Reduction (T-VER) program,"BSI Group (Thailand) Company Limited is a carbon/GHG verification body, based in Bangkok, Thailand, established in 2001. Appears in 1 official registry: tgo-tver. Sectors: voluntary carbon credits, energy, waste, T-VER projects. Serves: Thailand.",0.75,high,
304,BSI Pacific Limited,firm,,,Australia,,Australia,carbon footprint verification; CDM validation/verification,cdm-all-does; cdm-doe,UNFCCC CDM,https://cdm.unfccc.int/DOE/list/index.html,Designated Operational Entity (DOE) under UNFCCC CDM | Offers Carbon Footprint Verification (CFV) and ISO 14068-1 carbon neutrality verification services | Parent company BSI founded 1901,"BSI Pacific Limited is a carbon/GHG verification body, based in Australia. Appears in 2 official registries: cdm-all-does, cdm-doe. Sectors: carbon footprint verification, CDM validation/verification. Serves: Australia.",0.75,high,
305,BUREAU NORME AUDIT (BNA),firm,,2006,Côte d'Ivoire,Abidjan,West and Central Africa,aviation (CORSIA); agriculture; food safety,corsia,CORSIA,https://www.icao.int/sites/default/files/environmental-protection/CORSIA/Documents/CORSIA%20Central%20Registry/CCR-Info-Data-Transparency_PartI_13ed_web.pdf,ISO/IEC 17029 accredited for civil aviation GHG verification (accreditation 2025-2028) | First Ivorian certification body accredited in West and Central Africa region | Approved by GLOBALG.A.P. for agricultural certification,"BUREAU NORME AUDIT (BNA) is a carbon/GHG verification body, based in Abidjan, Côte d'Ivoire, established in 2006. Appears in 1 official registry: corsia. Sectors: aviation (CORSIA), agriculture, food safety. Serves: West and Central Africa.",0.75,high,
306,BVQI COLOMBIA LTDA,firm,,2003,Colombia,Bogotá,Colombia,energy; manufacturing; forestry/AFOLU,onac,ONAC ISO 14065 OVV GEI,https://onac.org.co/directorio3/index.php/acreditaciones/22-GEI-001,Founded 2003 | ONAC accreditation: 10-CSG-007 (ISO/IEC 17021-1:2015) and 09-CPR-008 (ISO/IEC 17065:2012) | Bureau Veritas subsidiary (Bureau Veritas Certification Colombia Ltda) | Accredited certification body in Colombia,"BVQI COLOMBIA LTDA is a carbon/GHG verification body, based in Bogotá, Colombia, established in 2003. Appears in 1 official registry: onac. Sectors: energy, manufacturing, forestry/AFOLU. Serves: Colombia.",0.75,high,
307,Certification And Management Limited,firm,https://www.cmatesting.org/,1982,Hong Kong,Sha Tin,Asia; Middle East; Europe; North America,Carbon management; Greenhouse gas emissions; Product carbon footprint; Consumer products,hkas,HKAS ISO 14065,https://www.itc.gov.hk/en/quality/hkas/doc/scopes/Scope_of_HKCAS_Accredited_Organisation.pdf,Over 44 years operational | 12+ global regional offices | Carbon Audit and GHG Emissions Verification services | HKAS accredited,"Certification And Management Limited is a carbon/GHG verification body, based in Sha Tin, Hong Kong, established in 1982. Appears in 1 official registry: hkas. Sectors: Carbon management, Greenhouse gas emissions, Product carbon footprint, Consumer products. Serves: Asia, Middle East, Europe, North America.",0.75,high,
308,China Academy of Civil Aviation Science and Technology,firm,,,China,,China; Global,aviation emissions; CORSIA verification; greenhouse gas,cnas; corsia,CNAS ISO 14065; CORSIA,https://www.cnas.org.cn/ChinaNationalAccreditationServiceforConformityAssessment/FindanAccreditedBody/GHG/art/2024/art_e927c547a49a48cf9b28030f1e84e5c8.html | https://www.icao.int/sites/default/files/environmental-protection/CORSIA/Documents/CORSIA%20Central%20Registry/CCR-Info-Data-Transparency_PartI_13ed_web.pdf,CNAS (China National Accreditation Service for Conformity Assessment) GHG verifier accreditation | CORSIA registry accreditation (per registry field) | Part of Civil Aviation Administration of China (CAAC) | Involved in sustainable aviation fuel (SAF) program coordination,"China Academy of Civil Aviation Science and Technology is a carbon/GHG verification body, based in China. Appears in 2 official registries: cnas, corsia. Sectors: aviation emissions, CORSIA verification, greenhouse gas. Serves: China, Global.",0.75,high,
309,China Classification Society Quality Certification,firm,,1993,China,Beijing,Global,carbon/GHG verification; CDM; VCS,ccer,China CCER,https://www.climatebridge.com/publication/146.html,Verra (VCS) Validation and Verification Body - actively accredited | NDRC approved CCER verifier | State-owned enterprise subsidiary of China Classification Society (established 1956) | Ministry of Transport oversight,"China Classification Society Quality Certification is a carbon/GHG verification body, based in Beijing, China, established in 1993. Appears in 1 official registry: ccer. Sectors: carbon/GHG verification, CDM, VCS. Serves: Global.",0.75,high,
310,China Environmental United Certification Centre,firm,,2008,China,,Global,CDM (scopes 1-15); hydropower; wind power; biomass energy; coal bed gas; biogas; waste heat,ccer,China CCER,https://www.climatebridge.com/publication/146.html,UNFCCC CDM Designated Operational Entity since April 2008 | First Chinese DOE with full scope qualification (1-15) | Re-accredited through 2027 | 400+ CDM projects with completed registration and issuance,"China Environmental United Certification Centre is a carbon/GHG verification body, based in China, established in 2008. Appears in 1 official registry: ccer. Sectors: CDM (scopes 1-15), hydropower, wind power, biomass energy, coal bed gas, biogas. Serves: Global.",0.75,high,
311,China Quality Certification Center (CQC),firm,,2002,China,Beijing,Global,energy; AFOLU; industrial processes; waste; carbon emission trading; carbon neutrality; product carbon footprint/EPD,verra-vvb,,https://verra.org/validation-verification/,"Founded 2002 through merger of multiple certification bodies | Evolved from China Commission for Conformity Certification of Electrical Equipment (1985) | GHG verification authority since September 2008 (Tianjin Climate Exchange) | Qualified for CCER, CDM, VCS, CORSIA carbon programs","China Quality Certification Center (CQC) is a carbon/GHG verification body, based in Beijing, China, established in 2002. Appears in 1 official registry: verra-vvb. Sectors: energy, AFOLU, industrial processes, waste, carbon emission trading, carbon neutrality. Serves: Global.",0.75,high,
312,COAE (Center of Organic Agriculture in Egypt),firm,https://coae-egypt.com/,1990,Egypt,,Egypt,agriculture; GHG verification; emissions verification,egac-egypt,"EGAC ISO 14065, ISO 14064-3",https://coae-egypt.com/,"Founded 1990; 36 years in operation | Independent conformity assessment body accredited to ISO/IEC 17065, ISO/IEC 17029, ISO/IEC 14065, ISO 14064-3, ISO 14066 | Conducts validation and verification for 1,082 farms (EOL GHG program) and 1,612 farms (Oremex GHG program) | Provides certification under Demeter, EoL, PGS, and Egyptian Organic Law standards","COAE (Center of Organic Agriculture in Egypt) is a carbon/GHG verification body, based in Egypt, established in 1990. Appears in 1 official registry: egac-egypt. Sectors: agriculture, GHG verification, emissions verification. Serves: Egypt.",0.75,high,
313,Colombian Institute for Technical Standards,firm,,1963,Colombia,Bogotá,Colombia,energy; waste; industrial; transport,cdm-doe,,https://cdm.unfccc.int/DOE/list/index.html,"Verra VVB listed | 1963 founding provides 60+ years operational history | Granted carbon neutral certifications to Cemex fleet, Ferrovial Ruta del Cacao highway, City of Medellín | Private non-profit recognized as Colombia's National Standardization Body since 1984","Colombian Institute for Technical Standards is a carbon/GHG verification body, based in Bogotá, Colombia, established in 1963. Appears in 1 official registry: cdm-doe. Sectors: energy, waste, industrial, transport. Serves: Colombia.",0.75,high,
314,Control Union Certifications B.V.,firm,,,Netherlands,Zwolle,Europe; Global,forestry/AFOLU; renewable fuels; organic agriculture; bioenergy,sbp; verra-vvb,SBP,https://sbp-cert.org/certifications/accredited-certification-bodies/ | https://verra.org/validation-verification/,Part of Control Union Group (founded 1920) | Listed as Verra VVB | Listed as SBP (Sustainable Biomass Programme) certifier | Active in organic and sustainable product certification,"Control Union Certifications B.V. is a carbon/GHG verification body, based in Zwolle, Netherlands. Appears in 2 official registries: sbp, verra-vvb. Sectors: forestry/AFOLU, renewable fuels, organic agriculture, bioenergy. Serves: Europe, Global.",0.75,high,
315,DNV Business Assurance Finland Oy Ab,firm,,1864,Finland,,Finland,forestry/AFOLU; sustainable biomass,sbp,SBP,https://sbp-cert.org/certifications/accredited-certification-bodies/,SBP-approved Certification Body for biomass producers and supply chain | Accredited for Chain of Custody certification | Listed in SBP certificate holders registry | Specializes in pellet and woodchip certification,"DNV Business Assurance Finland Oy Ab is a carbon/GHG verification body, based in Finland, established in 1864. Appears in 1 official registry: sbp. Sectors: forestry/AFOLU, sustainable biomass. Serves: Finland.",0.75,high,
316,DNV Business Assurance Italy S.r.l.,firm,,1864,Italy,,Italy,product carbon footprint/EPD; environmental product declaration,epd-intl,,https://www.environdec.com/resources/verifiers/certification-bodies,Listed in EPD International registry | ISO 14025 and EN 15804 compliant | Verifies against International EPD System standards | Provides Life Cycle Assessment verification,"DNV Business Assurance Italy S.r.l. is a carbon/GHG verification body, based in Italy, established in 1864. Appears in 1 official registry: epd-intl. Sectors: product carbon footprint/EPD, environmental product declaration. Serves: Italy.",0.75,high,
317,DNV GL Business Assurance Singapore Pte Ltd,firm,,1864,Singapore,Singapore,Singapore; Asia-Pacific; Global,"carbon footprint verification; GHG emissions verification (Scope 1, 2, 3); product carbon footprinting; life cycle assessment; corporate sustainability reporting",singapore-sac-nea,NEA Carbon Pricing Act external auditor,https://www.nea.gov.sg/docs/default-source/default-document-library/accredited-external-auditor-under-the-carbon-pricing-actb86d4b075bfe4aa986cad1d9c25f9cf3.pdf,"SAC-accredited by Singapore National Environment Agency (NEA) under Carbon Pricing Act | 10+ years in carbon footprinting services | Verifies across multiple reporting frameworks (CDP, GRI, ISSB) | Serves companies globally","DNV GL Business Assurance Singapore Pte Ltd is a carbon/GHG verification body, based in Singapore, Singapore, established in 1864. Appears in 1 official registry: singapore-sac-nea. Sectors: carbon footprint verification, GHG emissions verification (Scope 1, 2, 3), product carbon footprinting, life cycle assessment, corporate sustainability reporting. Serves: Singapore, Asia-Pacific, Global.",0.75,high,
318,DNV SE,firm,,1864,Germany,Hamburg,EU; Germany; Global,"maritime emissions verification (FuelEU); EU MRV (Monitoring, Reporting, Verification) regulation; renewable energy certification",dakks,DAkkS ISO 17029 Verification Body,https://www.dakks.de/en/accredited-bodies-search.html,DAKKS-accredited for EU MRV verifier status | Accredited body for FuelEU verification under EU Regulation 2023/1805 | DAKKS re-accreditation for renewable energy certification services | Certified first CO2 storage site in Middle East (ADNOC project),"DNV SE is a carbon/GHG verification body, based in Hamburg, Germany, established in 1864. Appears in 1 official registry: dakks. Sectors: maritime emissions verification (FuelEU), EU MRV (Monitoring, Reporting, Verification) regulation, renewable energy certification. Serves: EU, Germany, Global.",0.75,high,
319,Dr.-Ing. Nikolay Minkov,individual-practice,,2018,Bulgaria,,Global; EU,product carbon footprint/EPD; construction; LCA; eco-design,epd-hub,EPD Hub,https://www.epdhub.com/verification-committee,"PhD in LCA, environmental communication, and ecolabelling from TU Berlin | 15+ years experience in sustainability | EPD verifier since 2018 | Member of EPD Hub Verification Committee","Dr.-Ing. Nikolay Minkov is a individually approved verifier practice, based in Bulgaria, established in 2018. Appears in 1 official registry: epd-hub. Sectors: product carbon footprint/EPD, construction, LCA, eco-design. Serves: Global, EU.",0.75,high,
320,ECEE Company Limited,firm,,2022,Thailand,Bangkok,Thailand,carbon footprint; life cycle assessment; GHG management; water footprint,tgo-tver,T-VER,https://ghgreduction.tgo.or.th/en/external-validation-verification-body/list-of-registered-vvb.html,"TISI accreditation certificate T-VER-VVB-01-007-2022-02 issued March 25, 2022 | ISO 14064-1 and ISO 14064-2 accredited verifier | Registered with Thai Greenhouse Gas Management Organization (TGO) | Validation and verification body for voluntary projects","ECEE Company Limited is a carbon/GHG verification body, based in Bangkok, Thailand, established in 2022. Appears in 1 official registry: tgo-tver. Sectors: carbon footprint, life cycle assessment, GHG management, water footprint. Serves: Thailand.",0.75,high,
321,EMICERT CERTIFICATION SERVICES LIMITED,firm,https://emicert.com/,,Greece,Athens,Greece; Europe; 10 countries,shipping/maritime; aviation; industrial; fluorinated gases; carbon footprint; CBAM,esyd; ukas-full,"EU ETS (2018/2067 Section 1 & 2), ISO 14064-1, ICAO CORSIA; UKAS",https://esyd.gr/list-of-accredited-verification-bodies-of-greenhouse-gases-emissions/ | https://www.ukas.com/download-schedule/25561/Verification/,ISO 14065 accreditation (5+ years) for industry and aviation | ISO 17029:2019 accreditation for fluorinated gases | First worldwide accredited shipping MRV verifier under ISO 14065 and Regulation 2015/757 | Over 30 lead verifiers on staff,"EMICERT CERTIFICATION SERVICES LIMITED is a carbon/GHG verification body, based in Athens, Greece. Appears in 2 official registries: esyd, ukas-full. Sectors: shipping/maritime, aviation, industrial, fluorinated gases, carbon footprint, CBAM. Serves: Greece, Europe, 10 countries.",0.75,high,
322,Enviro-Accès Inc.,firm,,2005,Canada,Sherbrooke,Canada,carbon verification; GHG validation,verra-vvb,,https://verra.org/validation-verification/,Founded 2005 with GHG emissions focus | First private company accredited by Standards Council of Canada (SCC) in 2011 | Verra VVB accreditation (ID 056) | SCC accreditation history,"Enviro-Accès Inc. is a carbon/GHG verification body, based in Sherbrooke, Canada, established in 2005. Appears in 1 official registry: verra-vvb. Sectors: carbon verification, GHG validation. Serves: Canada.",0.75,high,
323,EnvService GmbH,firm,http://www.envs.eu,,Germany,Hamburg,Germany; Europe; Global (maritime),shipping/maritime; EU MRV; UK MRV; IMO DCS; EU ETS; CII; FuelEU Maritime,dakks; ukas,DAkkS ISO 17029 Verification Body; UKAS / UK ETS,https://www.dakks.de/en/accredited-bodies-search.html | https://www.ukas.com/find-an-organisation/browse-by-category/?type=283,"ISO 17029 accreditation (greenhouse gas emissions verification for global shipping) | DAkkS accreditation (EU MRV and ETS; expansion to FuelEU planned) | UKAS accreditation (EU MRV and ETS; expansion to FuelEU planned) | 3-person team with named staff (Christian Bucher, Ann-Kathrin Kruse, Mehmet Keles)","EnvService GmbH is a carbon/GHG verification body, based in Hamburg, Germany. Appears in 2 official registries: dakks, ukas. Sectors: shipping/maritime, EU MRV, UK MRV, IMO DCS, EU ETS, CII. Serves: Germany, Europe, Global (maritime).",0.75,high,
324,EPIC,firm,,2010,India,Bangalore,Global,greenhouse gas verification; carbon credits; validation; verification,isometric,,https://isometric.com/governance-policies,Listed on Isometric carbon registry | 900+ projects verified across 45+ countries | 19+ international awards since 2014 | Third-party auditor and sustainability assurance provider,"EPIC is a carbon/GHG verification body, based in Bangalore, India, established in 2010. Appears in 1 official registry: isometric. Sectors: greenhouse gas verification, carbon credits, validation, verification. Serves: Global.",0.75,high,
325,ERM,firm,,1996,United States,,Global,greenhouse gas verification; ESG assurance; voluntary carbon market; carbon credit integrity; sustainability reporting,aus-cer,NGER/ACCU,https://cer.gov.au/schemes/audits-our-schemes/find-auditor,"Founded 1996, 30 years in operation | ERM CVS accredited Verra VVB | ISO 14064 certified GHG lead verifier training | Operates in 40+ countries","ERM is a carbon/GHG verification body, based in United States, established in 1996. Appears in 1 official registry: aus-cer. Sectors: greenhouse gas verification, ESG assurance, voluntary carbon market, carbon credit integrity, sustainability reporting. Serves: Global.",0.75,high,
326,ERM Certification and Verification Service,firm,,1996,United Kingdom,London,United Kingdom; Global,voluntary carbon markets; GHG verification; emissions reduction,gold-standard,Gold Standard,https://web.archive.org/web/20250916231729/https://globalgoals.goldstandard.org/verification-validation-bodies/,Listed as Validation and Verification Body on Gold Standard registry | ISO 14065:2020 accredited | ANSI ANAB accredited for GHG validation/verification | Operates since 1996,"ERM Certification and Verification Service is a carbon/GHG verification body, based in London, United Kingdom, established in 1996. Appears in 1 official registry: gold-standard. Sectors: voluntary carbon markets, GHG verification, emissions reduction. Serves: United Kingdom, Global.",0.75,high,
327,ERM South Africa,firm,https://www.erm.com/locations/south-africa,2003,South Africa,Johannesburg,South Africa; Sub-Saharan Africa,climate change consulting; carbon markets; sustainability; environmental advisory,sanas,ISO 14065,https://embeddedcarbonrecord.com/verification-directory/south-africa/,"SANAS accredited body | 130+ staff in region | Permanent Sub-Saharan Africa presence since 2003 | Offices in Cape Town, Durban, Johannesburg","ERM South Africa is a carbon/GHG verification body, based in Johannesburg, South Africa, established in 2003. Appears in 1 official registry: sanas. Sectors: climate change consulting, carbon markets, sustainability, environmental advisory. Serves: South Africa, Sub-Saharan Africa.",0.75,high,
328,Ernst & Young,firm,,,Australia,Melbourne,Australia; Singapore,GHG verification; carbon credit auditing; sustainability reporting; emissions auditing,aus-cer; singapore-sac-nea,NEA Carbon Pricing Act external auditor; NGER/ACCU,https://cer.gov.au/schemes/audits-our-schemes/find-auditor | https://www.nea.gov.sg/docs/default-source/default-document-library/accredited-external-auditor-under-the-carbon-pricing-actb86d4b075bfe4aa986cad1d9c25f9cf3.pdf,Multiple registered auditors on Australian Clean Energy Regulator register (Category 2 greenhouse and energy auditors) | Singapore-SAC accredited for GHG verification | ANSI ANAB accredited for GHG validation/verification | Registered auditors in Melbourne and Adelaide for Australian Carbon Credit Unit scheme,"Ernst & Young is a carbon/GHG verification body, based in Melbourne, Australia. Appears in 2 official registries: aus-cer, singapore-sac-nea. Sectors: GHG verification, carbon credit auditing, sustainability reporting, emissions auditing. Serves: Australia, Singapore.",0.75,high,
329,Ernst & Young Associés (France),firm,,,France,Paris,France; Europe,GHG verification; CDM validation and verification; emissions auditing,cdm-all-does; cdm-doe,UNFCCC CDM,https://cdm.unfccc.int/DOE/list/index.html,CDM Designated Operational Entity (DOE) E-0045 | ANSI ANAB accredited for GHG verification | CDM experience with project validation and verification,"Ernst & Young Associés (France) is a carbon/GHG verification body, based in Paris, France. Appears in 2 official registries: cdm-all-does, cdm-doe. Sectors: GHG verification, CDM validation and verification, emissions auditing. Serves: France, Europe.",0.75,high,
330,"Ernst & Young Sustainability Co., Ltd.",firm,,,Japan,Tokyo,Japan; Asia,GHG verification; CDM validation and verification; climate change services,cdm-all-does; cdm-doe,UNFCCC CDM,https://cdm.unfccc.int/DOE/list/index.html,CDM Designated Operational Entity (DOE) E-0028 | ANSI ANAB accredited for GHG verification | CDM project validation and verification experience,"Ernst & Young Sustainability Co., Ltd. is a carbon/GHG verification body, based in Tokyo, Japan. Appears in 2 official registries: cdm-all-does, cdm-doe. Sectors: GHG verification, CDM validation and verification, climate change services. Serves: Japan, Asia.",0.75,high,
331,European Inspection and Certification Company (EuroCert) S.A.,firm,eurocert.gr,1998,Greece,Athens (Metamorfosi),Global,Environmental Product Declaration (EPD); Carbon certification; Sustainability; Building construction; Energy; Food; Multiple industrial sectors,iscc,,https://www.iscc-system.org/certification/certification-bodies/,Founded 1998 | Accredited for ISCC (registry field) confirming sustainability/carbon certification authority | Global operations with multi-sectoral certifications | International EPD System approval,"European Inspection and Certification Company (EuroCert) S.A. is a carbon/GHG verification body, based in Athens (Metamorfosi), Greece, established in 1998. Appears in 1 official registry: iscc. Sectors: Environmental Product Declaration (EPD), Carbon certification, Sustainability, Building construction, Energy, Food. Serves: Global.",0.75,high,
332,Forsyths Business Services Pty Ltd,firm,,2003,Australia,Tamworth,Australia,AFOLU; agriculture,aus-cer,NGER/ACCU,https://cer.gov.au/schemes/audits-our-schemes/find-auditor,Category 2 Greenhouse and Energy auditor registered with Clean Energy Regulator | 20-person specialist audit team | 150+ staff professional services firm | Panel of preferred suppliers for ERF (Emissions Reduction Fund) and NGER (National Greenhouse and Energy Reporting) audits,"Forsyths Business Services Pty Ltd is a carbon/GHG verification body, based in Tamworth, Australia, established in 2003. Appears in 1 official registry: aus-cer. Sectors: AFOLU, agriculture. Serves: Australia.",0.75,high,
333,Foundation for Industrial Development - Management System Certification Institute (Thailand) (MASCI),firm,,1998,Thailand,Bangkok,Thailand,GHG/energy; forestry/AFOLU,cdm-all-does,UNFCCC CDM,https://cdm.unfccc.int/DOE/list/index.html,Established by Cabinet Resolution 10 September 1998 | Registered as Designated Operational Entity (DOE) under UN CDM program | Provides ISO/IEC 14064-2 validation and verification services | Registered as Validation and Verification Body (VVB) for Thailand T-VER program,"Foundation for Industrial Development - Management System Certification Institute (Thailand) (MASCI) is a carbon/GHG verification body, based in Bangkok, Thailand, established in 1998. Appears in 1 official registry: cdm-all-does. Sectors: GHG/energy, forestry/AFOLU. Serves: Thailand.",0.75,high,
334,GHG Assurance,firm,https://ghg-assurance.com,,Mexico,,Mexico; Latin America,forestry/AFOLU; energy,cercarbono; ecoregistry,Cercarbono Carbon Programme,https://cercarbono.com/validation-and-verification/ | https://www.cercarbono.com/validation-and-verification/,Listed as validation and verification body in cercarbono and ecoregistry registries | 16 years of stated experience in GHG management | Described as 'Organismo de Validación y Verificación de Gases de Efecto Invernadero',"GHG Assurance is a carbon/GHG verification body, based in Mexico. Appears in 2 official registries: cercarbono, ecoregistry. Sectors: forestry/AFOLU, energy. Serves: Mexico, Latin America.",0.75,high,
335,greencert. Umweltgutachter GmbH,firm,https://greencert.de,,Germany,Dettingen an der Erms,Germany; Europe,emissions trading; biomass fuel sustainability; energy plant certification; renewable energy certification,redcert; sure-eu,REDcert; SURE-EU,https://sure-system.org/fileadmin/user_upload/SURE/Dokumente/Zertstellen/20260626_Addresses_of_all_Certification_Bodies.pdf | https://www.redcert.org/en-us/certification/approved-certification-bodies/,Over 15 years of experience | EMAS environmental management accreditation | Specializes in RED (Renewable Energy Directive) I/II/III compliance | German renewable energy law (EEG) certifications,"greencert. Umweltgutachter GmbH is a carbon/GHG verification body, based in Dettingen an der Erms, Germany. Appears in 2 official registries: redcert, sure-eu. Sectors: emissions trading, biomass fuel sustainability, energy plant certification, renewable energy certification. Serves: Germany, Europe.",0.75,high,
336,"Greenhouse Gas Verification Unit, The Mae Fah Luang Foundation",firm,,1972,Thailand,Bangkok,Thailand,forestry/AFOLU; nature-based climate solutions; T-VER (Thailand Voluntary Emission Reduction),tgo-tver,T-VER,https://ghgreduction.tgo.or.th/en/external-validation-verification-body/list-of-registered-vvb.html,"Registered as T-VER validation and verification body under Thailand Greenhouse Gas Management Organization | 36+ years of conservation and development experience | 50,000+ hectares of community forest registered for carbon credit programs | Partnership with Thaicom for satellite-based GHG verification","Greenhouse Gas Verification Unit, The Mae Fah Luang Foundation is a carbon/GHG verification body, based in Bangkok, Thailand, established in 1972. Appears in 1 official registry: tgo-tver. Sectors: forestry/AFOLU, nature-based climate solutions, T-VER (Thailand Voluntary Emission Reduction). Serves: Thailand.",0.75,high,
337,HLB Mann Judd Advisory and Accounting,firm,,1982,Australia,Sydney,Australia; Australasia; Pacific,Carbon accounting; GHG emissions verification; Sustainability assurance,aus-cer,NGER/ACCU,https://cer.gov.au/schemes/audits-our-schemes/find-auditor,Established 1982 in Australia | UN Global Compact Network Australia member | Partnership with Sumday (carbon accounting technology provider) | GHG Protocol alignment,"HLB Mann Judd Advisory and Accounting is a carbon/GHG verification body, based in Sydney, Australia, established in 1982. Appears in 1 official registry: aus-cer. Sectors: Carbon accounting, GHG emissions verification, Sustainability assurance. Serves: Australia, Australasia, Pacific.",0.75,high,
338,IFTA AG,firm,ifta-ag.de,1991,Germany,Berlin,Germany,food safety; agricultural certification; management systems,redcert; sure-eu,REDcert; SURE-EU,https://sure-system.org/fileadmin/user_upload/SURE/Dokumente/Zertstellen/20260626_Addresses_of_all_Certification_Bodies.pdf | https://www.redcert.org/en-us/certification/approved-certification-bodies/,"Founded 1991 (35 years in operation) | DIN EN ISO/IEC 17021 accreditation for management systems auditing and certification | DIN EN ISO/IEC 17065 accreditation for product, process, and service certification","IFTA AG is a carbon/GHG verification body, based in Berlin, Germany, established in 1991. Appears in 2 official registries: redcert, sure-eu. Sectors: food safety, agricultural certification, management systems. Serves: Germany. Note: carbon scope disputed by enrichment research.",0.75,high,"Enrichment agent disputed carbon scope: No evidence of carbon/GHG/EPD verification services; certification services focus on food safety, quality management systems, and environmental management systems"
339,INSTITUTO COLOMBIANO DE NORMAS TÉCNICAS Y CERTIFICACIÓN ICONTEC,firm,,1963,Colombia,Bogotá,Colombia; Latin America,energy; manufacturing; transport; forestry/AFOLU; waste,mx-semarnat,Mexico RENE,https://www.gob.mx/profepa/acciones-y-programas/organismos-de-tercera-parte,CDM Operational Entity designated by UNFCCC Executive Board | Only Latin American organization with CDM Operational Entity accreditation | Carbon neutrality certification services | GHG verification per ISO 14064-3 and Corporate GHG Protocol standards,"INSTITUTO COLOMBIANO DE NORMAS TÉCNICAS Y CERTIFICACIÓN ICONTEC is a carbon/GHG verification body, based in Bogotá, Colombia, established in 1963. Appears in 1 official registry: mx-semarnat. Sectors: energy, manufacturing, transport, forestry/AFOLU, waste. Serves: Colombia, Latin America.",0.75,high,
340,Intechnica Cert GmbH Umweltgutachterorganisation,firm,,1990,Germany,Nuremberg,EU; Europe,energy,dakks,DAkkS ISO 17029 Verification Body,https://www.dakks.de/en/accredited-bodies-search.html,DAkkS (German Accreditation Body) accredited as 'Umweltgutachterorganisation' (environmental expert organization) | Validation and verification of European and national CO2 emissions trading (EU ETS) | EMAS and ISO 14001 environmental management system certification | Operates as independent certification body ensuring impartiality,"Intechnica Cert GmbH Umweltgutachterorganisation is a carbon/GHG verification body, based in Nuremberg, Germany, established in 1990. Appears in 1 official registry: dakks. Sectors: energy. Serves: EU, Europe.",0.75,high,
341,Korea Environment Corporation,firm,,,South Korea,,South Korea; Global,CDM project verification; carbon reduction; emission reduction validation,cdm-all-does; cdm-doe,UNFCCC CDM,https://cdm.unfccc.int/DOE/list/index.html,"Designated Operational Entity (DOE) for CDM | Validates and verifies emission-reduction projects | Quasi-state institution under Ministry of the Environment | Responsible for environmental pollution prevention, recycling, climate change response","Korea Environment Corporation is a carbon/GHG verification body, based in South Korea. Appears in 2 official registries: cdm-all-does, cdm-doe. Sectors: CDM project verification, carbon reduction, emission reduction validation. Serves: South Korea, Global.",0.75,high,
342,Korean Quality Assurance,firm,,1993,South Korea,Seoul,South Korea; Global,energy; waste; manufacturing,korea-ets,K-ETS,https://nier.go.kr/front/kor/cmm/nier_law01.do?menuNo=13004,Approved as validation/verification body by Korean Standards Institute per KS Q ISO/IEC 17029 and ISO 14065 | Accredited Designated Operational Entity (DOE) under CDM Article 6.4 | Provides target management emission statement verification for South Korea's GHG reporting system,"Korean Quality Assurance is a carbon/GHG verification body, based in Seoul, South Korea, established in 1993. Appears in 1 official registry: korea-ets. Sectors: energy, waste, manufacturing. Serves: South Korea, Global.",0.75,high,
343,Korean Quality Foundation,firm,,1993,South Korea,Seoul,South Korea; Global,energy; waste; manufacturing,korea-ets,K-ETS,https://nier.go.kr/front/kor/cmm/nier_law01.do?menuNo=13004,Approved as validation/verification body by Korean Standards Institute per KS Q ISO/IEC 17029 and ISO 14065:2013 | First ISO international certification body approved by South Korea's Ministry of Trade Industry and Resources (1993) | Accredited as Designated Operational Entity (DOE) under CDM for validation/verification/certification of emission reduction activities | Provides reliable verification services for target management emission statements under South Korea's GHG target system,"Korean Quality Foundation is a carbon/GHG verification body, based in Seoul, South Korea, established in 1993. Appears in 1 official registry: korea-ets. Sectors: energy, waste, manufacturing. Serves: South Korea, Global.",0.75,high,
344,KPMG,firm,,1987,Netherlands,Amsterdam,Global,energy; manufacturing; product carbon footprint; EPD,aus-cer,NGER/ACCU,https://cer.gov.au/schemes/audits-our-schemes/find-auditor,Global professional services firm with carbon verification as core service | Provides Corporate Carbon Footprint (CCF) verification per GHG Protocol and ISO 14064(1) | Provides Product Carbon Footprint (PCF) verification per ISO 14067 and ISO 14064-3 with DAkkS accreditation | Verification services mandatory under EU ETS and CBAM frameworks,"KPMG is a carbon/GHG verification body, based in Amsterdam, Netherlands, established in 1987. Appears in 1 official registry: aus-cer. Sectors: energy, manufacturing, product carbon footprint, EPD. Serves: Global.",0.75,high,
345,KPMG Cert GmbH Umweltgutachterorganisation,firm,,,Germany,Cologne,Germany; EU,aviation; energy; corporate carbon footprint; CBAM,corsia; dakks,CORSIA; DAkkS ISO 17029 Verification Body,https://www.dakks.de/en/accredited-bodies-search.html | https://www.icao.int/sites/default/files/environmental-protection/CORSIA/Documents/CORSIA%20Central%20Registry/CCR-Info-Data-Transparency_PartI_13ed_web.pdf,CORSIA accreditation D-VS-16103-01-00 registered with ICAO | DAKKS accreditation | ISO 14064-3 certified for validation and verification | Verified emissions reports for CORSIA and CBAM regulations,"KPMG Cert GmbH Umweltgutachterorganisation is a carbon/GHG verification body, based in Cologne, Germany. Appears in 2 official registries: corsia, dakks. Sectors: aviation, energy, corporate carbon footprint, CBAM. Serves: Germany, EU.",0.75,high,
346,KSA (Korean Standards Association/한국표준협회),firm,,1962,South Korea,,South Korea,energy; ETS; GHG verification,k-ets-full,K-ETS,https://ksa.or.kr/ksa_kr/881/subview.do,Founded 1962 under Industrial Standardization Act | Designated as official certification body by Korea Agency for Technology and Standards (KATS) since 2000 | Conducts verification for Korea Emissions Trading System (K-ETS) | Provides voluntary GHG emissions verification and product carbon footprint verification,"KSA (Korean Standards Association/한국표준협회) is a carbon/GHG verification body, based in South Korea, established in 1962. Appears in 1 official registry: k-ets-full. Sectors: energy, ETS, GHG verification. Serves: South Korea.",0.75,high,
347,KTR (Korea Testing & Research Institute/한국화학융합시험연구원),firm,,1969,South Korea,Unknown,South Korea,product carbon footprint; EPD,k-ets-full,K-ETS,https://www.ktr.or.kr/certification/greengas/contentsid/449/index.do,KOLAS accreditation for carbon footprint verification (since 2023) | 55+ years in operation (1969–2024) | Designated testing & certification body by South Korean government | International partnerships: Intertek and Bureau Veritas MOUs signed in 2024,"KTR (Korea Testing & Research Institute/한국화학융합시험연구원) is a carbon/GHG verification body, based in Unknown, South Korea, established in 1969. Appears in 1 official registry: k-ets-full. Sectors: product carbon footprint, EPD. Serves: South Korea.",0.75,high,
348,Lloyd's Register Korea,firm,,1760,United Kingdom (global firm; Korea office listed),London (global HQ),Global,ISO 14064 GHG validation/verification; maritime; aviation; energy,korea-ets,K-ETS,https://nier.go.kr/front/kor/cmm/nier_law01.do?menuNo=13004,"Founded 1760; 264+ years in operation (world's oldest classification society) | ISO 14064 accreditation for GHG validation/verification (comprehensive) | Global client base across multiple industries | Verification services for maritime emissions (EEXI, CII, FuelEU)","Lloyd's Register Korea is a carbon/GHG verification body, based in London (global HQ), United Kingdom (global firm; Korea office listed), established in 1760. Appears in 1 official registry: korea-ets. Sectors: ISO 14064 GHG validation/verification, maritime, aviation, energy. Serves: Global.",0.75,high,
349,LRQA España,firm,,1985,Spain,Spain,Spain; Europe,product carbon footprinting; organizational GHG verification; carbon neutrality verification,enac,EU ETS 2,https://www.enac.es/actualidad/acreditaciones-eu-ets-2,ENAC accredited verifier | Part of global LRQA network | ISO 14067 and ISO 14068 services,"LRQA España is a carbon/GHG verification body, based in Spain, Spain, established in 1985. Appears in 1 official registry: enac. Sectors: product carbon footprinting, organizational GHG verification, carbon neutrality verification. Serves: Spain, Europe.",0.75,high,
350,Management System Certification Institute (Thailand),firm,,1998,Thailand,Bangkok,Thailand,aviation; waste,corsia,CORSIA,https://www.icao.int/sites/default/files/environmental-protection/CORSIA/Documents/CORSIA%20Central%20Registry/CCR-Info-Data-Transparency_PartI_13ed_web.pdf,"Established 1998 by Ministry of Industry under Cabinet Resolution; operates under Foundation for Industrial Development | Designated as ICAO CORSIA Validation and Verification Body for emissions reporting | Provides multiple ISO management system certifications (9001, 14001, 45001, 27001) | Accredited for inspection, validation, and verification services","Management System Certification Institute (Thailand) is a carbon/GHG verification body, based in Bangkok, Thailand, established in 1998. Appears in 1 official registry: corsia. Sectors: aviation, waste. Serves: Thailand.",0.75,high,
351,Mehrdad Ghorbani Mooselu,firm,,1988,Norway,Oslo,Norway; Europe,product carbon footprint/EPD; life cycle assessment; construction; infrastructure; food; textiles; transport,epd-norge,EPD Norge,https://www.epd-global.com/epd-er/lage-epder/uavhengige-verifikatorer/,"Senior Researcher at NORSUS (Norwegian Institute for Sustainability Research) | PhD in Civil Engineering | Expertise in LCA, EPD, and circular economy | NORSUS established 1988, restructured 2006 as limited company","Mehrdad Ghorbani Mooselu is a carbon/GHG verification body, based in Oslo, Norway, established in 1988. Appears in 1 official registry: epd-norge. Sectors: product carbon footprint/EPD, life cycle assessment, construction, infrastructure, food, textiles. Serves: Norway, Europe.",0.75,high,
352,MICONE Consulting Inc.,firm,,2010,Canada,Calgary,Canada; North America,GHG validation and verification; renewable energy; energy efficiency; transportation; industrial processes; agriculture/forestry; carbon capture and storage; waste decomposition,scc,SCC Greenhouse Gas (ISO 14065),https://scc-ccn.ca/search/accredited-organizations?f%5B0%5D=program%3A481,"SCC (Standards Council of Canada) accreditation as GHG Validation and Verification Body | Accredited since May 14, 2021 (expiry May 14, 2029) | ISO 14064-3 compliance | Scope of accreditation covers multiple GHG project types","MICONE Consulting Inc. is a carbon/GHG verification body, based in Calgary, Canada, established in 2010. Appears in 1 official registry: scc. Sectors: GHG validation and verification, renewable energy, energy efficiency, transportation, industrial processes, agriculture/forestry. Serves: Canada, North America.",0.75,high,
353,NEPCon OÜ (trading as Preferred by Nature),firm,,1994,Estonia,Tallinn,Global,forestry/AFOLU; carbon projects/offsets; biofuels/energy,sbp,SBP,https://sbp-cert.org/certifications/accredited-certification-bodies/,"Founded 1994 in Denmark, Estonia operations since 1998 | Carbon Projects Validation/Verification Services | SBP (Sustainable Biomass Partnership) verifier | Forest certification expertise (FSC/PEFC)","NEPCon OÜ (trading as Preferred by Nature) is a carbon/GHG verification body, based in Tallinn, Estonia, established in 1994. Appears in 1 official registry: sbp. Sectors: forestry/AFOLU, carbon projects/offsets, biofuels/energy. Serves: Global.",0.75,high,
354,Nippon Kaiji Kyokai General Incorporated Foundation (ClassNK),firm,,1899,Japan,Tokyo,European Union; Global,shipping/maritime; aviation,dakks,DAkkS ISO 17029 Verification Body,https://www.dakks.de/en/accredited-bodies-search.html,Registered as General Incorporated Foundation (non-profit) under Japanese law | DAKKS accreditation (German accreditation body) for EU-MRV verification | EU-MRV Regulation verification for ship CO2 emissions | Related to ClassNK founded 1899,"Nippon Kaiji Kyokai General Incorporated Foundation (ClassNK) is a carbon/GHG verification body, based in Tokyo, Japan, established in 1899. Appears in 1 official registry: dakks. Sectors: shipping/maritime, aviation. Serves: European Union, Global.",0.75,high,
355,OMADA MITERA S.A.P.I.,firm,omadamitera.com,,Mexico,Mérida,Mexico,GHG verification; carbon projects; forestry/AFOLU; ecosystem restoration; aviation (CORSIA); carbon tax compliance,anab; car,ANAB ISO 14065; Climate Action Reserve,https://climateactionreserve.org/how/verification/connect-with-a-verification-body/,20+ years of team experience in environmental/GHG work | Registered with ANAB | Registered with CAR (Climate Action Reserve) | Registered with VERRA,"OMADA MITERA S.A.P.I. is a carbon/GHG verification body, based in Mérida, Mexico. Appears in 2 official registries: anab, car. Sectors: GHG verification, carbon projects, forestry/AFOLU, ecosystem restoration, aviation (CORSIA), carbon tax compliance. Serves: Mexico.",0.75,high,
356,Omnex,firm,,1985,United States,Ann Arbor,United States,carbon verification; GHG verification; sustainability; functional safety; automotive cybersecurity,isometric,,https://isometric.com/governance-policies,Founded 1985 | Comprehensive carbon/GHG verification services | ANAB accreditation for automotive certification | Multiple worldwide offices,"Omnex is a carbon/GHG verification body, based in Ann Arbor, USA, established in 1985. Appears in 1 official registry: isometric. Sectors: carbon verification, GHG verification, sustainability, functional safety, automotive cybersecurity. Serves: USA.",0.75,high,
357,PGU Prüfgesellschaft für Umweltemissionsberichte mbH,firm,,2014,Germany,Dresden,Germany; European Union,GHG emissions trading verification; emissions reporting under EU regulations,dakks,DAkkS ISO 17029 Verification Body,https://www.dakks.de/en/accredited-bodies-search.html,"DAkkS (Deutsche Akkreditierungsstelle) accreditation since February 26, 2014 | DAkkS accreditation reconfirmed February 26, 2024 | Meets DIN EN ISO/IEC 17029:2020 and DIN EN ISO 14065:2022 standards | Complies with EU Implementation Regulations 2018/2067 and 2018/2066","PGU Prüfgesellschaft für Umweltemissionsberichte mbH is a carbon/GHG verification body, based in Dresden, Germany, established in 2014. Appears in 1 official registry: dakks. Sectors: GHG emissions trading verification, emissions reporting under EU regulations. Serves: Germany, European Union.",0.75,high,
358,PT Mutuagung Lestari Tbk.,firm,,1990,Indonesia,Indonesia,Indonesia; International (CORSIA scope - aviation sector),aviation fuel carbon certification; CORSIA verification; GHG validation/verification,corsia,CORSIA,https://www.icao.int/sites/default/files/environmental-protection/CORSIA/Documents/CORSIA%20Central%20Registry/CCR-Info-Data-Transparency_PartI_13ed_web.pdf,KAN accreditation as Greenhouse Gas Validation/Verification Institution (LVV-001-IDN) | First GHG V&V institution in Indonesia to be KAN-accredited for CORSIA | CORSIA implementation procedure documentation (MUTU-5001CORSIA/1-0) | Validates airline emissions reporting compliance,"PT Mutuagung Lestari Tbk. is a carbon/GHG verification body, based in Indonesia, Indonesia, established in 1990. Appears in 1 official registry: corsia. Sectors: aviation fuel carbon certification, CORSIA verification, GHG validation/verification. Serves: Indonesia, International (CORSIA scope - aviation sector).",0.75,high,
359,PT Qualitas Sertifikasi Indonesia,firm,https://www.qualitasertifikasi.com/,,Indonesia,Jakarta,"Indonesia; International (offers services in English, Japanese, Indonesian)",ISCC certification; biofuel sustainability; carbon offsetting; renewables; timber legality (SVLK); textile sustainability; ocean-bound plastic; plastic waste reduction,iscc; kan-id,KAN ISO 14065,https://www.iscc-system.org/certification/certification-bodies/ | https://www.qualitasertifikasi.com/ghg,"ISCC accreditation (carbon/biofuel/renewables certification) | KAN-ID accreditation | Partnerships with Clean Globe International, Daemeter, Proforest, ALSI | Self-described as 'young and well-versed sustainable certification body'","PT Qualitas Sertifikasi Indonesia is a carbon/GHG verification body, based in Jakarta, Indonesia. Appears in 2 official registries: iscc, kan-id. Sectors: ISCC certification, biofuel sustainability, carbon offsetting, renewables, timber legality (SVLK), textile sustainability. Serves: Indonesia, International (offers services in English, Japanese, Indonesian).",0.75,high,
360,QSI Certification (QSI CERT),firm,,2006,Turkey,Istanbul,"Turkey; Europe; Asia (Northern Cyprus, Azerbaijan)",Carbon footprint (ISO 14064-1); Water footprint; Product carbon footprint (ISO 14067); GHG emissions verification,turkak,TURKAK greenhouse gas verification (ISO 14064-1),https://www.qsi.com.tr/en/verification/carbon-water/,"TÜRKAK accreditation since 2010 for ISO 9001 and ISO 14001 | First GHG verifier body accredited by TÜRKAK in 2018 per ISO 14065 | Verified clients include Zorlu Holding, Ziraat Bankası, Aras Kargo | 18 years in operation","QSI Certification (QSI CERT) is a carbon/GHG verification body, based in Istanbul, Turkey, established in 2006. Appears in 1 official registry: turkak. Sectors: Carbon footprint (ISO 14064-1), Water footprint, Product carbon footprint (ISO 14067), GHG emissions verification. Serves: Turkey, Europe, Asia (Northern Cyprus, Azerbaijan).",0.75,high,
361,"Ramboll Americas Engineering Solutions, Inc.",firm,www.ramboll.com,1945,Denmark,Copenhagen,Global (35+ countries),Engineering consulting; Carbon capture advisory; GHG protocol advisory,carb-lcfs; carb-mrr,CARB LCFS; MRR Verification (H-25-009),https://ww2.arb.ca.gov/mrr-vb | https://ww2.arb.ca.gov/sites/default/files/2026-05/List%20of%20LCFS%20Verification%20Bodies%20as%20of%202026_04_23.xlsx,"Global firm with 18,000+ employees | Operates in 35+ countries | Founded 1945 in Denmark | Provides GHG Protocol guidance and carbon capture expertise","Ramboll Americas Engineering Solutions, Inc. is a carbon/GHG verification body, based in Copenhagen, Denmark, established in 1945. Appears in 2 official registries: carb-lcfs, carb-mrr. Sectors: Engineering consulting, Carbon capture advisory, GHG protocol advisory. Serves: Global (35+ countries). Note: carbon scope disputed by enrichment research.",0.75,high,Enrichment agent disputed carbon scope: Global engineering and consulting firm providing GHG advisory services; registry listings indicate project involvement but verification body accreditation not confirmed
362,Re Carbon Gözetim Denetim ve Belgelendirme Limited,firm,,,Turkey,Ankara,Turkey; Multiple countries via CDM and Verra,Renewable energy; Energy efficiency; Waste management; CDM-eligible projects,cdm-doe; verra-vvb,,https://cdm.unfccc.int/DOE/list/index.html | https://verra.org/validation-verification/,CDM Designated Operational Entity accreditation | Verra Validation and Verification Body accreditation | Listed in UNFCCC CDM DOE database | Listed in Verra registry,"Re Carbon Gözetim Denetim ve Belgelendirme Limited is a carbon/GHG verification body, based in Ankara, Turkey. Appears in 2 official registries: cdm-doe, verra-vvb. Sectors: Renewable energy, Energy efficiency, Waste management, CDM-eligible projects. Serves: Turkey, Multiple countries via CDM and Verra.",0.75,high,
363,Re Carbon Gözetim Denetim ve Belgelendirme Limited Sirketi,firm,,,Turkey,Ankara,Turkey; CDM and Gold Standard countries,Renewable energy; Carbon offset projects; CDM eligible projects,cdm-all-does; gold-standard,Gold Standard; UNFCCC CDM,https://cdm.unfccc.int/DOE/list/index.html | https://web.archive.org/web/20250916231729/https://globalgoals.goldstandard.org/verification-validation-bodies/,CDM accreditation | Gold Standard certification | Multi-standard accreditations across carbon registries,"Re Carbon Gözetim Denetim ve Belgelendirme Limited Sirketi is a carbon/GHG verification body, based in Ankara, Turkey. Appears in 2 official registries: cdm-all-does, gold-standard. Sectors: Renewable energy, Carbon offset projects, CDM eligible projects. Serves: Turkey, CDM and Gold Standard countries.",0.75,high,
364,RSM Australia Pty Ltd,firm,,1922,Australia,Australia,Australia; Asia-Pacific,carbon credits; Climate Active certification; GHG verification; climate disclosure; ESG,aus-cer,NGER/ACCU,https://cer.gov.au/schemes/audits-our-schemes/find-auditor,"Founded 1922 by Edgar Robert Woolcott; 100+ years of operations | 1,500+ employees across 32 Australian offices | Accredited provider for Climate Active certification and ACCU verification | Manages Climate Active certifications, ACCU Scheme, and NGER audits","RSM Australia Pty Ltd is a carbon/GHG verification body, based in Australia, Australia, established in 1922. Appears in 1 official registry: aus-cer. Sectors: carbon credits, Climate Active certification, GHG verification, climate disclosure, ESG. Serves: Australia, Asia-Pacific.",0.75,high,
365,"SGS ICS - Serviços Internacionais de Certificação, Lda.",firm,,1878,Portugal,,Portugal; Europe,aviation fuels; CORSIA; sustainable aviation fuel,corsia,CORSIA,https://www.icao.int/sites/default/files/environmental-protection/CORSIA/Documents/CORSIA%20Central%20Registry/CCR-Info-Data-Transparency_PartI_13ed_web.pdf,CORSIA listed in registries field | ISCC CORSIA certification capability | Part of SGS group aviation fuel testing network,"SGS ICS - Serviços Internacionais de Certificação, Lda. is a carbon/GHG verification body, based in Portugal, established in 1878. Appears in 1 official registry: corsia. Sectors: aviation fuels, CORSIA, sustainable aviation fuel. Serves: Portugal, Europe.",0.75,high,
366,SGS UK Ltd,firm,,1878,Switzerland,Geneva,Global,energy; aviation; biofuels; product carbon footprint; manufacturing,woodland-code,Woodland Carbon Code,https://landscapejuicenetwork.com/profiles/blogs/accreditations-for-carbon-capturing-woodland-creation-project,"Global Testing, Inspection and Certification (TIC) leader | Listed in CORSIA Central Registry (ICAO) | UKAS accreditation confirmed in registries field | Offices in 70+ countries with extensive CORSIA expertise","SGS UK Ltd is a carbon/GHG verification body, based in Geneva, Switzerland, established in 1878. Appears in 1 official registry: woodland-code. Sectors: energy, aviation, biofuels, product carbon footprint, manufacturing. Serves: Global.",0.75,high,
367,SGS-TÜV Saar GmbH,firm,,1878,Germany,,Germany; EU,emissions trading; GHG verification; carbon compliance,dakks,DAkkS ISO 17029 Verification Body,https://www.dakks.de/en/accredited-bodies-search.html,DAKKS accreditation for EU-ETS verification under German Emissions Trading Act TEHG (EU-ETS 1 & 2) | BEHG accreditation for national emissions trading verification | ISO/IEC 17065 accreditation | Joint venture between SGS Group Germany and TUV Saarland e.V.,"SGS-TÜV Saar GmbH is a carbon/GHG verification body, based in Germany, established in 1878. Appears in 1 official registry: dakks. Sectors: emissions trading, GHG verification, carbon compliance. Serves: Germany, EU.",0.75,high,
368,"Shenzhen CTI International Certification Co., Ltd.",firm,,2003,China,Shenzhen,China; Asia-Pacific; Global,aviation,corsia,CORSIA,https://www.icao.int/sites/default/files/environmental-protection/CORSIA/Documents/CORSIA%20Central%20Registry/CCR-Info-Data-Transparency_PartI_13ed_web.pdf,"Established 2003 as first TIC listed company in China | Listed in ICAO CORSIA Central Registry as accredited verification body (ref: CNAS C041-V) | First domestic institution qualified for GCC (Global Carbon Council) verification | Network of 260+ offices and 150+ laboratories in 10 countries, 70+ cities","Shenzhen CTI International Certification Co., Ltd. is a carbon/GHG verification body, based in Shenzhen, China, established in 2003. Appears in 1 official registry: corsia. Sectors: aviation. Serves: China, Asia-Pacific, Global.",0.75,high,
369,Sustainable Future Group,firm,,,Sri Lanka,Colombo,Sri Lanka; Asia Pacific,energy; agriculture; aviation; corporate GHG reporting; product carbon footprint/EPD,corsia; verra-vvb,CORSIA,https://verra.org/validation-verification/ | https://www.icao.int/sites/default/files/environmental-protection/CORSIA/Documents/CORSIA%20Central%20Registry/CCR-Info-Data-Transparency_PartI_13ed_web.pdf,"CORSIA-accredited VVB (first in Sri Lanka) | ISO 14065 accreditation via IAF | South Asia's first for combined ISO 14064-1, ISO 14064-2, ISO 14067 accreditations | Verra-registered VVB","Sustainable Future Group is a carbon/GHG verification body, based in Colombo, Sri Lanka. Appears in 2 official registries: corsia, verra-vvb. Sectors: energy, agriculture, aviation, corporate GHG reporting, product carbon footprint/EPD. Serves: Sri Lanka, Asia Pacific.",0.75,high,
370,Swiss Climate EcoCare GmbH,firm,,2010,Germany,Hamburg,Global,energy; maritime transport; fuels,dakks,DAkkS ISO 17029 Verification Body,https://www.dakks.de/en/accredited-bodies-search.html,DAkkS accreditation for EU MRV verification | UK MRV accreditation | IMO DCS (International Maritime Organization Data Collection System) accreditation | ISO 14064-1 and ISO 14067 competency,"Swiss Climate EcoCare GmbH is a carbon/GHG verification body, based in Hamburg, Germany, established in 2010. Appears in 1 official registry: dakks. Sectors: energy, maritime transport, fuels. Serves: Global.",0.75,high,
371,TEAM Consulting Engineering and Management Public Company Limited,firm,,1978,Thailand,Bangkok,Thailand; Asia,energy; waste; transportation,tgo-tver,T-VER,https://ghgreduction.tgo.or.th/en/external-validation-verification-body/list-of-registered-vvb.html,"Thai Carbon Label (TGO) registered verifier and consultant | 45+ years of operation (founded 1978) | 2,900+ completed projects across multiple sectors | International experience including work for Asian Development Bank, multinational corporations (Chevron, Nestle)","TEAM Consulting Engineering and Management Public Company Limited is a carbon/GHG verification body, based in Bangkok, Thailand, established in 1978. Appears in 1 official registry: tgo-tver. Sectors: energy, waste, transportation. Serves: Thailand, Asia.",0.75,high,
372,TECHNICKÉ SLUŽBY OCHRANY OVZDUŠÍ OSTRAVA spol. s r.o.,firm,www.teso-ostrava.cz,1993,Czechia,Ostrava,Czechia,energy; waste,cai-cz,CAI / EU ETS,https://www.cai.cz/?page_id=4499&kategorie_subjektu=validacni-a-overovaci-organy,Czech Accreditation Institute certified | Authorized ETS verifier since scheme inception | Accredited for authorized and technical emissions measurements | Air quality and emissions monitoring expertise since 1993,"TECHNICKÉ SLUŽBY OCHRANY OVZDUŠÍ OSTRAVA spol. s r.o. is a carbon/GHG verification body, based in Ostrava, Czechia, established in 1993. Appears in 1 official registry: cai-cz. Sectors: energy, waste. Serves: Czechia.",0.75,high,
373,TEMBUSU Asia Consulting Pte. Ltd.,firm,,2017,Singapore,Singapore,Asia,energy; transport; various,singapore-sac-nea,NEA Carbon Pricing Act external auditor,https://www.nea.gov.sg/docs/default-source/default-document-library/accredited-external-auditor-under-the-carbon-pricing-actb86d4b075bfe4aa986cad1d9c25f9cf3.pdf,Asia Carbon Institute accreditation as first Singapore Validation and Verification Body (VVB) | Singapore Accreditation Council (SAC) accreditation for GHG Validation and Verification Bodies | ISO 14064-3 qualified verifiers | 29 million tonnes CO2e verified to date,"TEMBUSU Asia Consulting Pte. Ltd. is a carbon/GHG verification body, based in Singapore, Singapore, established in 2017. Appears in 1 official registry: singapore-sac-nea. Sectors: energy, transport, various. Serves: Asia.",0.75,high,
374,Trans Certification & Inspection Sdn. Bhd.,firm,https://transcert.com.my/,2017,Malaysia,Kuantan,Malaysia; Indonesia; Asia-Pacific,biofuels; sustainable palm oil; forestry certification,iscc; rsb,RSB,https://rsb.org/certification/certification-bodies/ | https://www.iscc-system.org/certification/certification-bodies/,Established 2017 - first Malaysian certification body for ISCC | ACCREDIA accreditation (Italian Accreditation Body) to ISO 17065 | Authorized for RSB certification (all schemes except GHG verification) | Cooperating certification body for ISCC EU and ISCC PLUS,"Trans Certification & Inspection Sdn. Bhd. is a carbon/GHG verification body, based in Kuantan, Malaysia, established in 2017. Appears in 2 official registries: iscc, rsb. Sectors: biofuels, sustainable palm oil, forestry certification. Serves: Malaysia, Indonesia, Asia-Pacific. Note: carbon scope disputed by enrichment research.",0.75,high,"Enrichment agent disputed carbon scope: Certification body for sustainability standards (ISCC, RSB, PEFC) and biofuel/palm oil compliance, not third-party GHG/carbon verification provider"
375,"TUV SUD PSB Philippines, Inc.",firm,,1997,Philippines,Pasig City,Philippines; Southeast Asia,aviation,corsia,CORSIA,https://www.icao.int/sites/default/files/environmental-protection/CORSIA/Documents/CORSIA%20Central%20Registry/CCR-Info-Data-Transparency_PartI_13ed_web.pdf,CORSIA (International Aviation) verification accreditation | ISO 14065:2020 accreditation (General principles for validation/verification bodies) | ISO 14066:2011 accreditation (GHG competence requirements) | ISO 17029:2019 accreditation (Validation and verification bodies),"TUV SUD PSB Philippines, Inc. is a carbon/GHG verification body, based in Pasig City, Philippines, established in 1997. Appears in 1 official registry: corsia. Sectors: aviation. Serves: Philippines, Southeast Asia.",0.75,high,
376,Türk Loydu,firm,,1962,Turkey,Istanbul,Turkey,Energy; Petroleum and Gas; Transportation & Logistics; Building; Manufacturing; Maritime,turkak,TURKAK greenhouse gas verification (ISO 14064-1),https://www.turkloydu.org/en-us/publications/articles/a-sustainable-future-with-turk-loydu-greenhouse-gas-verification-in-accordance-with-iso-14064-1/,60+ years in operation (established 1962) | TÜRKAK accreditation for ISO 14064-1 GHG verification | IACS (International Association of Classification Societies) full member as of November 2023 | Accredited as verification body by TÜRKAK,"Türk Loydu is a carbon/GHG verification body, based in Istanbul, Turkey, established in 1962. Appears in 1 official registry: turkak. Sectors: Energy, Petroleum and Gas, Transportation & Logistics, Building, Manufacturing, Maritime. Serves: Turkey.",0.75,high,
377,TÜV HELLAS (TÜV NORD) S.A.,firm,https://www.tuv-nord.com/gr/en/,1987,Greece,Not found,Greece,energy; manufacturing; product carbon footprint/EPD; waste management,esyd,"EU ETS (2018/2067 Section 1), ISO 14064-1",https://esyd.gr/list-of-accredited-verification-bodies-of-greenhouse-gases-emissions/,"Independent technical partner in Greece | EPD certification services provider | Energy audit services (ISO 50001, EN 16247) | Decades in operation since 1987","TÜV HELLAS (TÜV NORD) S.A. is a carbon/GHG verification body, based in Not found, Greece, established in 1987. Appears in 1 official registry: esyd. Sectors: energy, manufacturing, product carbon footprint/EPD, waste management. Serves: Greece.",0.75,high,
378,TÜV Rheinland Korea,firm,,1872,South Korea,,South Korea,product carbon footprint; corporate carbon footprint; K-ETS verification,k-ets-full,K-ETS,https://tuv.com/korea/ko/,"Parent company TüV Rheinland founded 1872, ISO 14065 accredited for GHG verification | Provided carbon verification services since 2006 globally | Verified LG Chem's Product Carbon Footprint assessment method in Korea (July 2023) | Accredited for ISO 14064-2, ISO 14064-3, ISO 14065, and GHG Protocol verification","TÜV Rheinland Korea is a carbon/GHG verification body, based in South Korea, established in 1872. Appears in 1 official registry: k-ets-full. Sectors: product carbon footprint, corporate carbon footprint, K-ETS verification. Serves: South Korea.",0.75,high,
379,TÜV SÜD Polska Sp. z o.o.,firm,,2001,Poland,Warsaw,Poland; Europe,energy; manufacturing; GHG verification,pca,EU ETS (Directive 2003/87/EC),https://www.kobize.pl/en/article/emissions-monitoring-reporting-verification-in-the-eu-ets/id/432/list-of-accredited-verifiers,"Listed in PCA (Polish Carbon Registry) | Subsidiary of TÜV SÜD AG (established 1866, global leader) | ISO 14064 accreditation for GHG verification | 30+ years parent company experience in carbon verification","TÜV SÜD Polska Sp. z o.o. is a carbon/GHG verification body, based in Warsaw, Poland, established in 2001. Appears in 1 official registry: pca. Sectors: energy, manufacturing, GHG verification. Serves: Poland, Europe.",0.75,high,
380,TÜV Thüringen e.V. Validierungs- und Verifizierungsstelle für Treibhausgase,firm,,1990,Germany,Jena,Germany; Europe,energy; manufacturing; CBAM compliance; carbon footprint,dakks,DAkkS ISO 17029 Verification Body,https://www.dakks.de/en/accredited-bodies-search.html,DAKKS accreditation (DAkkS certificate D-VS-16006-01-00) | ISO 14064-1 (Corporate carbon footprint) accreditation | ISO 14064-2 (Climate protection projects) accreditation | ISO 14067 (Product carbon footprint) accreditation,"TÜV Thüringen e.V. Validierungs- und Verifizierungsstelle für Treibhausgase is a carbon/GHG verification body, based in Jena, Germany, established in 1990. Appears in 1 official registry: dakks. Sectors: energy, manufacturing, CBAM compliance, carbon footprint. Serves: Germany, Europe.",0.75,high,
381,VDZ Service GmbH,firm,,2006,Germany,Düsseldorf,Germany; EU,GHG emissions verification; EU emissions trading system; CBAM compliance; management systems,dakks,DAkkS ISO 17029 Verification Body,https://www.dakks.de/en/accredited-bodies-search.html,DAKKS accreditation (DIN EN ISO 14065 for GHG validation/verification) | Notified body status | DIN EN ISO/IEC 17025 accreditation | CBAM verifier,"VDZ Service GmbH is a carbon/GHG verification body, based in Düsseldorf, Germany, established in 2006. Appears in 1 official registry: dakks. Sectors: GHG emissions verification, EU emissions trading system, CBAM compliance, management systems. Serves: Germany, EU.",0.75,high,
382,VERIFAVIA SAS,firm,,2010,United Kingdom,UK-based (Normec Group),Global,aviation,corsia,CORSIA,https://www.icao.int/sites/default/files/environmental-protection/CORSIA/Documents/CORSIA%20Central%20Registry/CCR-Info-Data-Transparency_PartI_13ed_web.pdf,ISO 14065:2007 accredited by UKAS (UK Accreditation Service) | COFRAC accreditation (France) | SAC accreditation (Singapore Accreditation Council) | ISO/IEC 17029:2019 standard compliance,"VERIFAVIA SAS is a carbon/GHG verification body, based in UK-based (Normec Group), United Kingdom, established in 2010. Appears in 1 official registry: corsia. Sectors: aviation. Serves: Global.",0.75,high,
383,VERIFIKACE CZ,firm,,2006,Czechia,Prague,Central Europe; Eastern Europe,energy/stationary installations; aviation; fluorinated gases,corsia,CORSIA,https://www.icao.int/sites/default/files/environmental-protection/CORSIA/Documents/CORSIA%20Central%20Registry/CCR-Info-Data-Transparency_PartI_13ed_web.pdf,Independently verifying GHG since 2006 (18+ years in operation) | EN ISO/IEC 17029:2020 accredited for GHG and tonne-kilometre verification | EU ETS 1 and EU ETS 2 verification authority | CORSIA accredited for aviation emissions,"VERIFIKACE CZ is a carbon/GHG verification body, based in Prague, Czechia, established in 2006. Appears in 1 official registry: corsia. Sectors: energy/stationary installations, aviation, fluorinated gases. Serves: Central Europe, Eastern Europe.",0.75,high,
384,VERSA EXPERTOS EN CERTIFICACIÓN S.A.S,firm,,2019,Colombia,Bogotá,Colombia; Ecuador; Argentina; Chile; Peru,Energy; Manufacturing; Transport; Afforestation/AFOLU; Agriculture,onac,ONAC ISO 14065 OVV GEI,https://onac.org.co/directorio3/index.php/acreditaciones/21-GEI-001,ONAC accreditation 19-CPR-005 | ISO 14065:2020 for organizational GHG inventory verification | ISO/IEC 17065:2012 for product certification | Multidisciplinary team with 20+ years experience,"VERSA EXPERTOS EN CERTIFICACIÓN S.A.S is a carbon/GHG verification body, based in Bogotá, Colombia, established in 2019. Appears in 1 official registry: onac. Sectors: Energy, Manufacturing, Transport, Afforestation/AFOLU, Agriculture. Serves: Colombia, Ecuador, Argentina, Chile.",0.75,high,
385,Walker Wayland NSW Chartered Accountants,firm,,1985,Australia,Sydney,Australia; New Zealand,carbon auditing; emissions reduction; climate risk assessment,aus-cer,NGER/ACCU,https://cer.gov.au/schemes/audits-our-schemes/find-auditor,Registered Carbon Auditor on staff (Head of Audit - Wali Aziz) | Climate Active certified carbon neutral (October 2020) | Member of Institute of Chartered Accountants in Australia (ICAA) | Member of Walker Wayland Australasia with 20+ member firms across ANZ,"Walker Wayland NSW Chartered Accountants is a carbon/GHG verification body, based in Sydney, Australia, established in 1985. Appears in 1 official registry: aus-cer. Sectors: carbon auditing, emissions reduction, climate risk assessment. Serves: Australia, New Zealand.",0.75,high,
386,Weyer Cert GmbH,firm,,2023,Germany,Germany,Germany,emissions reporting; EU-ETS verification; BEHG verification; carbon footprint verification,dakks,DAkkS ISO 17029 Verification Body,https://www.dakks.de/en/accredited-bodies-search.html,DAKKS accreditation (German Accreditation Body) with certificate D-VS-22586-01-00 | Access to auditors from weyer group with long-standing emissions reporting experience | Operates as independent external verification body,"Weyer Cert GmbH is a carbon/GHG verification body, based in Germany, Germany, established in 2023. Appears in 1 official registry: dakks. Sectors: emissions reporting, EU-ETS verification, BEHG verification, carbon footprint verification. Serves: Germany.",0.75,high,
387,Zephyr Environmental Pty Ltd,firm,,2021,Australia,Sydney,Australia; Asia Pacific,GHG verification; carbon management; NGER audit; ISO 14064; air quality,aus-cer,NGER/ACCU,https://cer.gov.au/schemes/audits-our-schemes/find-auditor,"Founded March 2021 by Damon Roddis (30+ years environmental consulting experience) | ASIC registered entity (ACN 649077163, March 29 2021) | Multi-office operations (Sydney, Melbourne, Adelaide, Perth, Brisbane) | Measurement, reporting and verification of GHG emissions and abatement activities","Zephyr Environmental Pty Ltd is a carbon/GHG verification body, based in Sydney, Australia, established in 2021. Appears in 1 official registry: aus-cer. Sectors: GHG verification, carbon management, NGER audit, ISO 14064, air quality. Serves: Australia, Asia Pacific.",0.75,high,
388,Accredited Certification International Limited,firm,http://www.aci-limited.com,,Hong Kong,Hong Kong,Hong Kong; Global,GHG emissions/carbon; energy management,hkas,HKAS ISO 14065,https://www.itc.gov.hk/en/quality/hkas/doc/scopes/Scope_of_HKCAS_Accredited_Organisation.pdf,Hong Kong Accreditation Service (HKAS) accreditation for ISO 50001 Energy Management System | ISO 14064-1:2018 GHG quantification and reporting certification capability | First certification body in Hong Kong accredited for ISO 50001 across largest spectrum of industry sectors | Internationally recognized management systems certification body,"Accredited Certification International Limited is a carbon/GHG verification body, based in Hong Kong, Hong Kong. Appears in 1 official registry: hkas. Sectors: GHG emissions/carbon, energy management. Serves: Hong Kong, Global.",0.7,medium,
389,Angela Schindler,individual-practice,https://www.schindler-umwelt.de/,,Germany,Salem,Germany,LCA; critical review; EPD; product environmental assessment,epd-australasia; ibu-epd,EPD Australasia; IBU EPD,https://epd-australasia.com/about-us/individual-verifiers/ | https://ibu-epd.com/en/ibu/verifiers/,Listed in two EPD registries: epd-australasia and ibu-epd | Independent critical review services,"Angela Schindler is a individually approved verifier practice, based in Salem, Germany. Appears in 2 official registries: epd-australasia, ibu-epd. Sectors: LCA, critical review, EPD, product environmental assessment. Serves: Germany.",0.7,medium,
390,Annik Magerholm Fet,firm,,1999,Norway,Ålesund,Norway; International,LCA; environmental management; EPD; product sustainability; systems engineering,epd-norge,EPD Norge,https://www.epd-global.com/epd-er/lage-epder/uavhengige-verifikatorer/,Professor at NTNU since 1999 | Vice Rector of NTNU Ålesund | Board member for EPD-Norge (development and criteria) | Observer on UN International Resource Panel,"Annik Magerholm Fet is a carbon/GHG verification body, based in Ålesund, Norway, established in 1999. Appears in 1 official registry: epd-norge. Sectors: LCA, environmental management, EPD, product sustainability, systems engineering. Serves: Norway, International.",0.7,medium,
391,Antares,firm,https://www.antaresgroupinc.com,,United States,,California; United States,energy; fuels,carb-lcfs,CARB LCFS,https://ww2.arb.ca.gov/sites/default/files/2026-05/List%20of%20LCFS%20Verification%20Bodies%20as%20of%202026_04_23.xlsx,CARB-accredited LCFS verification body | Operates under California Low Carbon Fuel Standard framework | Required to maintain 2+ CARB-accredited lead verifiers and 5+ full-time staff,"Antares is a carbon/GHG verification body, based in USA. Appears in 1 official registry: carb-lcfs. Sectors: energy, fuels. Serves: California, USA.",0.7,medium,
392,APCER - Associação Portuguesa de Certificação,firm,https://apcergroup.com,,Portugal,Porto,Portugal; Europe,aviation; greenhouse gas verification,corsia,CORSIA,https://www.icao.int/sites/default/files/environmental-protection/CORSIA/Documents/CORSIA%20Central%20Registry/CCR-Info-Data-Transparency_PartI_13ed_web.pdf,"IPAC-accredited (Portuguese accreditation body) | ICAO CORSIA Central Registry verification body (Certificate H0002) | Verifies CORSIA and CELE/EU emissions reports per EU Regulation 2018/2067 | Contact: 229993600, info@apcer.pt","APCER - Associação Portuguesa de Certificação is a carbon/GHG verification body, based in Porto, Portugal. Appears in 1 official registry: corsia. Sectors: aviation, greenhouse gas verification. Serves: Portugal, Europe.",0.7,medium,
393,APEX GENELAB LLC,firm,https://aciter.com,,Ukraine,,Ukraine; Global,biofuels; sustainability; greenhouse gas,iscc,,https://www.iscc-system.org/certification/certification-bodies/,ISCC certification body (ISCC Identifier: UA223) | Provides supervision and sampling services | Contact: Denis Veliksar (dv@aciter.com) | Operates under ISCC framework for GHG reduction and sustainability verification,"APEX GENELAB LLC is a carbon/GHG verification body, based in Ukraine. Appears in 1 official registry: iscc. Sectors: biofuels, sustainability, greenhouse gas. Serves: Ukraine, Global.",0.7,medium,
394,"ARES INTERNATIONAL CERTIFICATION CO., LTD.",firm,ares.com.tw,,Taiwan,Taipei,Taiwan; Southeast Asia,energy management; greenhouse gas; carbon footprint; carbon neutrality; ESG verification; sustainability reporting,ias-us,IAS Validation and Verification Bodies (VVB-102),https://www.iasonline.org/ias_certificate/vvb-102/,"Two decades of experience in verification services | Serves over 12,000 clients | ISO 14064-1, ISO 14067, ISO 14086-1, ISO 14068-1 certified | IAS-US accredited","ARES INTERNATIONAL CERTIFICATION CO., LTD. is a carbon/GHG verification body, based in Taipei, Taiwan. Appears in 1 official registry: ias-us. Sectors: energy management, greenhouse gas, carbon footprint, carbon neutrality, ESG verification, sustainability reporting. Serves: Taiwan, Southeast Asia.",0.7,medium,
395,AUDISO a.s.,firm,https://www.audiso.cz/index.php?menu=6,,Czechia,Veverská Bítýška,Czechia; Italy,Product carbon footprint (ISO 14067); Organization-level GHG emissions (ISO 14064-1); Greenhouse gas inventory verification,cai-cz,CAI / EU ETS,https://www.cai.cz/?page_id=4499&kategorie_subjektu=validacni-a-overovaci-organy,Accredited by Czech Institute for Accreditation (CAI) as VVO (Validation and Verification Body) | Works per ISO 14067:2022 (PCF) and ISO 14064-1:2019 (organizational emissions) | Operates offices in Czechia (headquarters + Brno office) and Italy (Naples),"AUDISO a.s. is a carbon/GHG verification body, based in Veverská Bítýška, Czechia. Appears in 1 official registry: cai-cz. Sectors: Product carbon footprint (ISO 14067), Organization-level GHG emissions (ISO 14064-1), Greenhouse gas inventory verification. Serves: Czechia, Italy.",0.7,medium,
396,BBSPJILM (Balai Besar Standardisasi dan Pelayanan Jasa Industri Logam dan Mesin),firm,https://www.bblm.go.id/,,Indonesia,,Indonesia,"GHG validation/verification (ISO 17029, ISO 14065); Carbon economic value assessment; Metals industry; Machinery industry",kan-id,KAN ISO 14065,https://www.bblm.go.id/layanan-validasi-verifikasi-gas-rumah-kaca-grk-dan-nilai-ekonomi-karbon-nek/,ISO 17029 and ISO 14065 compliance for GHG validation/verification | LVV (Laboratorium Validasi/Verifikasi) laboratory operational | Seeks KAN accreditation for GHG and carbon schemes | Government body under Indonesian Ministry of Industry,"BBSPJILM (Balai Besar Standardisasi dan Pelayanan Jasa Industri Logam dan Mesin) is a carbon/GHG verification body, based in Indonesia. Appears in 1 official registry: kan-id. Sectors: GHG validation/verification (ISO 17029, ISO 14065), Carbon economic value assessment, Metals industry, Machinery industry. Serves: Indonesia.",0.7,medium,
397,BMC Assurance S.L.,firm,https://bmcassurance.com/,,Spain,,Spain,product carbon footprint/EPD; fuels,iscc,,https://www.iscc-system.org/certification/certification-bodies/,ISCC Certification Body (Identifier: ES226) | Authorized for ISCC EU certification for biofuels | One of first in Spain to achieve ISCC authorization | Authorized for ISCC Plus certification (circular economy),"BMC Assurance S.L. is a carbon/GHG verification body, based in Spain. Appears in 1 official registry: iscc. Sectors: product carbon footprint/EPD, fuels. Serves: Spain.",0.7,medium,
398,Brandie Sebastian,individual-practice,https://bsebastianconsulting.com/,,United States,"Pittsburgh, Pennsylvania",United States,Materials and product manufacturing; Construction; Consumer products; Automotive; Healthcare; Food and beverage,smart-epd,SmartEPD,https://smartepd.com/resources/#independent_verifiers,Over 15 years experience in LCA and EPD work | Technical Director & Senior LCA Strategist at John Beath Environmental | Listed on Smart EPD registry | Served as technical lead for American steel industry GHG/sustainability standards,"Brandie Sebastian is a individually approved verifier practice, based in Pittsburgh, Pennsylvania, United States. Appears in 1 official registry: smart-epd. Sectors: Materials and product manufacturing, Construction, Consumer products, Automotive, Healthcare, Food and beverage. Serves: United States.",0.7,medium,
399,"Brandon Kuczenski, Ph.D.",individual-practice,https://www.scope3consulting.com/,,United States,"Santa Barbara, California",Global,Life cycle assessment; Environmental product declarations; Carbon footprinting; GHG emissions reporting,smart-epd,SmartEPD,https://smartepd.com/resources/#independent_verifiers,LCA Certified Professional (2025-042) | Listed on Smart EPD registry | Associate Researcher at UC Santa Barbara focusing on data-driven sustainability | Industrial ecologist specializing in LCA methods and software,"Brandon Kuczenski, Ph.D. is a individually approved verifier practice, based in Santa Barbara, California, United States. Appears in 1 official registry: smart-epd. Sectors: Life cycle assessment, Environmental product declarations, Carbon footprinting, GHG emissions reporting. Serves: Global.",0.7,medium,
400,BSI Group Korea,firm,,1998,South Korea,Seoul,South Korea,Korea ETS emissions verification; greenhouse gas verification,korea-ets,K-ETS,https://nier.go.kr/front/kor/cmm/nier_law01.do?menuNo=13004,Listed in Korea ETS (K-ETS) registry | Accredited third-party verifier for Korean emissions trading system | Meets ISO 14065:2013 accreditation standards for K-ETS verification | Part of BSI Group global network,"BSI Group Korea is a carbon/GHG verification body, based in Seoul, South Korea, established in 1998. Appears in 1 official registry: korea-ets. Sectors: Korea ETS emissions verification, greenhouse gas verification. Serves: South Korea.",0.7,medium,
401,BSI Korea (British Standards Institution Korea),firm,,1998,South Korea,Seoul,South Korea,K-ETS full verification; greenhouse gas verification,k-ets-full,K-ETS,https://www.bsigroup.com/ko-KR/KR-ETS/,Listed in K-ETS (Korea Emissions Trading System) full registry | Accredited third-party verifier for Korean emissions trading system | Meets ISO 14065:2013 accreditation standards for K-ETS | Part of BSI Group global network,"BSI Korea (British Standards Institution Korea) is a carbon/GHG verification body, based in Seoul, South Korea, established in 1998. Appears in 1 official registry: k-ets-full. Sectors: K-ETS full verification, greenhouse gas verification. Serves: South Korea.",0.7,medium,
402,Bureau de normalisation du Québec,firm,https://bnq.qc.ca/,,Canada,Quebec City,Canada,greenhouse gas emissions verification; product carbon footprint; EPD,scc,SCC Greenhouse Gas (ISO 14065); SCC ISO 14065,https://scc-ccn.ca/accreditation/product-process-and-service-certification/bureau-de-normalisation-du-quebec | https://scc-ccn.ca/search/accredited-organizations?f%5B0%5D=program%3A481,"Accredited by Standards Council of Canada (SCC) for ISO 14065 GHG verification | Extensive participation in pilot projects with CIRAIG (Inter-university Research Center) | Verified product carbon footprints per ISO 14067, GHG Protocol, PAS 2050 | Verifications accepted for regulatory and voluntary carbon market programs","Bureau de normalisation du Québec is a carbon/GHG verification body, based in Quebec City, Canada. Appears in 1 official registry: scc. Sectors: greenhouse gas emissions verification, product carbon footprint, EPD. Serves: Canada.",0.7,medium,
403,Bureau Veritas Australia and New Zealand,firm,https://www.bureauveritas.com.au/,,Australia,,Australia; New Zealand,sustainability services; EPD; environmental product declarations,epd-australasia,EPD Australasia,https://epd-australasia.com/2023/11/epda-welcomes-bureau-veritas-as-accredited-body/,"Listed in EPD-Australasia registry as approved verifier | Part of global Bureau Veritas network offering sustainability services | Operates across commodities, industrial, agri-food, and infrastructure sectors","Bureau Veritas Australia and New Zealand is a carbon/GHG verification body, based in Australia. Appears in 1 official registry: epd-australasia. Sectors: sustainability services, EPD, environmental product declarations. Serves: Australia, New Zealand.",0.7,medium,
404,"BUREAU VERITAS CERTIFICATION CZ, s.r.o.",firm,www.bureauveritas.cz,,Czechia,,Czechia,GHG verification; EU ETS1 verification; EU ETS2 verification; carbon footprint (ISO 14064),cai-cz,CAI / EU ETS,https://www.cai.cz/?page_id=4499&kategorie_subjektu=validacni-a-overovaci-organy,Accredited under ISO/IEC 17029:2020 for GHG and carbon footprint calculation verification | Certified for EU ETS2 verification (new scheme) | Certified for EU ETS1 verification | Part of global Bureau Veritas certification network,"BUREAU VERITAS CERTIFICATION CZ, s.r.o. is a carbon/GHG verification body, based in Czechia. Appears in 1 official registry: cai-cz. Sectors: GHG verification, EU ETS1 verification, EU ETS2 verification, carbon footprint (ISO 14064). Serves: Czechia.",0.7,medium,
405,BUREAU VERITAS DEL PERU S.A.,firm,www.bureauveritas.com.pe,,Peru,Lima,Peru,energy; manufacturing; general certification services,inacal-peru,INACAL ISO 14065,https://www.inacal.gob.pe/repositorioaps/data/1/1/4/jer/acreditados/files/OCSG/Directorio%20de%20OEC%20(OCSG)%2003-07-2026.pdf,"INACAL (Peru's national accreditation body) accreditation | Registered as OI-030 with INACAL | Multi-year operational presence in Miraflores, Lima","BUREAU VERITAS DEL PERU S.A. is a carbon/GHG verification body, based in Lima, Peru. Appears in 1 official registry: inacal-peru. Sectors: energy, manufacturing, general certification services. Serves: Peru.",0.7,medium,
406,BUREAU VERITAS HELLAS A.E.,firm,https://www.bureauveritas.gr/,,Greece,Piraeus,Greece; Southeast Europe,energy; marine & offshore; oil & gas; power & utilities; product carbon footprint/EPD,esyd,EU ETS (2018/2067 Section 1),https://esyd.gr/list-of-accredited-verification-bodies-of-greenhouse-gases-emissions/,"ESYD (Hellenic Accreditation System) accreditation | Headquarters at Aetolikon Street 23, Piraeus | Multiple ESYD-accredited entities under Bureau Veritas Hellas | Part of parent company with 750+ GHG verifications","BUREAU VERITAS HELLAS A.E. is a carbon/GHG verification body, based in Piraeus, Greece. Appears in 1 official registry: esyd. Sectors: energy, marine & offshore, oil & gas, power & utilities, product carbon footprint/EPD. Serves: Greece, Southeast Europe.",0.7,medium,
407,Béranger Hoppenot,individual-practice,https://codde.fr/,,France,Unknown,France; Europe,EPD verification; Product carbon footprint verification; LCA; Eco-design,pep-ecopassport,PEP ecopassport,https://codde.fr/en/evenement-en/2-new-pep-ecopassport-verifiers-at-codde,"Accredited verifier for PEP ecopassport® program | Accredited verifier for EPD® System | LCIE Bureau Veritas recognized as IECQ Certification Body (Oct 2023) per ISO/IEC 17029, ISO 14065, ISO 14067 | LCA and eco-design consultant within LCIE Bureau Veritas CODDE department","Béranger Hoppenot is a individually approved verifier practice, based in Unknown, France. Appears in 1 official registry: pep-ecopassport. Sectors: EPD verification, Product carbon footprint verification, LCA, Eco-design. Serves: France, Europe.",0.7,medium,
408,C. Jason Pierce,individual-practice,https://www.blueridgesustainability.com/,,United States,"Johnson City, Tennessee",United States; Global (via online services),product carbon footprint/EPD; agriculture; manufacturing,smart-epd,SmartEPD,https://smartepd.com/resources/#independent_verifiers,ACLCA certified LCA Practitioner and Critical Reviewer (ID #072024) | Blue Ridge Sustainability founder and principal | Masters degree in Chemical Engineering | 27+ years sustainability experience,"C. Jason Pierce is a individually approved verifier practice, based in Johnson City, Tennessee, United States. Appears in 1 official registry: smart-epd. Sectors: product carbon footprint/EPD, agriculture, manufacturing. Serves: United States, Global (via online services).",0.7,medium,
409,Carbon Assurance FZ LLC,firm,https://carbon-assurance.com/,,United Arab Emirates,Dubai,Middle East; Global,GHG verification; GHG validation; renewable energy; manufacturing; energy efficiency,enas-uae,EIAC Validation and Verification Body (VVB) for GHG Projects,https://eiac.gov.ae/directory/,UAE's first Verification and Validation Body accredited by EIAC | EIAC Accreditation Certificate No. 1 for conducting GHG validation and verification (October 2025) | Provides end-to-end verification and validation services | Listed on enas-uae registry,"Carbon Assurance FZ LLC is a carbon/GHG verification body, based in Dubai, United Arab Emirates. Appears in 1 official registry: enas-uae. Sectors: GHG verification, GHG validation, renewable energy, manufacturing, energy efficiency. Serves: Middle East, Global.",0.7,medium,
410,"CARBON NEUTRALITY (THAILAND) CO., LTD.",firm,https://www.thaicarbonneutrality.com/,,Thailand,Unknown,Thailand,GHG verification; carbon footprint verification; T-VER projects,tgo-tver,T-VER,https://ghgreduction.tgo.or.th/en/external-validation-verification-body/list-of-registered-vvb.html,Qualified auditor for Carbon Footprint for Organizations (CFO) program | Qualified auditor for Thailand Voluntary Emission Reduction (T-VER) program | Third-party independent verifier for organizational carbon footprint validation | Listed on tgo-tver registry,"CARBON NEUTRALITY (THAILAND) CO., LTD. is a carbon/GHG verification body, based in Unknown, Thailand. Appears in 1 official registry: tgo-tver. Sectors: GHG verification, carbon footprint verification, T-VER projects. Serves: Thailand.",0.7,medium,
411,CarbonCheck,firm,www.carboncheck.co.in,,India,New Delhi,India; Global,Carbon removal; CDR; Engineered carbon removal,puro,Puro.earth,https://puro.earth/partners-intermediaries/partners/,Accredited by NABCB as Validation and Verification Body (VVB ID 029) | Verified by Puro.earth for carbon removal audits | Conducted facility and output audits for industrial biochar projects,"CarbonCheck is a carbon/GHG verification body, based in New Delhi, India. Appears in 1 official registry: puro. Sectors: Carbon removal, CDR, Engineered carbon removal. Serves: India, Global.",0.7,medium,
412,Certis,firm,https://www.certis.com.fr/,,France,Le Rheu,France,biofuels; bioliquids; sustainability; ESG reporting,2bsvs,2BSvs,https://www.2bsvs.org/certification-bodies/,2BSvs certification body accreditation | Handles greenhouse gas emissions verification for sustainability declarations | ISO certification accreditations | Operating since at least several decades with multiple branch locations,"Certis is a carbon/GHG verification body, based in Le Rheu, France. Appears in 1 official registry: 2bsvs. Sectors: biofuels, bioliquids, sustainability, ESG reporting. Serves: France.",0.7,medium,
413,Charlotte Marotte,individual-practice,Charlotte.marotte@cstb.fr,,France,Chambery,France,environmental product declarations; construction products; decoration products,pep-ecopassport,PEP ecopassport,https://register.pep-ecopassport.org/documents/public/AP-0006-EN,"CSTB authorized EPD verifier (verifier habilitee) | CSTB accredited verifier recognized by INIES and PEP ecopassport | Doctorate in eco-design (Arts et Metiers ParisTech, 2015-2018) | Research engineer and environmental expertise specialist at CSTB","Charlotte Marotte is a individually approved verifier practice, based in Chambery, France. Appears in 1 official registry: pep-ecopassport. Sectors: environmental product declarations, construction products, decoration products. Serves: France.",0.7,medium,
414,Cher Xue,individual-practice,https://www.truenorthcollective.net/,,United States,,United States; Global,life cycle assessment; environmental product declarations; carbon strategy; sustainability consulting,smart-epd,SmartEPD,https://smartepd.com/resources/#independent_verifiers,"Co-Founder & Program Manager, Carbon Strategy at TrueNorth Collective | Sustainability Project Engineer background (Kohler Company) | Previous roles at Governance & Accountability Institute, Lenovo, Duke University | SmartEPD registry verifier (per registry field)","Cher Xue is a individually approved verifier practice, based in United States. Appears in 1 official registry: smart-epd. Sectors: life cycle assessment, environmental product declarations, carbon strategy, sustainability consulting. Serves: United States, Global.",0.7,medium,
415,Chris Ussher,individual-practice,https://www.pwc.com/nz,,New Zealand,Wellington,New Zealand; United States,GHG verification; emissions assurance,nz-epa,NZ ETS,https://www.epa.govt.nz/industry-areas/emissions-trading-scheme/participating-in-the-ets/unique-emissions-factors/,Partner at PwC New Zealand with 24+ years experience in GHG assurance | Recognised verifier of unique emissions factors | Co-leads PwC Sustainability Reporting and Assurance practice | Listed in nz-epa registry,"Chris Ussher is a individually approved verifier practice, based in Wellington, New Zealand. Appears in 1 official registry: nz-epa. Sectors: GHG verification, emissions assurance. Serves: New Zealand, United States.",0.7,medium,
416,DEKRA Certification Sp. z o.o.,firm,dekra-certification.com.pl,,Poland,,Poland; Europe,biofuels; sustainable biomass,redcert,REDcert,https://www.redcert.org/en-us/certification/approved-certification-bodies/,"Approved REDcert certification body for sustainable biomass and biofuels | Multi-office presence across Poland: Wrocław, Warszawa, Kraków, Poznań, Toruń, Gdańsk | Recognized by KOWR (Polish agricultural support center) | Part of DEKRA Group certification network","DEKRA Certification Sp. z o.o. is a carbon/GHG verification body, based in Poland. Appears in 1 official registry: redcert. Sectors: biofuels, sustainable biomass. Serves: Poland, Europe.",0.7,medium,
417,Dr Thomas Gloria,individual-practice,https://www.industrial-ecology.com,,United States,Newton,Global,EPD verification; LCA; manufacturing; consumer goods; food and beverage; mining and metals; apparel; government,epd-australasia,EPD Australasia,https://epd-australasia.com/2026/07/three-new-verifiers-approved/,"Ph.D. in Civil and Environmental Engineering (Tufts University) | M.S. in Civil and Environmental Engineering (Tufts) | LCA Certified Professional | Board of Directors, American Center for Life Cycle Assessment","Dr Thomas Gloria is a individually approved verifier practice, based in Newton, United States. Appears in 1 official registry: epd-australasia. Sectors: EPD verification, LCA, manufacturing, consumer goods, food and beverage, mining and metals. Serves: Global.",0.7,medium,
418,Dr. Nikolay Minkov,individual-practice,https://greentability.com,,Germany,Not clearly specified,Europe,EPD verification; LCA; construction products; building materials,ibu-epd,IBU EPD,https://ibu-epd.com/en/ibu/verifiers/,Ph.D. from Technical University of Berlin | Managing Director of Greentability | 15+ years sustainability experience | Active EPD verifier since 2018,"Dr. Nikolay Minkov is a individually approved verifier practice, based in Not clearly specified, Germany. Appears in 1 official registry: ibu-epd. Sectors: EPD verification, LCA, construction products, building materials. Serves: Europe.",0.7,medium,
419,Edis Glogic,individual-practice,https://sheffield.ac.uk/cmbe/people/research-staff/edis-glogic,,United Kingdom,Sheffield,Global,electronics; automotive; construction materials,epd-hub,EPD Hub,https://www.epdhub.com/verification-committee,PhD in industrial ecology | 10+ years experience in LCA | Approved individual verifier VP-055 for EPD Hub | Research Associate at University of Sheffield,"Edis Glogic is a individually approved verifier practice, based in Sheffield, United Kingdom. Appears in 1 official registry: epd-hub. Sectors: electronics, automotive, construction materials. Serves: Global.",0.7,medium,
420,EMICERT LTD,firm,https://emicert.com/,,Greece,Athens,Greece; Cyprus; Bulgaria; Ireland; Global,shipping; aviation; industrial; GHG emissions; CBAM compliance,corsia,CORSIA,https://www.icao.int/sites/default/files/environmental-protection/CORSIA/Documents/CORSIA%20Central%20Registry/CCR-Info-Data-Transparency_PartI_13ed_web.pdf,"ISO 17029 accredited verification body for GHG emissions | Accredited for EU ETS, EU MRV, and CORSIA | 20+ years expertise in greenhouse gas verification | 30+ lead verifiers","EMICERT LTD is a carbon/GHG verification body, based in Athens, Greece. Appears in 1 official registry: corsia. Sectors: shipping, aviation, industrial, GHG emissions, CBAM compliance. Serves: Greece, Cyprus, Bulgaria, Ireland.",0.7,medium,
421,EquipoVersa,firm,https://equipoversa.com,,Colombia,Bogotá,Colombia; Panama; Ecuador,carbon neutral; GHG inventories; water security; renewable energy; product certification,cercarbono,,https://www.cercarbono.com/validation-and-verification/,"Listed on Cercarbono registry | Headquarters in Bogotá, Torre del Reloj building | ISO 14068-1 compliance for carbon neutrality | Offers sustainability and product certifications","EquipoVersa is a carbon/GHG verification body, based in Bogotá, Colombia. Appears in 1 official registry: cercarbono. Sectors: carbon neutral, GHG inventories, water security, renewable energy, product certification. Serves: Colombia, Panama, Ecuador.",0.7,medium,
422,"EurA AG Niederlassung Thüringen, Abteilung Nachhaltigkeit",firm,,2015,Germany,Erfurt,Germany; Europe,Corporate carbon footprint (CCF); Product carbon footprint (PCF); General manufacturing; Chemical production,dakks,DAkkS ISO 17029 Verification Body,https://www.dakks.de/en/accredited-bodies-search.html,"DAkkS accredited per DIN EN ISO/IEC 17029 and DIN EN ISO 14065 | Sustainability division established 2015 | Verifies to ISO 14064-3, ISO 14067 (PCF), ISO 14064-1, and GHG Protocol standards | Authorized for CCF verification across general manufacturing and chemical sectors; PCF across all sectors","EurA AG Niederlassung Thüringen, Abteilung Nachhaltigkeit is a carbon/GHG verification body, based in Erfurt, Germany, established in 2015. Appears in 1 official registry: dakks. Sectors: Corporate carbon footprint (CCF), Product carbon footprint (PCF), General manufacturing, Chemical production. Serves: Germany, Europe.",0.7,medium,
423,Firmin Domon,individual-practice,https://codde.fr/,,France,Not specified,France; Europe,Environmental Product Declaration (EPD); Digital equipment; Electronics; ICT services,pep-ecopassport,PEP ecopassport,https://codde.fr/en/evenement-en/2-new-pep-ecopassport-verifiers-at-codde,Authorized verifier for PEP ecopassport program | LCA & Eco-design consultant with 20+ years experience (via Bureau Veritas LCIE association) | Co-author on European Parliamentary research on digital technology environmental impacts | Contributor to ADEME NegaOctet project for LCA data on digital equipment,"Firmin Domon is a individually approved verifier practice, based in Not specified, France. Appears in 1 official registry: pep-ecopassport. Sectors: Environmental Product Declaration (EPD), Digital equipment, Electronics, ICT services. Serves: France, Europe.",0.7,medium,
424,FORCE Certification A/S,firm,https://forcecertification.com/,,Denmark,,EU,CO2 verification; greenhouse gas verification; EU Emissions Trading System; management systems certification,danak,DANAK / EU ETS,https://forcecertification.com/en/management-system/co2-verification/,DANAK accreditation holder | Notified Body 0200 status | CO2 verification services aligned with EU ETS requirements | Uses only EU ETS-approved verifiers for verification work,"FORCE Certification A/S is a carbon/GHG verification body, based in Denmark. Appears in 1 official registry: danak. Sectors: CO2 verification, greenhouse gas verification, EU Emissions Trading System, management systems certification. Serves: EU.",0.7,medium,
425,GHG Professional Sp. z o.o.,firm,,2009,Poland,Opole,Poland; EU,energy,pca,EU ETS (Directive 2003/87/EC),https://www.kobize.pl/en/article/emissions-monitoring-reporting-verification-in-the-eu-ets/id/432/list-of-accredited-verifiers,PL-VG-0009 accreditation from KOBiZE | Compliance with PN-EN ISO/IEC 17029:2020-04 and PN-EN ISO 14065:2022-03 | Described as leading entity in verifying annual GHG emission reports in Poland | 15 years in operation as of 2024,"GHG Professional Sp. z o.o. is a carbon/GHG verification body, based in Opole, Poland, established in 2009. Appears in 1 official registry: pca. Sectors: energy. Serves: Poland, EU.",0.7,medium,
426,Global Gateway Certifications Sdn Bhd,firm,ggc.my,,Malaysia,,Malaysia; Indonesia; Asia Pacific,biofuels; renewable energy; sustainability,iscc,,https://www.iscc-system.org/certification/certification-bodies/,ISCC certification body recognized by ISCC System | Accreditation from Accreditation Services International (ASI) | Accreditation from Department of Standard Malaysia (DSM) | Over a decade of ISCC certification experience,"Global Gateway Certifications Sdn Bhd is a carbon/GHG verification body, based in Malaysia. Appears in 1 official registry: iscc. Sectors: biofuels, renewable energy, sustainability. Serves: Malaysia, Indonesia, Asia Pacific.",0.7,medium,
427,"Greenhouse gas Management and Certification Unit, University of Phayao",firm,,2010,Thailand,Phayao,Thailand,greenhouse gas verification; T-VER (Thailand Voluntary Emission Reduction),tgo-tver,T-VER,https://ghgreduction.tgo.or.th/en/external-validation-verification-body/list-of-registered-vvb.html,Registered as validation and verification body under Thailand's greenhouse gas management framework | T-VER VVB registration | School of Energy and Environment unit at University of Phayao,"Greenhouse gas Management and Certification Unit, University of Phayao is a carbon/GHG verification body, based in Phayao, Thailand, established in 2010. Appears in 1 official registry: tgo-tver. Sectors: greenhouse gas verification, T-VER (Thailand Voluntary Emission Reduction). Serves: Thailand.",0.7,medium,
428,Hugues (Hugh) Imbeault-Tétreault,individual-practice,https://groupeageco.ca/,,Canada,Quebec City,Canada; North America,building products; agri-food; aluminum; wood products; pulp and paper; steel; sustainable building; product carbon footprint,smart-epd,SmartEPD,https://smartepd.com/resources/#independent_verifiers,Certified EPD verifier | ISO-14064-3 trained | 15+ LCA critical reviews completed | Multiple EPD verifications on building products,"Hugues (Hugh) Imbeault-Tétreault is a individually approved verifier practice, based in Quebec City, Canada. Appears in 1 official registry: smart-epd. Sectors: building products, agri-food, aluminum, wood products, pulp and paper, steel. Serves: Canada, North America.",0.7,medium,
429,IIP S.r.l.,firm,iip.it,,Italy,Monza,Italy,ISCC EU certification; ISCC PLUS certification; plastic product certification; sustainability and carbon certification,iscc,,https://www.iscc-system.org/certification/certification-bodies/,"ACCREDIA accreditation for environmental management system certification | ISCC System certification body identifier: IT235 | Cooperating certification body for ISCC EU and ISCC PLUS schemes | Certifies raw materials, semi-finished and finished plastic products","IIP S.r.l. is a carbon/GHG verification body, based in Monza, Italy. Appears in 1 official registry: iscc. Sectors: ISCC EU certification, ISCC PLUS certification, plastic product certification, sustainability and carbon certification. Serves: Italy.",0.7,medium,
430,Jana Fogarty,individual-practice,https://www.truenorthcollective.net/,,United States,Wisconsin,Europe; Global,product carbon footprint; EPD; building materials,smart-epd,SmartEPD,https://smartepd.com/resources/#independent_verifiers,Verified 100+ EPDs independently | Compiled 50+ EPDs for European and global manufacturers | 20 years experience in sustainability and LCA | Program Manager & Sustainable Design Engineer at TrueNorth Collective,"Jana Fogarty is a individually approved verifier practice, based in Wisconsin, United States. Appears in 1 official registry: smart-epd. Sectors: product carbon footprint, EPD, building materials. Serves: Europe, Global.",0.7,medium,
431,Japan Consulting Institute,firm,,,Japan,,Japan; International (CDM),greenhouse gas; CDM,cdm-all-does; cdm-doe,UNFCCC CDM,https://cdm.unfccc.int/DOE/list/index.html,Designated Operational Entity (DOE) by UNFCCC | Listed in CDM validator/verifier registry,"Japan Consulting Institute is a carbon/GHG verification body, based in Japan. Appears in 2 official registries: cdm-all-does, cdm-doe. Sectors: greenhouse gas, CDM. Serves: Japan, International (CDM).",0.7,medium,
432,Japan Management Association GHG Certification Center,firm,https://www.jma.or.jp/en/,,Japan,,Japan,greenhouse gas; ISO 14065; J-Credit,jcredit,J-Credit,https://reccessary.com/en/reccpedia/carbon-trading/the-j-credit-scheme-in-japan,One of seven qualified examining agencies certified by ISO 14065 for J-Credit scheme | JAB accredited as part of Japan Management Association | Conducts GHG verification for Japan's J-Credit carbon credit scheme,"Japan Management Association GHG Certification Center is a carbon/GHG verification body, based in Japan. Appears in 1 official registry: jcredit. Sectors: greenhouse gas, ISO 14065, J-Credit. Serves: Japan.",0.7,medium,
433,Jim Mellentine,individual-practice,https://thriveesg.com/,,United States,Golden,United States; Global,EPD verification; LCA,smart-epd,SmartEPD,https://smartepd.com/resources/#independent_verifiers,LCA Certified Professional (LCACP) | Approved pre-verified tool verifier for International EPD System | Listed on SMART EPD resources as verifier | Teaches graduate course on LCA and circular economy at Thomas Jefferson University,"Jim Mellentine is a individually approved verifier practice, based in Golden, United States. Appears in 1 official registry: smart-epd. Sectors: EPD verification, LCA. Serves: United States, Global.",0.7,medium,
434,KFQ (Korean Quality Foundation/한국품질재단),firm,https://www.kfq.or.kr,,South Korea,,South Korea,GHG verification; Emissions trading scheme (K-ETS); Climate change,k-ets-full,K-ETS,https://kfq.or.kr/,South Korea's first private-sector greenhouse gas verification agency | Accredited for K-ETS (Korean Emissions Trading System) verification | Third-party verifier for organizational GHG emissions | Scope 3 verification services,"KFQ (Korean Quality Foundation/한국품질재단) is a carbon/GHG verification body, based in South Korea. Appears in 1 official registry: k-ets-full. Sectors: GHG verification, Emissions trading scheme (K-ETS), Climate change. Serves: South Korea.",0.7,medium,
435,LSQA S.A.,firm,lsqa.com.uy,,Uruguay,Montevideo,Global,biofuel sustainability verification; biomass certification; ISCC certification,iscc,,https://www.iscc-system.org/certification/certification-bodies/,Joint venture of LATU (National Laboratory of Uruguay) and Quality Austria | IQNET member (largest international certification body network) | Accredited for ISCC (International Sustainability and Carbon Certification) verification,"LSQA S.A. is a carbon/GHG verification body, based in Montevideo, Uruguay. Appears in 1 official registry: iscc. Sectors: biofuel sustainability verification, biomass certification, ISCC certification. Serves: Global.",0.7,medium,
436,"Madavine Tom, P.Eng.",individual-practice,https://groupeageco.ca/,,Canada,,Canada,product carbon footprint; agriculture; manufacturing; packaging,smart-epd,SmartEPD,https://smartepd.com/resources/#independent_verifiers,P.Eng. (Professional Engineer) credential | Director of Corporate Responsibility at Groupe AGÉCO | 10+ years experience in LCA and carbon footprinting | SMART-EPD resource listing,"Madavine Tom, P.Eng. is a individually approved verifier practice, based in Canada. Appears in 1 official registry: smart-epd. Sectors: product carbon footprint, agriculture, manufacturing, packaging. Serves: Canada.",0.7,medium,
437,"Mahdokht (Mandy) Montazeri, Ph.D.",individual-practice,https://www.truenorthcollective.net/,,United States,Massachusetts,United States,product carbon footprint; energy; manufacturing; agriculture; waste,smart-epd,SmartEPD,https://smartepd.com/resources/#independent_verifiers,Ph.D. in relevant field | Co-Founder & Director of Life Cycle Assessment Services at TrueNorth Collective | 10+ years sustainability and LCA experience | Former Senior Consultant at Sphera (ESG/GHG),"Mahdokht (Mandy) Montazeri, Ph.D. is a individually approved verifier practice, based in Massachusetts, United States. Appears in 1 official registry: smart-epd. Sectors: product carbon footprint, energy, manufacturing, agriculture, waste. Serves: United States.",0.7,medium,
438,Marlène Demicheli,individual-practice,https://codde.fr/,,France,Moirans,France,product carbon footprint/EPD; electronics,pep-ecopassport,PEP ecopassport,https://codde.fr/en/evenement-en/2-new-pep-ecopassport-verifiers-at-codde,"Authorized verifier by PEP ecopassport program | Member of PEP ecopassport Technical Committee | Works for LCIE Bureau Veritas CODDE (LCA expertise center, 25+ years established) | CODDE has verified 1000+ PEP declarations and 160+ FDES/EPD System declarations","Marlène Demicheli is a individually approved verifier practice, based in Moirans, France. Appears in 1 official registry: pep-ecopassport. Sectors: product carbon footprint/EPD, electronics. Serves: France.",0.7,medium,
439,NES Profexpert,firm,,,Russia,,Global,energy; manufacturing/industrial; forestry/AFOLU; fugitive emissions,cdm-all-does; cdm-doe,UNFCCC CDM,https://cdm.unfccc.int/DOE/list/index.html,"UNFCCC-accredited Designated Operational Entity (DOE) | CDM validation and verification authority | 5-year accreditation period | Accredited for sectoral scopes: 1, 3-5, 10, 14","NES Profexpert is a carbon/GHG verification body, based in Russia. Appears in 2 official registries: cdm-all-does, cdm-doe. Sectors: energy, manufacturing/industrial, forestry/AFOLU, fugitive emissions. Serves: Global.",0.7,medium,
440,NGE CERT Sp. z o.o.,firm,https://ngecert.com.pl/,,Poland,Udrycze Wola,Poland; European Union,carbon accounting/reporting; CBAM,pca,EU ETS (Directive 2003/87/EC),https://www.kobize.pl/en/article/emissions-monitoring-reporting-verification-in-the-eu-ets/id/432/list-of-accredited-verifiers,Listed in CBAM (Carbon Border Adjustment Mechanism) verifier directory | Accredited by PCA (Polskie Centrum Akredytacji - Polish Accreditation Center) | Verification services across multiple scopes,"NGE CERT Sp. z o.o. is a carbon/GHG verification body, based in Udrycze Wola, Poland. Appears in 1 official registry: pca. Sectors: carbon accounting/reporting, CBAM. Serves: Poland, European Union.",0.7,medium,
441,Noh-hyun Lim,individual-practice,http://www.igsc.kr/,,South Korea,,Global,product carbon footprint/EPD; construction materials; electronics; automotive; food; cosmetics; textiles,smart-epd,SmartEPD,https://smartepd.com/resources/#independent_verifiers,"Approved verifier by EPD Hub | 500+ EPD verifications completed | 10+ years EPD verification experience | Certified in ISO 14025, EN 15804, ISO 14067","Noh-hyun Lim is a individually approved verifier practice, based in South Korea. Appears in 1 official registry: smart-epd. Sectors: product carbon footprint/EPD, construction materials, electronics, automotive, food, cosmetics. Serves: Global.",0.7,medium,
442,"NORMEC VERIFAVIA Singapore Pte, Ltd",firm,https://normecverifavia.com/,,Singapore,Singapore,Singapore; Asia-Pacific,aviation; maritime; emissions verification,singapore-sac-nea,"SAC ISO 14065:2020, ISO 14064-3:2019, ISO 14066:2023",https://www.sac-accreditation.gov.sg/services/accreditation-services/validation-and-verification-bodies/,Singapore Accreditation Council (SAC) accreditation (VB-2023-04) | ISO/IEC 17029:2019 accredited validator | Part of Normec Verifavia global network | 10+ years emissions verification experience,"NORMEC VERIFAVIA Singapore Pte, Ltd is a carbon/GHG verification body, based in Singapore, Singapore. Appears in 1 official registry: singapore-sac-nea. Sectors: aviation, maritime, emissions verification. Serves: Singapore, Asia-Pacific.",0.7,medium,
443,"NSF Certification, LLC",firm,www.nsf.org,,United States,,United States,GHG verification; CARB-LCFS; California carbon market,carb-lcfs,CARB LCFS,https://ww2.arb.ca.gov/sites/default/files/2026-05/List%20of%20LCFS%20Verification%20Bodies%20as%20of%202026_04_23.xlsx,ANSI-accredited subsidiary | Wholly-owned subsidiary of NSF International (founded 1944) | CARB-LCFS registry accreditation,"NSF Certification, LLC is a carbon/GHG verification body, based in USA. Appears in 1 official registry: carb-lcfs. Sectors: GHG verification, CARB-LCFS, California carbon market. Serves: USA.",0.7,medium,
444,Olivia Djiriguian,individual-practice,olivia.djiriguian@bureauveritas.com,,France,,France; Europe,EPD; product carbon footprint; environmental product declarations,pep-ecopassport,PEP ecopassport,https://register.pep-ecopassport.org/documents/public/AP-0006-EN,Bureau Veritas LCIE (CODDE Department) employment | Authorized verifier for PEP ecopassport® | Authorized verifier for EPD® System | Authorized verifier for INIES program,"Olivia Djiriguian is a individually approved verifier practice, based in France. Appears in 1 official registry: pep-ecopassport. Sectors: EPD, product carbon footprint, environmental product declarations. Serves: France, Europe.",0.7,medium,
445,PT CBQA Global Indonesia,firm,cbqaglobal.com,,Indonesia,Jakarta,Indonesia; 100+ countries,sustainability; carbon footprint certification; energy,iscc,,https://www.iscc-system.org/certification/certification-bodies/,"ISCC accreditation (biofuel/sustainability/carbon certification) | IAS, APMG, ICR accreditations | ISO/IEC 17024 certified | Operations in 100+ countries","PT CBQA Global Indonesia is a carbon/GHG verification body, based in Jakarta, Indonesia. Appears in 1 official registry: iscc. Sectors: sustainability, carbon footprint certification, energy. Serves: Indonesia, 100+ countries.",0.7,medium,
446,PT SBC Asia Sertifikasi,firm,sbc-sertifikasi.com,,Indonesia,"Kebumen, Central Java",Indonesia; International aspirations (vision to be recognized in Indonesian and international regions),GHG verification and validation; sustainable biomass certification; timber legality (SVLK); palm oil sustainability (ISPO); biomass certification (GGL),iscc,,https://www.iscc-system.org/certification/certification-bodies/,KAN accreditation (Komite Akreditasi Nasional) | Partnerships with Ministry of Environment and Forestry | Partnerships with Ministry of Agriculture | Green Gold Label Foundation partnership,"PT SBC Asia Sertifikasi is a carbon/GHG verification body, based in Kebumen, Central Java, Indonesia. Appears in 1 official registry: iscc. Sectors: GHG verification and validation, sustainable biomass certification, timber legality (SVLK), palm oil sustainability (ISPO), biomass certification (GGL). Serves: Indonesia, International aspirations (vision to be recognized in Indonesian and international regions).",0.7,medium,
447,Re Carbon Gözetim Denetim ve Belgelendirme Limited Şirketi,firm,https://re-carbon.net,,Turkey,Ankara,Turkey; Global Carbon Council member countries,Carbon verification (GCC scope),gcc,Global Carbon Council,https://re-carbon.net/re-carbon-is-proud-to-be-listed-as-a-verifier-for-the-global-carbon-council-gcc/,Global Carbon Council (GCC) registry accreditation | Turkish carbon verification entity | Registry listing confirms verification body status,"Re Carbon Gözetim Denetim ve Belgelendirme Limited Şirketi is a carbon/GHG verification body, based in Ankara, Turkey. Appears in 1 official registry: gcc. Sectors: Carbon verification (GCC scope). Serves: Turkey, Global Carbon Council member countries.",0.7,medium,
448,Sarah Curpen,individual-practice,https://www.salvis.ag/sustainability.html,,Unknown,,,product carbon footprint/EPD,epd-hub; smart-epd,EPD Hub; SmartEPD,https://smartepd.com/resources/#independent_verifiers | https://www.epdhub.com/verification-committee,Approved individual verifier by EPD Hub Limited | Specializes in Environmental Product Declaration (EPD) verification | Deep expertise in Life Cycle Assessment (LCA) and EPD creation | Background in sustainable building materials research,"Sarah Curpen is a individually approved verifier practice, based in Unknown. Appears in 2 official registries: epd-hub, smart-epd. Sectors: product carbon footprint/EPD.",0.7,medium,
449,SC@PE International GmbH,firm,scape-int.com,2024,Germany,,Germany; Austria,renewable energy; biomass; biofuels; biochemicals,redcert; sure-eu,REDcert; SURE-EU,https://sure-system.org/fileadmin/user_upload/SURE/Dokumente/Zertstellen/20260626_Addresses_of_all_Certification_Bodies.pdf | https://www.redcert.org/en-us/certification/approved-certification-bodies/,"Recognized by Germany's BLE (Bundesanstalt für Landwirtschaft und Ernährung) | Recognized by Austria's BMEN (Federal Environment Agency) | Authorized for REDcert EU, REDcert 2, REDcert2 chemicals, and SURE systems | 10+ years of experience in certification (predecessor entity)","SC@PE International GmbH is a carbon/GHG verification body, based in Germany, established in 2024. Appears in 2 official registries: redcert, sure-eu. Sectors: renewable energy, biomass, biofuels, biochemicals. Serves: Germany, Austria. Note: carbon scope disputed by enrichment research.",0.7,medium,"Enrichment agent disputed carbon scope: Specializes in renewable energy directive compliance (RED III, REDcert, SURE systems) and sustainable biomass/biofuel certification, not third-party carbon/GHG/EPD verification"
450,SCV Consulting Ltd.,firm,https://www.scvconsultingltd.com/,,Canada,"Rockwood, Ontario",Canada,Greenhouse gas emissions quantification and verification; Carbon pricing; Clean fuels; Climate change consulting,scc,SCC Greenhouse Gas (ISO 14065); SCC ISO 14065,https://scc-ccn.ca/search/accredited-organizations?f%5B0%5D=program%3A481 | https://www.scvconsultingltd.com/services/ghg-emissions-carbon-pricing/ghg-emissions-quantification-and-verification-support/,Standards Council of Canada (SCC) accreditation in Greenhouse Gas Accreditation (GHGAP) Program | CFR (Clean Fuel Requirement) Program accreditation | 2024 Top 10 Climate Change Solutions Providers in Canada (Environmental Business Review) | Staff with engineering expertise and 20+ years experience in GHG quantification,"SCV Consulting Ltd. is a carbon/GHG verification body, based in Rockwood, Ontario, Canada. Appears in 1 official registry: scc. Sectors: Greenhouse gas emissions quantification and verification, Carbon pricing, Clean fuels, Climate change consulting. Serves: Canada.",0.7,medium,
451,Second Research Institute of Civil Aviation Administration of China,firm,,2001,China,Sichuan,China,CORSIA aviation emissions verification,corsia,CORSIA,https://www.icao.int/sites/default/files/environmental-protection/CORSIA/Documents/CORSIA%20Central%20Registry/CCR-Info-Data-Transparency_PartI_13ed_web.pdf,"Established April 9, 2001 | ICAO CORSIA verification body accreditation (CNAS C213-V in CORSIA Central Registry) | Listed in CORSIA registry","Second Research Institute of Civil Aviation Administration of China is a carbon/GHG verification body, based in Sichuan, China, established in 2001. Appears in 1 official registry: corsia. Sectors: CORSIA aviation emissions verification. Serves: China.",0.7,medium,
452,SGS - BELGIUM NV,firm,https://www.sgs.be,,Belgium,Antwerp,Belgium,Energy; Manufacturing; Waste; Product carbon footprint/EPD; Carbon management systems; Circularity; EU Emissions Trading System (ETS) compliance,belac,BELAC / EU ETS,https://economie.fgov.be/en/themes/quality-and-safety/accreditation-belac/accredited-bodies/validation-and-verification,"1,600+ employees in Belgium | 15 locations nationwide | BELAC accredited | ISO 14064-1 accredited","SGS - BELGIUM NV is a carbon/GHG verification body, based in Antwerp, Belgium. Appears in 1 official registry: belac. Sectors: Energy, Manufacturing, Waste, Product carbon footprint/EPD, Carbon management systems, Circularity. Serves: Belgium.",0.7,medium,
453,SGS DEL PERU S.A.C.,firm,https://www.sgs.com/en,,Peru,Callao,Peru,Energy; Waste; Product carbon footprint/EPD; Voluntary carbon markets; Sustainable supply chain certification (ISCC),inacal-peru,INACAL ISO 14065,https://www.inacal.gob.pe/repositorioaps/data/1/1/4/jer/acreditados/files/OCSG/Directorio%20de%20OEC%20(OCSG)%2003-07-2026.pdf,ISO 14064-1 accredited | ISO 14067 accredited | ISCC PLUS certification services | Part of SGS global network,"SGS DEL PERU S.A.C. is a carbon/GHG verification body, based in Callao, Peru. Appears in 1 official registry: inacal-peru. Sectors: Energy, Waste, Product carbon footprint/EPD, Voluntary carbon markets, Sustainable supply chain certification (ISCC). Serves: Peru.",0.7,medium,
454,SGS DO BRASIL LTDA.,firm,https://www.sgs.com,,Brazil,"Barueri, São Paulo",Brazil,Energy; Manufacturing; Agriculture; Waste; Product carbon footprint/EPD; Voluntary carbon markets; Compliance carbon markets; CCUS; Sustainable supply chain certification (ISCC),socialcarbon,,https://www.socialcarbon.org/vvbs,ISO 14064-1 accredited | ISO 14067 accredited | ISO 14068-1 accredited | ISO 59020 accredited,"SGS DO BRASIL LTDA. is a carbon/GHG verification body, based in Barueri, São Paulo, Brazil. Appears in 1 official registry: socialcarbon. Sectors: Energy, Manufacturing, Agriculture, Waste, Product carbon footprint/EPD, Voluntary carbon markets. Serves: Brazil.",0.7,medium,
455,SGS Gulf Limited,firm,https://www.sgs.com/en-ae/,,United Arab Emirates,Dubai,United Arab Emirates; Gulf region,Energy; Oil and gas; Waste; Product carbon footprint/EPD; Carbon capture utilization and storage (CCUS); Voluntary carbon markets; Sustainable supply chain certification (ISCC); Carbon management systems,enas-uae,ISO 14065 GHG Validation and Verification,https://embeddedcarbonrecord.com/verification-directory/uae/,Located in Jebel Ali Free Zone (major international business hub) | ISO 14064-1 accredited | ISO 14067 accredited | ISO 14068 accredited,"SGS Gulf Limited is a carbon/GHG verification body, based in Dubai, United Arab Emirates. Appears in 1 official registry: enas-uae. Sectors: Energy, Oil and gas, Waste, Product carbon footprint/EPD, Carbon capture utilization and storage (CCUS), Voluntary carbon markets. Serves: United Arab Emirates, Gulf region.",0.7,medium,
456,SIA STEP UP Certification,firm,https://www.stepupcertification.com/services,,Latvia,,Latvia; Europe,forestry/AFOLU; biofuels; agriculture,sure-eu,SURE-EU,https://sure-system.org/fileadmin/user_upload/SURE/Dokumente/Zertstellen/20260626_Addresses_of_all_Certification_Bodies.pdf,Certified under SURE-EU (Sustainable Resources verification) | SURE-EU certification includes GHG emission saving requirements assessment for biomass | Operates in Europe and internationally per website | RED III compliance verification services,"SIA STEP UP Certification is a carbon/GHG verification body, based in Latvia. Appears in 1 official registry: sure-eu. Sectors: forestry/AFOLU, biofuels, agriculture. Serves: Latvia, Europe.",0.7,medium,
457,Skander Hassayoune,individual-practice,skander.hassayoune@hager.fr,,France,,France,product environmental declaration; product carbon footprint,pep-ecopassport,PEP ecopassport,https://register.pep-ecopassport.org/documents/public/AP-0006-EN,"PEP ecopassport accredited authorized verifier | Former President of PEP ecopassport technical committee | Post Graduate in Eco-Design and Environmental Management | Experience across electrical, electronic, HVAC-R, glass, and automotive industries","Skander Hassayoune is a individually approved verifier practice, based in France. Appears in 1 official registry: pep-ecopassport. Sectors: product environmental declaration, product carbon footprint. Serves: France.",0.7,medium,
458,Susmet,firm,,2011,Australia,Melbourne,Australia; Indonesia,energy; agriculture; waste; corporate GHG reporting,aus-cer,NGER/ACCU,https://cer.gov.au/schemes/audits-our-schemes/find-auditor,"Founded 2011 by Dinesh Jayasuriya (15 years operating) | Offices in Melbourne, Sydney, Brisbane | NGER compliance and NCOS services expertise","Susmet is a carbon/GHG verification body, based in Melbourne, Australia, established in 2011. Appears in 1 official registry: aus-cer. Sectors: energy, agriculture, waste, corporate GHG reporting. Serves: Australia, Indonesia.",0.7,medium,
459,Terrie Boguski,individual-practice,http://www.harmonyenviro.com/,,United States,Olathe,United States; International,product carbon footprint/EPD,smart-epd,SmartEPD,https://smartepd.com/resources/#independent_verifiers,"30+ years experience in LCA and EPD | President, Harmony Environmental LLC | Approved verifier on International EPD System and SmartEPD | Contributed to EPD verification process harmonization between Smart EPD and IBU programs","Terrie Boguski is a individually approved verifier practice, based in Olathe, United States. Appears in 1 official registry: smart-epd. Sectors: product carbon footprint/EPD. Serves: United States, International.",0.7,medium,
460,"Thomas (Tom) P. Gloria, Ph.D.",individual-practice,http://www.industrial-ecology.com/,,United States,,United States; International,product carbon footprint/EPD,smart-epd,SmartEPD,https://smartepd.com/resources/#independent_verifiers,"Same individual as Thomas P. Gloria; 30+ years LCA and sustainability experience | Performed 1,500+ LCA reviews supporting 100,000+ EPD publications | ACLCA LCA Certified Professional (certified 2008) | 2016 ACLCA Lifetime Individual LCA Leadership Award","Thomas (Tom) P. Gloria, Ph.D. is a individually approved verifier practice, based in United States. Appears in 1 official registry: smart-epd. Sectors: product carbon footprint/EPD. Serves: United States, International.",0.7,medium,
461,TQ CONSULTANTA SI RECRUTARE SRL,firm,https://tqconsult.ro/,,Romania,Galati,Romania; Europe,aviation; biofuel/bioliquid sustainability; GHG emissions verification,corsia,CORSIA,https://www.icao.int/sites/default/files/environmental-protection/CORSIA/Documents/CORSIA%20Central%20Registry/CCR-Info-Data-Transparency_PartI_13ed_web.pdf,"RENAR accredited to ISO 14065 - first Romanian GHG emissions verification organism with this accreditation | Accredited as Verification Organism for aviation GHG emissions (2011, with renewals through 2017+) | Accredited for aviation tonnes-km monitoring reports | Operated as accredited organism for biofuel/bioliquid sustainability verification (2012-2017)","TQ CONSULTANTA SI RECRUTARE SRL is a carbon/GHG verification body, based in Galati, Romania. Appears in 1 official registry: corsia. Sectors: aviation, biofuel/bioliquid sustainability, GHG emissions verification. Serves: Romania, Europe.",0.7,medium,
462,"Turner, Mason & Company",firm,www.turnermason.com,,United States,Dallas,United States; Canada; Mexico,Fuels; Petroleum; Biofuels,carb-mrr,MRR Verification (H-24-107),https://ww2.arb.ca.gov/mrr-vb,"CARB-accredited LCFS verification body | CARB 3-year accreditation for Low Carbon Fuel Standard verification | Office locations: Dallas, Houston, Calgary, Mexico City | Serves investment banks, private equity, government agencies","Turner, Mason & Company is a carbon/GHG verification body, based in Dallas, United States. Appears in 1 official registry: carb-mrr. Sectors: Fuels, Petroleum, Biofuels. Serves: United States, Canada, Mexico.",0.7,medium,
463,"Turner, Mason and Company",firm,turnermason.com,,United States,Dallas,United States; Canada; Mexico,Fuels; Petroleum; Biofuels,carb-lcfs,CARB LCFS,https://ww2.arb.ca.gov/sites/default/files/2026-05/List%20of%20LCFS%20Verification%20Bodies%20as%20of%202026_04_23.xlsx,"CARB-accredited LCFS verification body | CARB 3-year accreditation for Low Carbon Fuel Standard verification | Office locations: Dallas, Houston, Calgary, Mexico City","Turner, Mason and Company is a carbon/GHG verification body, based in Dallas, United States. Appears in 1 official registry: carb-lcfs. Sectors: Fuels, Petroleum, Biofuels. Serves: United States, Canada, Mexico.",0.7,medium,
464,Victoria Jane Ashplant,individual-practice,https://www.pwc.com/nz,,New Zealand,,New Zealand,Product Carbon Footprint/EPD; Sustainability Assurance,nz-epa,NZ ETS,https://www.epa.govt.nz/industry-areas/emissions-trading-scheme/participating-in-the-ets/unique-emissions-factors/,PwC Partner in Sustainability Reporting & Assurance team | Listed in NZ-EPA verifier registry | Expertise in sustainability reporting and environmental compliance,"Victoria Jane Ashplant is a individually approved verifier practice, based in New Zealand. Appears in 1 official registry: nz-epa. Sectors: Product Carbon Footprint/EPD, Sustainability Assurance. Serves: New Zealand.",0.7,medium,
465,Vijay Thakur,individual-practice,,2026,India,,Global,Product Carbon Footprint/EPD; Life Cycle Assessment; Carbon Footprinting,smart-epd,SmartEPD,https://smartepd.com/resources/#independent_verifiers,"Master's in Environmental Science & Engineering from IIT Bombay | Verified 100+ EPDs across construction, apparel, chemicals, metals | Approved verifier with multiple leading EPD programme operators | Expertise in ISO 14025, ISO 14040/44, ISO 14067, EN 15804","Vijay Thakur is a individually approved verifier practice, based in India, established in 2026. Appears in 1 official registry: smart-epd. Sectors: Product Carbon Footprint/EPD, Life Cycle Assessment, Carbon Footprinting. Serves: Global.",0.7,medium,
466,VRS Cert,firm,https://vrscert.com,,UAE,Dubai,UAE; India; Saudi Arabia,energy; construction; manufacturing; packaging; waste; infrastructure; oil and gas; metals,plan-vivo,,https://www.planvivo.org/listing/category/approved-vvbs,Global Accreditation Bureau (GAB) accreditation as Validation and Verification Body | Verra VCS (Verified Carbon Standard) accredited | Plan Vivo accredited | Social Carbon Standard accredited,"VRS Cert is a carbon/GHG verification body, based in Dubai, UAE. Appears in 1 official registry: plan-vivo. Sectors: energy, construction, manufacturing, packaging, waste, infrastructure. Serves: UAE, India, Saudi Arabia.",0.7,medium,
467,Weryfikator Andrzej Dubrawski,firm,,2020,Poland,Bialystok,Poland,GHG verification; greenhouse gas emissions; carbon dioxide verification,pca,EU ETS (Directive 2003/87/EC),https://www.kobize.pl/en/article/emissions-monitoring-reporting-verification-in-the-eu-ets/id/432/list-of-accredited-verifiers,Accredited by Polskie Centrum Akredytacji (PCA) as GHG verifier | Registered with Polish registry as PL-VG-0014,"Weryfikator Andrzej Dubrawski is a carbon/GHG verification body, based in Bialystok, Poland, established in 2020. Appears in 1 official registry: pca. Sectors: GHG verification, greenhouse gas emissions, carbon dioxide verification. Serves: Poland.",0.7,medium,
468,"ÁDDERE SOLUTIONS, S.C.",firm,,,Mexico,,Mexico; International aviation (CORSIA),aviation; CORSIA,corsia; mx-semarnat,CORSIA; Mexico RENE,https://www.gob.mx/profepa/acciones-y-programas/organismos-de-tercera-parte | https://www.icao.int/sites/default/files/environmental-protection/CORSIA/Documents/CORSIA%20Central%20Registry/CCR-Info-Data-Transparency_PartI_13ed_web.pdf,"Listed in ICAO CORSIA Central Registry as accredited verification body | Recognized by Mexican environmental authorities (mx-semarnat) | Qualified to conduct CORSIA MRV (Monitoring, Reporting, Verification) for aviation operators","ÁDDERE SOLUTIONS, S.C. is a carbon/GHG verification body, based in Mexico. Appears in 2 official registries: corsia, mx-semarnat. Sectors: aviation, CORSIA. Serves: Mexico, International aviation (CORSIA).",0.7,medium,
469,"ACTIVE CONSULTANTS (THAILAND) CO., LTD.",firm,,,Thailand,,Thailand,energy; forestry/AFOLU; waste; agriculture,tgo-tver,T-VER,https://ghgreduction.tgo.or.th/en/external-validation-verification-body/list-of-registered-vvb.html,Registered Validation and Verification Body (VVB) for Premium T-VER program | Listed in Thailand Greenhouse Gas Organization (TGO) database | Accredited under Thailand's voluntary emission reduction scheme,"ACTIVE CONSULTANTS (THAILAND) CO., LTD. is a carbon/GHG verification body, based in Thailand. Appears in 1 official registry: tgo-tver. Sectors: energy, forestry/AFOLU, waste, agriculture. Serves: Thailand.",0.65,medium,
470,Afzal Khan,individual-practice,,,Belgium,,Belgium; Europe; Norway,EPD verification; construction products; manufacturing; textiles; aerospace; renewable energy systems,epd-hub,EPD Hub,https://www.epdhub.com/verification-committee,Approved individual verifier by EPD Hub | Approved individual verifier by EPD International (2026) | Approved verifier by EPD-Norge | 6+ years international experience in LCA and EPD verification,"Afzal Khan is a individually approved verifier practice, based in Belgium. Appears in 1 official registry: epd-hub. Sectors: EPD verification, construction products, manufacturing, textiles, aerospace, renewable energy systems. Serves: Belgium, Europe, Norway.",0.65,medium,
471,AGRIZERT Zertifizierungs GmbH,firm,agrizert.de,,Germany,,Germany; Europe,REDCERT certification; SURE certification; food safety; feed safety; information security,redcert; sure-eu,REDcert; SURE-EU,https://sure-system.org/fileadmin/user_upload/SURE/Dokumente/Zertstellen/20260626_Addresses_of_all_Certification_Bodies.pdf | https://www.redcert.org/en-us/certification/approved-certification-bodies/,"REDcert and SURE certification body for biomass sustainability | IFS, QS, Global G.A.P., EU-Bio certifications | GMP+ feed certifications","AGRIZERT Zertifizierungs GmbH is a carbon/GHG verification body, based in Germany. Appears in 2 official registries: redcert, sure-eu. Sectors: REDCERT certification, SURE certification, food safety, feed safety, information security. Serves: Germany, Europe. Note: carbon scope disputed by enrichment research.",0.65,medium,"Enrichment agent disputed carbon scope: Focuses on biomass/bioenergy sustainability certification (REDCERT, SURE) and food/feed quality systems; not a carbon or GHG verification provider"
472,Alexander Borg,firm,,,Norway,Oslo,Norway; Nordic region,EPD verification; construction products; LCA verification,epd-norge,EPD Norge,https://www.epd-global.com/epd-er/lage-epder/uavhengige-verifikatorer/,"Approved third-party verifier by EPD-Norge | Group Leader, LCA and Sustainability at Asplan Viak AS | Verifications on multiple EPD documents following ISO 14025 and EN 15804+A2 standards | Master's degree in Energy and Environmental Analysis from NTNU (2010-2016)","Alexander Borg is a carbon/GHG verification body, based in Oslo, Norway. Appears in 1 official registry: epd-norge. Sectors: EPD verification, construction products, LCA verification. Serves: Norway, Nordic region.",0.65,medium,
473,Amspec Iberia SL,firm,amspecgroup.com,,Spain,,Spain; Iberia region,energy; agriculture; waste; manufacturing,iscc,,https://www.iscc-system.org/certification/certification-bodies/,Part of AmSpec Group global TIC network | Listed in ISCC registry (International Sustainability and Carbon Certification) | Access to parent company's VVB and EPD verification services,"Amspec Iberia SL is a carbon/GHG verification body, based in Spain. Appears in 1 official registry: iscc. Sectors: energy, agriculture, waste, manufacturing. Serves: Spain, Iberia region.",0.65,medium,
474,Amstelfy Technical Solutions,firm,,,Netherlands,Amstelveen,Europe; Global (accreditation level),product carbon footprint; construction products,epd-intl,,https://www.environdec.com/resources/verifiers/certification-bodies,"Triple-accredited: ISO 17025, ISO 17065, ISO 17029 | Listed as Accredited Certification Body by EnvironDec (International EPD System) as of April 2026 | NAC (National Accreditation Center) accreditation - ILAC MRA signatory | Specializes in EPD verification for construction products","Amstelfy Technical Solutions is a carbon/GHG verification body, based in Amstelveen, Netherlands. Appears in 1 official registry: epd-intl. Sectors: product carbon footprint, construction products. Serves: Europe, Global (accreditation level).",0.65,medium,
475,Amund Ona Gjul,firm,,,Norway,,Norway,product carbon footprint,epd-norge,EPD Norge,https://www.epd-global.com/epd-er/lage-epder/uavhengige-verifikatorer/,Listed in EPD-norge registry as approved individual verifier | Group Product Sustainability Manager at Systemair | Leads EPD implementation project across 12 Systemair factories | Appointed Convenor of CEN TC/156 Working Group for EPD-related Product Category Rules,"Amund Ona Gjul is a carbon/GHG verification body, based in Norway. Appears in 1 official registry: epd-norge. Sectors: product carbon footprint. Serves: Norway.",0.65,medium,
476,"Amy Landis, Ph.D.",individual-practice,,,United States,"Golden, Colorado",Global,product carbon footprint; manufacturing; construction,smart-epd,SmartEPD,https://smartepd.com/resources/#independent_verifiers,Verified 100+ Environmental Product Declarations | Independently compiled 50+ EPDs for European and global manufacturers | Distinguished professor and sustainability researcher at Colorado School of Mines | Director of Landis Sustainability Research Group,"Amy Landis, Ph.D. is a individually approved verifier practice, based in Golden, Colorado, United States. Appears in 1 official registry: smart-epd. Sectors: product carbon footprint, manufacturing, construction. Serves: Global.",0.65,medium,
477,Andrea Nistad,firm,,,Norway,,Norway,product carbon footprint; construction,epd-norge,EPD Norge,https://www.epd-global.com/epd-er/lage-epder/uavhengige-verifikatorer/,Listed in EPD-norge registry as approved individual verifier | Verified photovoltaic mounting system EPD (NEPD-3666-2605) | Approved verifier member of EPD-Norge system,"Andrea Nistad is a carbon/GHG verification body, based in Norway. Appears in 1 official registry: epd-norge. Sectors: product carbon footprint, construction. Serves: Norway.",0.65,medium,
478,Andrew D. Moore,individual-practice,https://www.lifecyclelogic.com.au/,,Australia,Fremantle,Australia; International,agriculture; construction; mining; tourism; energy; EPD verification,epd-australasia,EPD Australasia,https://epd-australasia.com/about-us/individual-verifiers/,Approved EPD Verifier for International EPD System | Certified LCA Practitioner (ALCAS) | Climate Active Registered Consultant | ISO 14071:2014 LCA Third-Party Critical Reviewer,"Andrew D. Moore is a individually approved verifier practice, based in Fremantle, Australia. Appears in 1 official registry: epd-australasia. Sectors: agriculture, construction, mining, tourism, energy, EPD verification. Serves: Australia, International.",0.65,medium,
479,auditcert GmbH Umweltgutachterorganisation,firm,www.auditcert.de,2015,Germany,"Gilserberg, Hessen",Germany; European Union,Biomass sustainability certification (SURE-EU/RED II); Renewable energy management; Environmental compliance auditing,sure-eu,SURE-EU,https://sure-system.org/fileadmin/user_upload/SURE/Dokumente/Zertstellen/20260626_Addresses_of_all_Certification_Bodies.pdf,"Founded 2015 by Dr. Andreas Möller, Hendrik Becker, and Timo Riehl | SURE-EU approved certification body (approved September 2021) | Umweltgutachterorganisation (authorized environmental expert organization) status","auditcert GmbH Umweltgutachterorganisation is a carbon/GHG verification body, based in Gilserberg, Hessen, Germany, established in 2015. Appears in 1 official registry: sure-eu. Sectors: Biomass sustainability certification (SURE-EU/RED II), Renewable energy management, Environmental compliance auditing. Serves: Germany, European Union. Note: carbon scope disputed by enrichment research.",0.65,medium,"Enrichment agent disputed carbon scope: Environmental expert organization (Umweltgutachterorganisation) focused on SURE-EU biomass sustainability certification under RED II criteria, not carbon/GHG verification"
480,B&S Qualicert srl,firm,https://www.bsqualicert.be/,2005,Belgium,Colfontaine,Belgium,Agriculture; Organic farming; Food certification; Transport certification,2bsvs,2BSvs,https://www.2bsvs.org/certification-bodies/,"Listed in 2BSvs registry (for agricultural/food certification, not carbon) | Established 2005 | Specializes in agricultural and agri-supply sector certification","B&S Qualicert srl is a carbon/GHG verification body, based in Colfontaine, Belgium, established in 2005. Appears in 1 official registry: 2bsvs. Sectors: Agriculture, Organic farming, Food certification, Transport certification. Serves: Belgium. Note: carbon scope disputed by enrichment research.",0.65,medium,Enrichment agent disputed carbon scope: Agricultural and food certification body; no evidence of carbon/GHG/EPD verification services
481,BioInspecta,firm,,,Switzerland,Frick,Switzerland; International,CCS/CDR; biochar carbon removal,puro,Puro.earth,https://puro.earth/partners-intermediaries/partners/,Approved verifier for Puro.earth carbon removal certification | 25+ years in business in audit and certification | Verifies CO2 Removal Certificates (CORCs),"BioInspecta is a carbon/GHG verification body, based in Frick, Switzerland. Appears in 1 official registry: puro. Sectors: CCS/CDR, biochar carbon removal. Serves: Switzerland, International.",0.65,medium,
482,Bureau Veritas Certification (Thailand) Limited,firm,,,Thailand,Bangkok,Thailand,carbon footprint verification; GHG management (ISO 14064); carbon neutrality (PAS 2060),tgo-tver,T-VER,https://ghgreduction.tgo.or.th/en/external-validation-verification-body/list-of-registered-vvb.html,"Accredited by Thai Industrial Standards Institute (TISI) for greenhouse gas verification (certificate T-VER-VVB-02-006-2025-01, valid Jan 2025 - Jan 2028) | Registered with Thailand GHG Reduction and Removal Program | Operating in Thailand since 1989 (Bureau Veritas entry; specific entity year unknown) | RSPO certification capability noted","Bureau Veritas Certification (Thailand) Limited is a carbon/GHG verification body, based in Bangkok, Thailand. Appears in 1 official registry: tgo-tver. Sectors: carbon footprint verification, GHG management (ISO 14064), carbon neutrality (PAS 2060). Serves: Thailand.",0.65,medium,
483,BUREAU VERITAS CERTIFICATION FRANCE,firm,,,France,,France,carbon footprint verification; GHG emissions verification; EPD (Environmental Product Declaration); LCA (Life Cycle Assessment); carbon neutrality; ISO 14064; ISO 14067,cofrac,Cofrac / EU ETS,https://tools.cofrac.fr/en/easysearch/resultats_advanced.php?list-10290708,LCIE Bureau Veritas and CODDE department specializing in EPD verification | 10+ years of experience with Type III environmental declarations | ISO 14067 product carbon footprint verification | Accredited for sustainability reporting assurance and emissions verification,"BUREAU VERITAS CERTIFICATION FRANCE is a carbon/GHG verification body, based in France. Appears in 1 official registry: cofrac. Sectors: carbon footprint verification, GHG emissions verification, EPD (Environmental Product Declaration), LCA (Life Cycle Assessment), carbon neutrality, ISO 14064. Serves: France.",0.65,medium,
484,"Bureau Veritas Consumer Products Services, Inc.",firm,bureauveritas.com/cps,,United States,,United States; Global,fuels; biofuels; product carbon footprint/EPD,iscc,,https://www.iscc-system.org/certification/certification-bodies/,ISCC (International Sustainability & Carbon Certification) accreditation | Part of global Bureau Veritas group with 750+ GHG verifications,"Bureau Veritas Consumer Products Services, Inc. is a carbon/GHG verification body, based in USA. Appears in 1 official registry: iscc. Sectors: fuels, biofuels, product carbon footprint/EPD. Serves: USA, Global.",0.65,medium,
485,Bureau Veritas Iberia,firm,,,Spain,,Spain; Iberian Peninsula,energy; energy management; manufacturing; product carbon footprint/EPD,enac,EU ETS 2,https://www.enac.es/actualidad/acreditaciones-eu-ets-2,ENAC (Spain's National Accreditation Body) accreditation | First entity accredited by ENAC for criminal compliance systems | Accreditation for energy savings certificate systems (CAE) | ISO 50001 (energy management) accreditation across all sectors,"Bureau Veritas Iberia is a carbon/GHG verification body, based in Spain. Appears in 1 official registry: enac. Sectors: energy, energy management, manufacturing, product carbon footprint/EPD. Serves: Spain, Iberian Peninsula.",0.65,medium,
486,Bureau Veritas Italia S.p.A.,firm,,,Italy,Milan,Italy,energy; waste; manufacturing; product carbon footprint/EPD; CBAM,accredia,Accredia / EU ETS,https://services.accredia.it/ppsearch/accredia_orgmask.jsp?ID_LINK=1733&area=310&PPSEARCH_ORG_SEARCH_MASK_ORG=0663,ACCREDIA (Italy's accreditation body) accreditation (0012) | GHG inventory verification at organizational level | Carbon footprint verification and validation services | Made Green in Italy scheme participation,"Bureau Veritas Italia S.p.A. is a carbon/GHG verification body, based in Milan, Italy. Appears in 1 official registry: accredia. Sectors: energy, waste, manufacturing, product carbon footprint/EPD, CBAM. Serves: Italy.",0.65,medium,
487,Bureau Veritas Latvia,firm,,,Latvia,,Latvia; Baltic Region,aviation; transport,corsia,CORSIA,https://www.icao.int/sites/default/files/environmental-protection/CORSIA/Documents/CORSIA%20Central%20Registry/CCR-Info-Data-Transparency_PartI_13ed_web.pdf,CORSIA (International Civil Aviation Organization aviation emissions scheme) accreditation | Authorized to verify airline emissions under ICAO requirements | Multi-year accredited status in CORSIA scheme | Part of parent company with 750+ GHG verifications globally,"Bureau Veritas Latvia is a carbon/GHG verification body, based in Latvia. Appears in 1 official registry: corsia. Sectors: aviation, transport. Serves: Latvia, Baltic Region.",0.65,medium,
488,Bureau Veritas South Africa,firm,https://www.bureauveritas.co.za/,1828,South Africa,Not specified,South Africa; Africa,agriculture; energy; manufacturing; transport,sanas,ISO 14065,https://embeddedcarbonrecord.com/verification-directory/south-africa/,"Listed in SANAS registry | Over 125 years presence in Africa (since 1898) | Global Bureau Veritas with 79,000+ employees | Emphasizes TIC (Testing, Inspection, Certification) services","Bureau Veritas South Africa is a carbon/GHG verification body, based in Not specified, South Africa, established in 1828. Appears in 1 official registry: sanas. Sectors: agriculture, energy, manufacturing, transport. Serves: South Africa, Africa. Note: carbon scope disputed by enrichment research.",0.65,medium,"Enrichment agent disputed carbon scope: South Africa website does not mention carbon/GHG/EPD verification services. While global Bureau Veritas offers these, South Africa office website emphasizes TIC services (testing, inspection, certification) across agriculture, food, oil & gas, metals, chemicals, marine, power sectors without carbon services listed."
489,Carbon Intelligence Pty Ltd,firm,http://www.carbonintel.com.au/,2008,Australia,Unknown,Australia,carbon consulting; NGER reporting; carbon footprinting; emissions reduction; carbon trading,aus-cer,NGER/ACCU,https://cer.gov.au/schemes/audits-our-schemes/find-auditor,Incorporated 11 November 2008 (ACN 134115183) | Provides guidance on carbon reporting and regulatory compliance | Supports Emissions Reduction Fund and carbon offset programs | Focus on NGER reporting and carbon trading market participation,"Carbon Intelligence Pty Ltd is a carbon/GHG verification body, based in Unknown, Australia, established in 2008. Appears in 1 official registry: aus-cer. Sectors: carbon consulting, NGER reporting, carbon footprinting, emissions reduction, carbon trading. Serves: Australia. Note: carbon scope disputed by enrichment research.",0.65,medium,"Enrichment agent disputed carbon scope: Consultant/advisor firm providing carbon reporting guidance, NGER compliance, and emissions management consulting—not a third-party GHG verification body"
490,"CERTINALIA, S.L.",firm,www.certinalia.com,,Spain,Azpeitia,Spain,Product carbon footprint; EPD,epd-intl,,https://www.environdec.com/resources/verifiers/certification-bodies,Only ENAC-accredited body for EPD-INTL in Spain (accreditation 125/C-PR283) | Listed on EPD International accredited verifiers | Verified hundreds of EPD certificates,"CERTINALIA, S.L. is a carbon/GHG verification body, based in Azpeitia, Spain. Appears in 1 official registry: epd-intl. Sectors: Product carbon footprint, EPD. Serves: Spain.",0.65,medium,
491,"Chinese Academy of Forestry, Science Information Institute",firm,,,China,Beijing,China,forestry/AFOLU; CCER projects,ccer,China CCER,https://www.climatebridge.com/publication/146.html,Approved CCER project verifier (Designated Operational Entity) | Part of Chinese Academy of Forestry research institution | CNAS approval from State Administration for Market Regulation required for CCER qualifications | Specializes in forestry carbon offset validation/verification,"Chinese Academy of Forestry, Science Information Institute is a carbon/GHG verification body, based in Beijing, China. Appears in 1 official registry: ccer. Sectors: forestry/AFOLU, CCER projects. Serves: China.",0.65,medium,
492,Christofer Skaar,firm,,,Norway,,Norway; Scandinavia,product carbon footprint; EPD; construction materials,epd-norge,EPD Norge,https://www.epd-global.com/epd-er/lage-epder/uavhengige-verifikatorer/,Leader of Technical Committee at EPD Norge | PhD from NTNU Department of Industrial Economics and Technology Management | Approved independent verifier for EPD-Norge | Published researcher on EPD standards and economic allocation in cement/concrete,"Christofer Skaar is a carbon/GHG verification body, based in Norway. Appears in 1 official registry: epd-norge. Sectors: product carbon footprint, EPD, construction materials. Serves: Norway, Scandinavia.",0.65,medium,
493,Clara Valente,firm,,,Norway,Kråkerøy,Norway,product carbon footprint; EPD; LCA; social LCA,epd-norge,EPD Norge,https://www.epd-global.com/epd-er/lage-epder/uavhengige-verifikatorer/,Senior Researcher at Norsus (Norwegian sustainability research institute) | Specialist in environmental LCA and Social Life Cycle Assessment | Author of EPD reviews and LCA reports for EPD-Norge products | Norsus develops 15-20 EPDs annually,"Clara Valente is a carbon/GHG verification body, based in Kråkerøy, Norway. Appears in 1 official registry: epd-norge. Sectors: product carbon footprint, EPD, LCA, social LCA. Serves: Norway.",0.65,medium,
494,CTR (Carbon Technology Reference),firm,ctr.com.tr,,Turkey,Not specified,Turkey,energy; product carbon footprint/EPD,turkak,"TURKAK ISO/IEC 17029 (ISO 14064-1, ISO 14067, ISO 14046)",https://ctr.com.tr/EN/accreditations.html,TURKAK accredited (Turkish Accreditation Agency) | TS EN ISO/IEC 17029 accredited (Validation and Verification Bodies) | TS EN ISO/IEC 17021-1 accredited (Management Systems) | Accreditation numbers AB-0024-DK and AB-0097-YS,"CTR (Carbon Technology Reference) is a carbon/GHG verification body, based in Not specified, Turkey. Appears in 1 official registry: turkak. Sectors: energy, product carbon footprint/EPD. Serves: Turkey.",0.65,medium,
495,Dan Hintz,individual-practice,,,United States,Not specified,United States,forestry/AFOLU,city-forest,City Forest Credits,https://www.cityforestcredits.org/wp-content/uploads/2022/11/City-Forest-Credits-Approved-VVBs.pdf,"Third-party verifier approved for City Forest Credits | Master's degree in environmental horticulture | Restoration projects manager, Mountains to Sound Greenway Trust | Works on urban forest carbon credit verification","Dan Hintz is a individually approved verifier practice, based in Not specified, United States. Appears in 1 official registry: city-forest. Sectors: forestry/AFOLU. Serves: United States.",0.65,medium,
496,Dariya Hadzhiyska,individual-practice,,,Switzerland,,Switzerland; EU,product carbon footprint; EPD; LCA,ibu-epd,IBU EPD,https://ibu-epd.com/en/ibu/verifiers/,"Listed as independent EPD verifier on IBU (Institut Bauen und Umwelt e.V.) official registry | Conducts third-party carbon footprint critical reviews and verification | Experience with manufacturing, chemical, and food industries","Dariya Hadzhiyska is a individually approved verifier practice, based in Switzerland. Appears in 1 official registry: ibu-epd. Sectors: product carbon footprint, EPD, LCA. Serves: Switzerland, EU.",0.65,medium,
497,Dr. Frank Werner,individual-practice,,,Switzerland,St. Gallen,Switzerland; EU,product carbon footprint/EPD; LCA; building materials,ibu-epd,IBU EPD,https://ibu-epd.com/en/ibu/verifiers/,Founder/owner of Umwelt & Entwicklung (Environment & Development) | Conducts LCA studies and EPD verification | Works within IBU EPD program framework | Active verifier on construction product EPDs,"Dr. Frank Werner is a individually approved verifier practice, based in St. Gallen, Switzerland. Appears in 1 official registry: ibu-epd. Sectors: product carbon footprint/EPD, LCA, building materials. Serves: Switzerland, EU.",0.65,medium,
498,Dr. Qingfu Xiao,individual-practice,,,United States,Davis,United States,urban forestry carbon; tree planting verification; forest carbon sequestration; GIS and remote sensing,city-forest,City Forest Credits,https://www.cityforestcredits.org/wp-content/uploads/2022/11/City-Forest-Credits-Approved-VVBs.pdf,"Associate Project Scientist, UC Davis | Department of Land, Air and Water Resources | Third-party verifier for City Forest Credits | Extensive urban forest carbon research","Dr. Qingfu Xiao is a individually approved verifier practice, based in Davis, United States. Appears in 1 official registry: city-forest. Sectors: urban forestry carbon, tree planting verification, forest carbon sequestration, GIS and remote sensing. Serves: United States.",0.65,medium,
499,Dr. Stefan Diederichs,individual-practice,,,Germany,Not found,Germany; Europe,EPD verification; building products; wood and OSB products,ibu-epd,IBU EPD,https://ibu-epd.com/en/ibu/verifiers/,Ph.D. (implied by Dr. designation) | Independent verifier (D) for IBU EPD program | Verified multiple EPDs for construction products,"Dr. Stefan Diederichs is a individually approved verifier practice, based in Not found, Germany. Appears in 1 official registry: ibu-epd. Sectors: EPD verification, building products, wood and OSB products. Serves: Germany, Europe.",0.65,medium,
500,"Ecofor, LLC",firm,,,United States,,United States,forestry; AFOLU; tree preservation; avoided deforestation; REDD; agricultural land management,city-forest,City Forest Credits,https://www.cityforestcredits.org/wp-content/uploads/2022/11/City-Forest-Credits-Approved-VVBs.pdf,"Dr. Gordon Smith - lead verifier with decades of experience | VCS accredited expert in afforestation/deforestation, improved forest management, REDD, and agricultural land management | Member, Editorial Board - Carbon Management journal | Member, Greenhouse Gas Management Institute advisory committee","Ecofor, LLC is a carbon/GHG verification body, based in United States. Appears in 1 official registry: city-forest. Sectors: forestry, AFOLU, tree preservation, avoided deforestation, REDD, agricultural land management. Serves: United States.",0.65,medium,
501,Elena Antuña-Bernardo,individual-practice,,,Unknown,Unknown,Global,construction materials; product stewardship,epd-hub,EPD Hub,https://www.epdhub.com/verification-committee,"20+ years experience in EPD and product stewardship | Approved individual verifier for EPD Hub | Prior work at major companies (Saint-Gobain, KNAUF) | Life cycle assessment practitioner","Elena Antuña-Bernardo is a individually approved verifier practice, based in Unknown, Unknown. Appears in 1 official registry: epd-hub. Sectors: construction materials, product stewardship. Serves: Global.",0.65,medium,
502,Elisabet Amat,individual-practice,,,Unknown,Unknown,Global,construction products; LCA; eco-innovation,epd-hub,EPD Hub,https://www.epdhub.com/verification-committee,15+ years experience as LCA and eco-innovation consultant/researcher | Approved individual verifier VP-055 for EPD Hub | Verifier for EPD International and EPD Norge | Tool verification validity 27 March 2025–26 March 2028,"Elisabet Amat is a individually approved verifier practice, based in Unknown, Unknown. Appears in 1 official registry: epd-hub. Sectors: construction products, LCA, eco-innovation. Serves: Global.",0.65,medium,
503,Elma Avdyli,individual-practice,,,Unknown,Unknown,Global,construction products; EPD; LCA,epd-hub,EPD Hub,https://www.epdhub.com/verification-committee,"Master's degree in Polymers and Ecodesign | Verifier and experienced LCA and EPD engineer | Approved individual verifier for EPD Hub | Multiple verified EPDs for construction products (DELTABEAM composite beams, aluminum products)","Elma Avdyli is a individually approved verifier practice, based in Unknown, Unknown. Appears in 1 official registry: epd-hub. Sectors: construction products, EPD, LCA. Serves: Global.",0.65,medium,
504,Energie Consult Holland B.V.,firm,http://www.ech-groep.nl/,,Netherlands,,Netherlands,energy; industrial; manufacturing; EU ETS; F-gas quota,rva,EU ETS,https://www.rva.nl/en/organisaties/energie-consult-holland-b-v/,"Approximately 50 specialists on staff | Over 5,000 certifications issued | RvA (Dutch Accreditation Council) accreditation | Provides EU ETS emissions verification and F-gas quota verification","Energie Consult Holland B.V. is a carbon/GHG verification body, based in Netherlands. Appears in 1 official registry: rva. Sectors: energy, industrial, manufacturing, EU ETS, F-gas quota. Serves: Netherlands.",0.65,medium,
505,ENVIZERT Umweltgutachter und öffentlich bestellte und vereidigte Sachverständige GmbH,firm,,,Germany,Coesfeld,Germany,environmental management; energy management; quality management; occupational health; CBAM verification,dakks,DAkkS ISO 17029 Verification Body,https://www.dakks.de/en/accredited-bodies-search.html,"Listed as CBAM (Carbon Border Adjustment Mechanism) verifier in Germany | DAkkS accreditation (German accreditation body) | Member of ECO-Gruppe with SCORE and RUS entities | Accreditation for ISO 14001, ISO 50001, EMAS, EEG, VerpackG","ENVIZERT Umweltgutachter und öffentlich bestellte und vereidigte Sachverständige GmbH is a carbon/GHG verification body, based in Coesfeld, Germany. Appears in 1 official registry: dakks. Sectors: environmental management, energy management, quality management, occupational health, CBAM verification. Serves: Germany.",0.65,medium,
506,Erik Svanes,firm,,,Norway,,Norway,EPD; environmental product declaration; food research,epd-norge,EPD Norge,https://www.epd-global.com/epd-er/lage-epder/uavhengige-verifikatorer/,Senior Research Scientist at Norsus | Technical Committee member of EPD-Norge | Developed multiple Product Category Rules (PCRs) | Reviewer and verifier of Environmental Product Declarations,"Erik Svanes is a carbon/GHG verification body, based in Norway. Appears in 1 official registry: epd-norge. Sectors: EPD, environmental product declaration, food research. Serves: Norway.",0.65,medium,
507,Foodchain ID Certificadora LTDA,firm,,,Brazil,,Brazil,carbon verification; validated carbon standard; regenerative agriculture; food supply chain sustainability,verra-vvb,,https://verra.org/validation-verification/,"Verra Validation and Verification Body (VVB) | Part of FoodChain ID Group with 30,000+ clients globally | CNPJ registered in Brazil (02.765.856/0001-83)","Foodchain ID Certificadora LTDA is a carbon/GHG verification body, based in Brazil. Appears in 1 official registry: verra-vvb. Sectors: carbon verification, validated carbon standard, regenerative agriculture, food supply chain sustainability. Serves: Brazil.",0.65,medium,
508,Fundacion CI-ATABEY,firm,,,Dominican Republic,Santo Domingo,Dominican Republic,aviation; forestry/AFOLU,corsia,CORSIA,https://www.icao.int/sites/default/files/environmental-protection/CORSIA/Documents/CORSIA%20Central%20Registry/CCR-Info-Data-Transparency_PartI_13ed_web.pdf,ICAO CORSIA-accredited verification body (Certificate OVV-001) | NORDOM ISO 14065 accreditation for GHG verification | Only designated CORSIA verifier in Dominican Republic | Dominican Accreditation Body (ODAC) validation,"Fundacion CI-ATABEY is a carbon/GHG verification body, based in Santo Domingo, Dominican Republic. Appears in 1 official registry: corsia. Sectors: aviation, forestry/AFOLU. Serves: Dominican Republic.",0.65,medium,
509,Gaurav Das,individual-practice,,,United States,Herndon,United States; Europe; Middle East,EPD; LCA,smart-epd,SmartEPD,https://smartepd.com/resources/#independent_verifiers,"LCA EPD PCR Verifier at Smart EPD | Seasoned LCA practitioner with R&D and manufacturing background | Previous roles at NSF, MIT Professional Education, CINEA (European Climate, Infrastructure and Environment Executive Agency) | Expert in development of environment, sustainability and LCA standards","Gaurav Das is a individually approved verifier practice, based in Herndon, United States. Appears in 1 official registry: smart-epd. Sectors: EPD, LCA. Serves: United States, Europe, Middle East.",0.65,medium,
510,Gaylord K. Booto,firm,,,Norway,,Norway,EPD; building materials,epd-norge,EPD Norge,https://www.epd-global.com/epd-er/lage-epder/uavhengige-verifikatorer/,"Third-party verifier for EPD-Norge environmental product declarations | Works with Norwegian Institute for Air Research (NILU) | Appears as verified on numerous EPD documents for construction products (doors, windows, materials) | Background in environmental engineering with focus on energy production and air pollution","Gaylord K. Booto is a carbon/GHG verification body, based in Norway. Appears in 1 official registry: epd-norge. Sectors: EPD, building materials. Serves: Norway.",0.65,medium,
511,Guangzhou CEPREI Certification Body,firm,,,China,Guangzhou,China; Global,aviation/CORSIA; carbon offset schemes; GHG validation/verification,corsia,CORSIA,https://www.icao.int/sites/default/files/environmental-protection/CORSIA/Documents/CORSIA%20Central%20Registry/CCR-Info-Data-Transparency_PartI_13ed_web.pdf,40+ years in operation | CORSIA accredited (accreditation number CNAS C012-V) | Listed with Gold Standard | Subsidiary of Fifth Institute of Electronics under Ministry of Industry and Information Technology,"Guangzhou CEPREI Certification Body is a carbon/GHG verification body, based in Guangzhou, China. Appears in 1 official registry: corsia. Sectors: aviation/CORSIA, carbon offset schemes, GHG validation/verification. Serves: China, Global.",0.65,medium,
512,Guangzhou Ceprei Certification Centre,firm,,,China,Guangzhou,China,CCER; GHG validation/verification,ccer,China CCER,https://www.climatebridge.com/publication/146.html,CCER DOE (Designated Operational Entity) | NDRC approved verification and certification agency | Authorized to validate and verify China's certified emission reduction projects,"Guangzhou Ceprei Certification Centre is a carbon/GHG verification body, based in Guangzhou, China. Appears in 1 official registry: ccer. Sectors: CCER, GHG validation/verification. Serves: China.",0.65,medium,
513,IBOPE Instituto Brasileiro,firm,,1942,Brazil,,Brazil,CDM projects; GHG verification,cdm-doe,,https://cdm.unfccc.int/DOE/list/index.html,Designated Operational Entity (DOE) for CDM under UNFCCC | Founded 1942 (originally market research; transitioned to CDM verification),"IBOPE Instituto Brasileiro is a carbon/GHG verification body, based in Brazil, established in 1942. Appears in 1 official registry: cdm-doe. Sectors: CDM projects, GHG verification. Serves: Brazil.",0.65,medium,
514,IBOPE Instituto Brasileiro de Opinião Pública e Estatística Ltda.,firm,,1942,Brazil,,Brazil,CDM projects; GHG verification,cdm-all-does,UNFCCC CDM,https://cdm.unfccc.int/DOE/list/index.html,Designated Operational Entity (DOE) for CDM under UNFCCC | Founded 1942 (originally market research; expanded to CDM verification),"IBOPE Instituto Brasileiro de Opinião Pública e Estatística Ltda. is a carbon/GHG verification body, based in Brazil, established in 1942. Appears in 1 official registry: cdm-all-does. Sectors: CDM projects, GHG verification. Serves: Brazil.",0.65,medium,
515,IBU Verify GmbH,firm,,,Germany,Berlin,Germany; Europe,building products; construction; product carbon footprint; EPD,dakks,DAkkS ISO 17029 Verification Body,https://www.dakks.de/en/accredited-bodies-search.html,"Verifies EPDs per IBU EPD Programme | Verifies DoPCs (Declaration of Performance) per EN 15804, ISO 14025, ISO 17029 | Accredited verifier under DAKKS (German accreditation body) | Uses six-eyes principle for verification decisions","IBU Verify GmbH is a carbon/GHG verification body, based in Berlin, Germany. Appears in 1 official registry: dakks. Sectors: building products, construction, product carbon footprint, EPD. Serves: Germany, Europe.",0.65,medium,
516,ICIM S.p.A.,firm,icim.it,1988,Italy,Milan,Italy; Europe,management systems certification; product certification; ISCC PLUS sustainability certification; quality; environment; occupational health and safety,iscc,,https://www.iscc-system.org/certification/certification-bodies/,Founded 1988 | Accredited by ACCREDIA (Italian accreditation body) | Approximately 30 headquarters staff in Milan | 60+ qualified inspectors operating nationwide,"ICIM S.p.A. is a carbon/GHG verification body, based in Milan, Italy, established in 1988. Appears in 1 official registry: iscc. Sectors: management systems certification, product certification, ISCC PLUS sustainability certification, quality, environment, occupational health and safety. Serves: Italy, Europe. Note: carbon scope disputed by enrichment research.",0.65,medium,"Enrichment agent disputed carbon scope: Primarily a management systems and product certification body (Quality, Environment, Health & Safety); certifies ISCC PLUS for biofuels/biochemicals sustainability but is not a dedicated carbon/GHG/EPD verification provider"
517,ICS VERIFICATION SERVICES SINGLE MEMBER P.C.,firm,https://icsverification.eu/,,Greece,,Greece,maritime shipping emissions,esyd,EU ETS (2018/2067 Section 2 - Maritime MRV),https://esyd.gr/list-of-accredited-verification-bodies-of-greenhouse-gases-emissions/,"ISO 14065 accreditation by E.SY.D (Hellenic Accreditation System) | MRV (Monitoring, Reporting and Verification) services under EU Regulation 2015/757 | Approved verifier for EU maritime emissions monitoring plans and compliance documents","ICS VERIFICATION SERVICES SINGLE MEMBER P.C. is a carbon/GHG verification body, based in Greece. Appears in 1 official registry: esyd. Sectors: maritime shipping emissions. Serves: Greece.",0.65,medium,
518,Imane Uald lamkaddam,individual-practice,,,Unknown,,Global,Environmental Product Declarations (EPD); Life Cycle Assessment (LCA); product carbon footprint,epd-hub,EPD Hub,https://www.epdhub.com/verification-committee,EPD Hub verifier designation: VP-055 | LCA specialist and consultant with R&D sustainability project experience | Education: MSc in Chemistry and Eco-design; engineering background | Experience developing Product Category Rules (PCRs) for multiple product categories,"Imane Uald lamkaddam is a individually approved verifier practice, based in Unknown. Appears in 1 official registry: epd-hub. Sectors: Environmental Product Declarations (EPD), Life Cycle Assessment (LCA), product carbon footprint. Serves: Global.",0.65,medium,
519,Institut des Risques et de la Qualité (IRISQ),firm,,,Senegal,Dakar,West Africa; Senegal; International,aviation,corsia,CORSIA,https://www.icao.int/sites/default/files/environmental-protection/CORSIA/Documents/CORSIA%20Central%20Registry/CCR-Info-Data-Transparency_PartI_13ed_web.pdf,"CORSIA (Carbon Offsetting and Reduction Scheme for International Aviation) accredited verifier VV25003 | ISO/IEC 17029:2019 accredited for validation/verification of GHG emissions declarations | SOAC accreditation certificate CP24001 | Address: Sicap liberté 6, Dakar, Senegal; Phone: (+221) 33 867 73 65","Institut des Risques et de la Qualité (IRISQ) is a carbon/GHG verification body, based in Dakar, Senegal. Appears in 1 official registry: corsia. Sectors: aviation. Serves: West Africa, Senegal, International.",0.65,medium,
520,Ipek Göktas Kalkan,individual-practice,,,Finland,Helsinki,Finland; Turkey; International,product carbon footprint/EPD,epd-hub,EPD Hub,https://www.epdhub.com/verification-committee,EPD International System (Type III) pre-verified tool verifier | Verifies EPDs for Turkish manufacturers via EPD Turkey registry | Operates as Göktas Kalkan Ipek TMI (individual practice),"Ipek Göktas Kalkan is a individually approved verifier practice, based in Helsinki, Finland. Appears in 1 official registry: epd-hub. Sectors: product carbon footprint/EPD. Serves: Finland, Turkey, International.",0.65,medium,
521,"JACO CDM., LTD",firm,,,Japan,,Japan; International (CDM),greenhouse gas; CDM,cdm-all-does; cdm-doe,UNFCCC CDM,https://cdm.unfccc.int/DOE/list/index.html,Designated Operational Entity (DOE) by UNFCCC | Listed in CDM validator/verifier registry,"JACO CDM., LTD is a carbon/GHG verification body, based in Japan. Appears in 2 official registries: cdm-all-does, cdm-doe. Sectors: greenhouse gas, CDM. Serves: Japan, International (CDM).",0.65,medium,
522,Johanne Hammervold,firm,,,Norway,Trondheim,Norway; Nordic region,EPD verification; LCA for infrastructure,epd-norge,EPD Norge,https://www.epd-global.com/epd-er/lage-epder/uavhengige-verifikatorer/,"Listed in EPD-Norge approved verifiers directory | Ph.D. in LCA from NTNU (Norwegian University of Science and Technology), 2015 | Published research on environmental LCA of bridges and infrastructure | Consulted on Nord-LCA project examining LCA tools and methods","Johanne Hammervold is a carbon/GHG verification body, based in Trondheim, Norway. Appears in 1 official registry: epd-norge. Sectors: EPD verification, LCA for infrastructure. Serves: Norway, Nordic region.",0.65,medium,
523,Julie Lyslo Skullestad,individual-practice,,,Norway,,Norway,EPD verification,epd-norge,EPD Norge,https://www.epd-global.com/epd-er/lage-epder/uavhengige-verifikatorer/,Approved independent verifier by EPD Norge | Specialist advisor on climate impact and sustainability at Aase Teknikk AS | Verified multiple EPD projects documented in EPD-Global database | Expertise in ISO 14025 and EN 15804 standards,"Julie Lyslo Skullestad is a individually approved verifier practice, based in Norway. Appears in 1 official registry: epd-norge. Sectors: EPD verification. Serves: Norway.",0.65,medium,
524,Kim Allbury,individual-practice,,,United Kingdom,,United Kingdom,product carbon footprint; EPD,ibu-epd,IBU EPD,https://ibu-epd.com/en/ibu/verifiers/,"EPD verifier for BRE Environmental Profiles Scheme | LCA consultant with expertise in construction product sector | Verified multiple EPDs for companies including Sika, Holcim | Listed in ibu-epd registry","Kim Allbury is a individually approved verifier practice, based in United Kingdom. Appears in 1 official registry: ibu-epd. Sectors: product carbon footprint, EPD. Serves: United Kingdom.",0.65,medium,
525,Korea Energy Agency,firm,,1988,South Korea,,South Korea,energy efficiency; renewable energy; GHG monitoring,cdm-all-does; cdm-doe,UNFCCC CDM,https://cdm.unfccc.int/DOE/list/index.html,"Established 1988 under Alternative Energy Development Promotion Act | Ministry of Trade, Industry and Energy subordinate | Responsible for energy rationalization and GHG reduction policy","Korea Energy Agency is a carbon/GHG verification body, based in South Korea, established in 1988. Appears in 2 official registries: cdm-all-does, cdm-doe. Sectors: energy efficiency, renewable energy, GHG monitoring. Serves: South Korea. Note: carbon scope disputed by enrichment research.",0.65,medium,"Enrichment agent disputed carbon scope: GHG monitoring and energy policy agency, not third-party carbon project validator/verifier"
526,"KPMG Performance Registrar, Inc.",firm,https://home.kpmg/xx/en/home.html,,Canada,,Canada; North America,energy; GHG verification; sustainability assurance,tcr,The Climate Registry,https://theclimateregistry.org/wp-content/uploads/2025/08/TCR-Recognized-Verification-Bodies_Aug-2025.pdf,"ISO 17029 and ISO 14065 accreditation for GHG validation/verification | Wholly-owned subsidiary of KPMG LLP | Third-party assurance reports for sustainability information | Supports provincial, state, and federal carbon programs","KPMG Performance Registrar, Inc. is a carbon/GHG verification body, based in Canada. Appears in 1 official registry: tcr. Sectors: energy, GHG verification, sustainability assurance. Serves: Canada, North America.",0.65,medium,
527,KPMG Services Pte Ltd,firm,,,Singapore,Singapore,Singapore,energy; carbon tax verification,singapore-sac-nea,NEA Carbon Pricing Act external auditor,https://www.nea.gov.sg/docs/default-source/default-document-library/accredited-external-auditor-under-the-carbon-pricing-actb86d4b075bfe4aa986cad1d9c25f9cf3.pdf,Listed in Singapore SAC-NEA accreditation for carbon verification | Part of KPMG network providing carbon verification under Carbon Pricing Act | Supports Singapore's carbon pricing compliance,"KPMG Services Pte Ltd is a carbon/GHG verification body, based in Singapore, Singapore. Appears in 1 official registry: singapore-sac-nea. Sectors: energy, carbon tax verification. Serves: Singapore.",0.65,medium,
528,Kristine Bjordal,firm,,,Norway,,Norway,product carbon footprint; EPD,epd-norge,EPD Norge,https://www.epd-global.com/epd-er/lage-epder/uavhengige-verifikatorer/,Approved EPD verifier by EPD-Norge | Energy and environmental advisor at Asplan Viak (major Norwegian consulting firm) | Verified numerous EPDs for construction/industrial products,"Kristine Bjordal is a carbon/GHG verification body, based in Norway. Appears in 1 official registry: epd-norge. Sectors: product carbon footprint, EPD. Serves: Norway.",0.65,medium,
529,"Landau Associates, Inc.",firm,www.landauinc.com/our-work,1982,United States,"Seattle, Washington","USA (Pacific Northwest: Washington, Oregon, Idaho; Gulf Coast: Louisiana, Texas)",environmental remediation; water resources; air quality; permitting,carb-mrr,MRR Verification (H-26-003),https://ww2.arb.ca.gov/mrr-vb,40+ years in operation (1982–2024) | 100% employee-owned (ESOP) | 9 office locations across 5 US states | 70% of eligible employees hold direct shares,"Landau Associates, Inc. is a carbon/GHG verification body, based in Seattle, Washington, USA, established in 1982. Appears in 1 official registry: carb-mrr. Sectors: environmental remediation, water resources, air quality, permitting. Serves: USA (Pacific Northwest: Washington, Oregon, Idaho; Gulf Coast: Louisiana, Texas). Note: carbon scope disputed by enrichment research.",0.65,medium,"Enrichment agent disputed carbon scope: Environmental consulting firm; provides remediation, permitting, design, and water resources consulting—not carbon/GHG verification services"
530,Lim Noh-hyun,individual-practice,,,Unknown,Unknown,Unknown,product carbon footprint; EPD,epd-hub,EPD Hub,https://www.epdhub.com/verification-committee,"Approved Individual Verifier by EPD International | Works with Certiquality S.r.l. (Italy-based, Accredia-accredited certification body) | Appears in EPD verification documents as third-party verifier","Lim Noh-hyun is a individually approved verifier practice, based in Unknown, Unknown. Appears in 1 official registry: epd-hub. Sectors: product carbon footprint, EPD. Serves: Unknown.",0.65,medium,
531,Lucideon CICS Ireland Limited,firm,https://www.lucideon.com/assurance/verification/ireland,,Ireland,"Fermoy, Cork",Ireland,energy,rva,EU ETS,https://www.rva.nl/en/organisaties/lucideon-cics-ireland-limited/,"RvA (Dutch Accreditation Council) accredited | ISO 17029:2019 and ISO 14065:2020 for GHG emissions verification | EU ETS verification for annual emissions, split verification, ALDR, ETS2, site closure | Serves power generation, manufacturing, chemicals, food/beverage, ceramics, glass, construction, mining, transport","Lucideon CICS Ireland Limited is a carbon/GHG verification body, based in Fermoy, Cork, Ireland. Appears in 1 official registry: rva. Sectors: energy. Serves: Ireland.",0.65,medium,
532,Maciej Biedacha,firm,,,Norway,,Norway,product carbon footprint,epd-norge,EPD Norge,https://www.epd-global.com/epd-er/lage-epder/uavhengige-verifikatorer/,Approved Manager of EPD Norge for multiple environmental product declarations | Master of Science in Sustainable Manufacturing (NTNU) | Researcher at NORSUS since 2021 | Experience with LCA/EPD of wood-based and metal construction materials,"Maciej Biedacha is a carbon/GHG verification body, based in Norway. Appears in 1 official registry: epd-norge. Sectors: product carbon footprint. Serves: Norway.",0.65,medium,
533,Magaly Gonzalez Vazquez,individual-practice,,,Spain,Rivas-Vaciamadrid,Spain; Europe,product carbon footprint,epd-hub,EPD Hub,https://www.epdhub.com/verification-committee,EPD Hub authorized individual verifier | 6+ years LCA and EPD experience | 10 years data management and analysis experience | Environmental Risk Assessment credentials,"Magaly Gonzalez Vazquez is a individually approved verifier practice, based in Rivas-Vaciamadrid, Spain. Appears in 1 official registry: epd-hub. Sectors: product carbon footprint. Serves: Spain, Europe.",0.65,medium,
534,Manfred Russ,individual-practice,,,Germany,Stuttgart,Germany; Europe,construction products; manufacturing,ibu-epd,IBU EPD,https://ibu-epd.com/en/ibu/verifiers/,Listed as independent verifier at IBU (Institut Bauen und Umwelt e.V.) | Approved verifier at The International EPD System | Civil engineer with 20+ years LCA consulting experience | Specializes in EPD development and verification across industries,"Manfred Russ is a individually approved verifier practice, based in Stuttgart, Germany. Appears in 1 official registry: ibu-epd. Sectors: construction products, manufacturing. Serves: Germany, Europe.",0.65,medium,
535,Mantle Climate,firm,https://mantleclimate.com/,2015,Canada,Toronto,Canada,built environment; real estate,smart-epd,SmartEPD,https://smartepd.com/resources/#independent_verifiers,"Founded 2015 by Ryan Zizzo (MASc, PEng, LEED AP ND) | Focus on embodied carbon management and climate resilience consulting | Influenced Toronto Green Standard v4 (embodied carbon policy) | 20+ years project management experience founder","Mantle Climate is a carbon/GHG verification body, based in Toronto, Canada, established in 2015. Appears in 1 official registry: smart-epd. Sectors: built environment, real estate. Serves: Canada. Note: carbon scope disputed by enrichment research.",0.65,medium,"Enrichment agent disputed carbon scope: Advisory and strategy firm; provides sustainable design, climate risk planning, and climate disclosure services but does not offer third-party carbon/GHG/EPD verification, validation, or certification"
536,Mari Kirss,individual-practice,,,Estonia,Tallinn,Estonia; Nordic,construction products; building materials,smart-epd,SmartEPD,https://smartepd.com/resources/#independent_verifiers,EPD developer and verifier specializing in construction LCA | Verified multiple environmental product declarations per ISO 14025:2010 | Works through companies Metripuu OÜ and Rangi Maja OÜ | Listed in Rakennustieto EPD (Nordic) verifier networks,"Mari Kirss is a individually approved verifier practice, based in Tallinn, Estonia. Appears in 1 official registry: smart-epd. Sectors: construction products, building materials. Serves: Estonia, Nordic.",0.65,medium,
537,Marthe Ruttenborg,firm,,,Norway,Unknown,Norway,construction products; building materials,epd-norge,EPD Norge,https://www.epd-global.com/epd-er/lage-epder/uavhengige-verifikatorer/,LCA specialist at LCA.no with 3+ years employment | Described as key person for customer EPD development projects | Works on climate goal achievement through EPD generation | Partner organization involved in EPD-Norge ecosystem,"Marthe Ruttenborg is a carbon/GHG verification body, based in Unknown, Norway. Appears in 1 official registry: epd-norge. Sectors: construction products, building materials. Serves: Norway.",0.65,medium,
538,Massimo Arpini,individual-practice,massimo.arpini@bticino.it,,Italy,Unknown,Italy,product carbon footprint/EPD,pep-ecopassport,PEP ecopassport,https://register.pep-ecopassport.org/documents/public/AP-0006-EN,Listed in PEP ecopassport registry (electrical/electronics focus) | Email domain bticino.it suggests affiliation with Bticino (major Italian electrical equipment manufacturer),"Massimo Arpini is a individually approved verifier practice, based in Unknown, Italy. Appears in 1 official registry: pep-ecopassport. Sectors: product carbon footprint/EPD. Serves: Italy.",0.65,medium,
539,Michael M. Jenssen,firm,,,Norway,,Norway; Nordic region,product carbon footprint/EPD; construction materials; thermal insulation; pipes; cables; structural steel,epd-norge,EPD Norge,https://www.epd-global.com/epd-er/lage-epder/uavhengige-verifikatorer/,"Third-party verifier for EPD Norway program | Works at Asplan Viak AS (~800 employees, major Norwegian engineering firm) | Active verifications across multiple product categories | Verifications comply with ISO 14025 and EN 15804+A2","Michael M. Jenssen is a carbon/GHG verification body, based in Norway. Appears in 1 official registry: epd-norge. Sectors: product carbon footprint/EPD, construction materials, thermal insulation, pipes, cables, structural steel. Serves: Norway, Nordic region.",0.65,medium,
540,Michael Zhu Jiang,individual-practice,,,China,Beijing,China; Australia; New Zealand; Global,product carbon footprint/EPD; steel; photovoltaic modules; energy storage batteries; automotive manufacturing; chemical engineering; biofuels,epd-australasia,EPD Australasia,https://epd-australasia.com/2026/07/three-new-verifiers-approved/,Newly approved (July 2026) as individual verifier for EPD Australasia | Global Head of Environmental Audits & Inspection at DQS AP LTD | 20+ years cross-industry expertise in carbon and sustainability | CCAA-certified GHG professional,"Michael Zhu Jiang is a individually approved verifier practice, based in Beijing, China. Appears in 1 official registry: epd-australasia. Sectors: product carbon footprint/EPD, steel, photovoltaic modules, energy storage batteries, automotive manufacturing, chemical engineering. Serves: China, Australia, New Zealand, Global.",0.65,medium,
541,Mie Vold,firm,,,Norway,Oslo,Norway,Product carbon footprint/EPD,epd-norge,EPD Norge,https://www.epd-global.com/epd-er/lage-epder/uavhengige-verifikatorer/,"Independent verifier approved by EPD Norway (epd-norge registry confirms listing) | Verifies Environmental Product Declarations per ISO 14025:2010 | Serves as external independent verifier for multiple product categories including building materials, pipes, explosives, office furniture | Works with LCA.no AS as Chief Innovation Officer","Mie Vold is a carbon/GHG verification body, based in Oslo, Norway. Appears in 1 official registry: epd-norge. Sectors: Product carbon footprint/EPD. Serves: Norway.",0.65,medium,
542,Nemanja Nedic,individual-practice,,,Finland,Helsinki,Europe,product carbon footprint/EPD,epd-hub,EPD Hub,https://www.epdhub.com/verification-committee,EPD Hub Program Manager | MSc in Chemistry | Expertise in Life Cycle Assessment and Material Flow Analysis | Approved EPD verifier,"Nemanja Nedic is a individually approved verifier practice, based in Helsinki, Finland. Appears in 1 official registry: epd-hub. Sectors: product carbon footprint/EPD. Serves: Europe.",0.65,medium,
543,Nicole Kennard,individual-practice,,,United States,Atlanta,Global; Europe,product carbon footprint/EPD; agriculture; construction materials; electronics; automotive; food; cosmetics; textiles,smart-epd,SmartEPD,https://smartepd.com/resources/#independent_verifiers,"Verified 100+ EPDs independently | Compiled 50+ EPDs for European and global manufacturers | PhD from University of Sheffield (LCA focus) | Certified in ISO 14040, 14044, 21930, EN 15804","Nicole Kennard is a individually approved verifier practice, based in Atlanta, United States. Appears in 1 official registry: smart-epd. Sectors: product carbon footprint/EPD, agriculture, construction materials, electronics, automotive, food. Serves: Global, Europe.",0.65,medium,
544,NORMEC VERIFAVIA (Singapore) Pte Ltd,firm,,,Singapore,Singapore,Fiji; Mexico; Asia-Pacific,aviation; CORSIA,corsia,CORSIA,https://www.icao.int/sites/default/files/environmental-protection/CORSIA/Documents/CORSIA%20Central%20Registry/CCR-Info-Data-Transparency_PartI_13ed_web.pdf,Part of Normec Verifavia group structure | CORSIA-registered verifier | Inherits accreditations from parent Normec Verifavia (ISO/IEC 17029:2019),"NORMEC VERIFAVIA (Singapore) Pte Ltd is a carbon/GHG verification body, based in Singapore, Singapore. Appears in 1 official registry: corsia. Sectors: aviation, CORSIA. Serves: Fiji, Mexico, Asia-Pacific.",0.65,medium,
545,Normec Zertifizierung,firm,normeczertifizierung.com,2010,Germany,Ahaus,Germany,biomass; renewable energy; sustainability certification,redcert,REDcert,https://www.redcert.org/en-us/certification/approved-certification-bodies/,"Founded 2010 as uppenkamp und partner, rebranded to Normec Zertifizierung in 2022 | Accredited for German Renewable Energy Sources Act (EEG) compliance | Certifies environmental and energy management systems | Branch offices in Berlin and Leichlingen (Rhineland)","Normec Zertifizierung is a carbon/GHG verification body, based in Ahaus, Germany, established in 2010. Appears in 1 official registry: redcert. Sectors: biomass, renewable energy, sustainability certification. Serves: Germany. Note: carbon scope disputed by enrichment research.",0.65,medium,Enrichment agent disputed carbon scope: Renewable energy and biomass sustainability certification body; not carbon/GHG verification provider
546,Normec Zertifizierung Umweltgutachter GmbH,firm,www.normeczertifizierung.com,2010,Germany,Ahaus,Germany,renewable energy; biomass; environmental auditing,sure-eu,SURE-EU,https://sure-system.org/fileadmin/user_upload/SURE/Dokumente/Zertstellen/20260626_Addresses_of_all_Certification_Bodies.pdf,"Founded 2010 as uppenkamp und partner Umweltgutachter und Zertifizierungsgesellschaft mbH | Renamed November 1, 2022 to Normec Zertifizierung Umweltgutachter GmbH | Accredited under SURE-EU (Sustainability and Verification Europe) framework | HRB 12835 (German business register)","Normec Zertifizierung Umweltgutachter GmbH is a carbon/GHG verification body, based in Ahaus, Germany, established in 2010. Appears in 1 official registry: sure-eu. Sectors: renewable energy, biomass, environmental auditing. Serves: Germany. Note: carbon scope disputed by enrichment research.",0.65,medium,Enrichment agent disputed carbon scope: Environmental auditor for renewable energy and biomass; not carbon/GHG verification provider
547,Oddbjørn Dahlstrøm,firm,,,Norway,,Norway,EPD; environmental product declarations,epd-norge,EPD Norge,https://www.epd-global.com/epd-er/lage-epder/uavhengige-verifikatorer/,Approved individual verifier for EPD-Norge | Involved in LCA (Life Cycle Assessment) work | Listed in EPD-Norge registry,"Oddbjørn Dahlstrøm is a carbon/GHG verification body, based in Norway. Appears in 1 official registry: epd-norge. Sectors: EPD, environmental product declarations. Serves: Norway.",0.65,medium,
548,Ole Magnus Kålås Iversen,firm,,,Norway,,Norway,EPD; LCA; greenhouse gas accounting,epd-norge,EPD Norge,https://www.epd-global.com/epd-er/lage-epder/uavhengige-verifikatorer/,Co-founder of LCA.no | CTO at LCA.no | Master's degree in Industrial Ecology from NTNU | Published research on LCA for road infrastructure,"Ole Magnus Kålås Iversen is a carbon/GHG verification body, based in Norway. Appears in 1 official registry: epd-norge. Sectors: EPD, LCA, greenhouse gas accounting. Serves: Norway.",0.65,medium,
549,Organic Standard Ltd.,firm,organicstandard.ua,2007,Ukraine,,Ukraine; Europe,agriculture,iscc,,https://www.iscc-system.org/certification/certification-bodies/,ISCC-certified inspection and certification body | First local inspection and certification body for organic production in Ukraine | Member of IFOAM (International Federation of Organic Agriculture Movements),"Organic Standard Ltd. is a carbon/GHG verification body, based in Ukraine, established in 2007. Appears in 1 official registry: iscc. Sectors: agriculture. Serves: Ukraine, Europe. Note: carbon scope disputed by enrichment research.",0.65,medium,"Enrichment agent disputed carbon scope: Certification body for organic production and ISCC standards; GHG emissions verification is embedded in sustainable biomass production certification (ISCC), not a third-party carbon/GHG verification provider for the voluntary carbon market or compliance reporting."
550,Pat Hermon,individual-practice,,,United Kingdom,,United Kingdom; Europe,product carbon footprint/EPD,epd-hub,EPD Hub,https://www.epdhub.com/verification-committee,Accredited EPD verifier for multiple programmes | Former Technical Lead for BRE EPD scheme | Hundreds of Environmental Product Declarations verified | Director at LCD Consulting,"Pat Hermon is a individually approved verifier practice, based in UK. Appears in 1 official registry: epd-hub. Sectors: product carbon footprint/EPD. Serves: UK, Europe.",0.65,medium,
551,Paul-Antoine Bontinck,individual-practice,,,Australia,Melbourne,Australasia,product carbon footprint/EPD; LCA across multiple industries,epd-australasia,EPD Australasia,https://epd-australasia.com/2026/07/three-new-verifiers-approved/,"Approved EPD verifier (registered with EPD Australasia) | CCAA-certified GHG professional | Lead auditor for ISO 14040/44, ISO 14067, ISCC EU/PLUS, ISO 50001 | 15 years of applied LCA experience","Paul-Antoine Bontinck is a individually approved verifier practice, based in Melbourne, Australia. Appears in 1 official registry: epd-australasia. Sectors: product carbon footprint/EPD, LCA across multiple industries. Serves: Australasia.",0.65,medium,
552,"Perry Johnson Registrar Clean Development Mechanism, Inc.",firm,https://www.pjr.com/,1994,United States,Troy,Japan; Asia; United States,"ISO certification (quality, environmental management systems)",jcredit,J-Credit,https://reccessary.com/en/reccpedia/carbon-trading/the-j-credit-scheme-in-japan,Parent company Perry Johnson Registrars founded 1994 | 258+ employees across 5 continents | ISO 9001 and ISO 14001 certifications,"Perry Johnson Registrar Clean Development Mechanism, Inc. is a carbon/GHG verification body, based in Troy, United States, established in 1994. Appears in 1 official registry: jcredit. Sectors: ISO certification (quality, environmental management systems). Serves: Japan, Asia, United States. Note: carbon scope disputed by enrichment research.",0.65,medium,"Enrichment agent disputed carbon scope: Organization explicitly states 'no intent to be involved in the development or financing of any business activities for the reduction of greenhouse gas emission including CDM projects'; serves as contact office only, not a carbon verification entity"
553,Petersberger Zertifizierungsgesellschaft mbH,firm,petersberger.com,,Germany,,Germany; European Union,biogas; renewable energy; sustainable biomass,redcert; sure-eu,REDcert; SURE-EU,https://sure-system.org/fileadmin/user_upload/SURE/Dokumente/Zertstellen/20260626_Addresses_of_all_Certification_Bodies.pdf | https://www.redcert.org/en-us/certification/approved-certification-bodies/,BLE (Bundesanstalt für Landwirtschaft und Ernährung) authorized | Authorized for REDcert and SURE certification systems | Member of DVK e.V. (German biogas association),"Petersberger Zertifizierungsgesellschaft mbH is a carbon/GHG verification body, based in Germany. Appears in 2 official registries: redcert, sure-eu. Sectors: biogas, renewable energy, sustainable biomass. Serves: Germany, European Union. Note: carbon scope disputed by enrichment research.",0.65,medium,"Enrichment agent disputed carbon scope: Specializes in sustainable biomass and biogas certification under REDcert and SURE systems (renewable energy directive compliance), not carbon/GHG/EPD verification"
554,Prof. Dr. Birgit Grahl,individual-practice,,,Germany,,Germany; Europe,EPD/product carbon footprint; building products,ibu-epd,IBU EPD,https://ibu-epd.com/en/ibu/verifiers/,Listed on IBU (Institut Bauen und Umwelt) official verifier registry | Appears as verifier on numerous EPDs | Verifies ISO 14025 and EN 15804+A2 compliance | Specializes in construction product EPDs,"Prof. Dr. Birgit Grahl is a individually approved verifier practice, based in Germany. Appears in 1 official registry: ibu-epd. Sectors: EPD/product carbon footprint, building products. Serves: Germany, Europe.",0.65,medium,
555,PTT Innovation Institute,firm,,,Thailand,Phra Nakhon Si Ayutthaya,Thailand,GHG validation/verification; carbon solutions; environmental innovation,tgo-tver,T-VER,https://ghgreduction.tgo.or.th/en/external-validation-verification-body/list-of-registered-vvb.html,Registered as Validation/Verification Body in Thailand's GHG reduction registry (TGO-TVER) | Operates Environmental Innovation and Carbon Solutions Department | Provides GHG Analytics for CarbonNote platform,"PTT Innovation Institute is a carbon/GHG verification body, based in Phra Nakhon Si Ayutthaya, Thailand. Appears in 1 official registry: tgo-tver. Sectors: GHG validation/verification, carbon solutions, environmental innovation. Serves: Thailand.",0.65,medium,
556,PÜZ Bau GmbH,firm,,,Germany,Munich,Germany; Europe,product carbon footprint/EPD; construction materials certification,dakks,DAkkS ISO 17029 Verification Body,https://www.dakks.de/en/accredited-bodies-search.html,Notified body for construction product certification | Accredited under DIN EN ISO/IEC 17065:2013 and DIN EN ISO/IEC 17029:2020 | Listed as CBAM verifier in Germany | Provides Environmental Product Declaration (EPD) verification for construction products,"PÜZ Bau GmbH is a carbon/GHG verification body, based in Munich, Germany. Appears in 1 official registry: dakks. Sectors: product carbon footprint/EPD, construction materials certification. Serves: Germany, Europe.",0.65,medium,
557,QA Solutions Sp. z o.o.,firm,https://qasolutions.pl/en,2012,Poland,Kraków,Poland,agri-food; packaging; organic certification,sure-eu,SURE-EU,https://sure-system.org/fileadmin/user_upload/SURE/Dokumente/Zertstellen/20260626_Addresses_of_all_Certification_Bodies.pdf,"Operating 14+ years (since 2012) | Granted 35,000+ certificates | Certified in 25+ standards | Specializes in agricultural production, food processing, and packaging management systems","QA Solutions Sp. z o.o. is a carbon/GHG verification body, based in Kraków, Poland, established in 2012. Appears in 1 official registry: sure-eu. Sectors: agri-food, packaging, organic certification. Serves: Poland. Note: carbon scope disputed by enrichment research.",0.65,medium,"Enrichment agent disputed carbon scope: Agri-food and packaging certification provider - certifies agricultural production, food processing, and packaging standards, not carbon/GHG verification services"
558,QSI BELGELENDIRME MUAYENE ve TEST HIZMETLERI LIMITED SIRKETI,firm,,,Turkey,Ankara,Turkey; International (CORSIA aviation),aviation emissions verification; CORSIA compliance,corsia,CORSIA,https://www.icao.int/sites/default/files/environmental-protection/CORSIA/Documents/CORSIA%20Central%20Registry/CCR-Info-Data-Transparency_PartI_13ed_web.pdf,"Accredited by TURKAK (Turkish Accreditation Agency) as Verification and Validation Body (VVB) | Accredited under ISO/IEC 17029:2019, ISO 14065:2020, ISO 14064-3:2019 | ICAO CORSIA Central Registry accreditation (certificate AB-0001-DK) | Largest verification body in Turkey/EU by Verified Annual Emission Amount","QSI BELGELENDIRME MUAYENE ve TEST HIZMETLERI LIMITED SIRKETI is a carbon/GHG verification body, based in Ankara, Türkiye. Appears in 1 official registry: corsia. Sectors: aviation emissions verification, CORSIA compliance. Serves: Türkiye, International (CORSIA aviation).",0.65,medium,
559,Ranjani Theregowda,individual-practice,,,United States,,Global (via Smart EPD),Product carbon footprint; EPD verification; Life Cycle Assessment,smart-epd,SmartEPD,https://smartepd.com/resources/#independent_verifiers,PhD-level professional in LCA/product carbon | EPD Program Manager at Smart EPD (appointed 2023) | Previously at Green Story and Modern Meadow (LCA roles) | Published peer-reviewed LCA research,"Ranjani Theregowda is a individually approved verifier practice, based in United States. Appears in 1 official registry: smart-epd. Sectors: Product carbon footprint, EPD verification, Life Cycle Assessment. Serves: Global (via Smart EPD).",0.65,medium,
560,Rifat Karim,individual-practice,,,United States,North America,North America,product carbon footprint; EPD,smart-epd,SmartEPD,https://smartepd.com/resources/#independent_verifiers,Independent external verifier registered with Smart EPD | 8+ years professional experience in EPD and LCA | Active member of American Center for Life Cycle Assessment (ACLCA) | Committee member in ACLCA working groups,"Rifat Karim is a individually approved verifier practice, based in North America, United States. Appears in 1 official registry: smart-epd. Sectors: product carbon footprint, EPD. Serves: North America.",0.65,medium,
561,RSM Risk Advisory Pte Ltd,firm,,,Singapore,Singapore,Singapore,GHG emissions verification; ESG assurance; sustainability reporting,singapore-sac-nea,NEA Carbon Pricing Act external auditor,https://www.nea.gov.sg/docs/default-source/default-document-library/accredited-external-auditor-under-the-carbon-pricing-actb86d4b075bfe4aa986cad1d9c25f9cf3.pdf,"Accredited by Singapore National Environment Agency (NEA) under mandatory GHG verification framework | Provides limited assurance of Scope 1 and 2 GHG emissions per ISSA 5000, SSAE 3410, ISO 14064 | Authorized verifier for Singapore listed issuers (mandatory by FY2029) | Accredited for verification of enterprises with GHG emissions exceeding 25,000 tonnes/year","RSM Risk Advisory Pte Ltd is a carbon/GHG verification body, based in Singapore, Singapore. Appears in 1 official registry: singapore-sac-nea. Sectors: GHG emissions verification, ESG assurance, sustainability reporting. Serves: Singapore.",0.65,medium,
562,Safecarbon Intermediação de Crédito de Carbono Ltda.,firm,https://www.safecarbon.com.br/,,Brazil,,Brazil,forestry/AFOLU; agriculture; energy,un-pacm,Article 6.4 (PACM),https://unfccc.int/process-and-meetings/the-paris-agreement/paris-agreement-crediting-mechanism/a64-accreditation/safecarbon-intermediacao-de-credito-de-carbono-ltda,"Accredited by UN-UNFCCC for Validation and Verification of carbon projects | Specializes in forestry (restoration, conservation, reforestation, sustainable management) | Covers agriculture (emissions reduction, soil regeneration, productive efficiency) | Covers clean energy projects and energy efficiency","Safecarbon Intermediação de Crédito de Carbono Ltda. is a carbon/GHG verification body, based in Brazil. Appears in 1 official registry: un-pacm. Sectors: forestry/AFOLU, agriculture, energy. Serves: Brazil.",0.65,medium,
563,Sascha Iqbal,individual-practice,,,Switzerland,,Switzerland; Europe,product carbon footprint/EPD,ibu-epd,IBU EPD,https://ibu-epd.com/en/ibu/verifiers/,Listed as independent verifier by IBU (Institut Bauen und Umwelt e.V.) | Credentials: Dipl. Natw. ETH (Swiss university degree in natural sciences) | IBU verifiers undergo supervised work phase and ongoing training | Independence certified by IBU programme,"Sascha Iqbal is a individually approved verifier practice, based in Switzerland. Appears in 1 official registry: ibu-epd. Sectors: product carbon footprint/EPD. Serves: Switzerland, Europe.",0.65,medium,
564,Selamawit Mamo Fufa,firm,,,Norway,Oslo,Norway,Product carbon footprint/EPD verification; Life cycle assessment,epd-norge,EPD Norge,https://www.epd-global.com/epd-er/lage-epder/uavhengige-verifikatorer/,"Senior Research Scientist at SINTEF Community | PhD in Building and Material Technics | Specialist in zero emission buildings, emission-free construction, waste-free construction, reuse and adaptive reuse of construction products | Listed as verifier on multiple Environmental Product Declarations in EPD-Norge registry","Selamawit Mamo Fufa is a carbon/GHG verification body, based in Oslo, Norway. Appears in 1 official registry: epd-norge. Sectors: Product carbon footprint/EPD verification, Life cycle assessment. Serves: Norway.",0.65,medium,
565,SGS FRANCE,firm,,,France,Arcueil,France,Energy; Manufacturing; Waste; Product carbon footprint/EPD; Carbon capture utilization and storage (CCUS); Compliance carbon markets,cofrac,Cofrac / EU ETS,https://tools.cofrac.fr/en/easysearch/resultats_advanced.php?list-10290708,COFRAC accredited (French national accreditation body) | ISO 14064 verification services | Carbon assessment and verification services | Part of SGS global network,"SGS FRANCE is a carbon/GHG verification body, based in Arcueil, France. Appears in 1 official registry: cofrac. Sectors: Energy, Manufacturing, Waste, Product carbon footprint/EPD, Carbon capture utilization and storage (CCUS), Compliance carbon markets. Serves: France.",0.65,medium,
566,Shelly Severinghaus,individual-practice,,,United States,,United States; North America,product carbon footprint,smart-epd,SmartEPD,https://smartepd.com/resources/#independent_verifiers,"Certified LCA Professional through American Center for Life Cycle Assessment | 15+ years experience in life cycle assessment and environmental evaluation | Works with diverse product categories: building materials, electronics, packaging, consumer goods | Approved individual verifier for SmartEPD (launched 2023)","Shelly Severinghaus is a individually approved verifier practice, based in United States. Appears in 1 official registry: smart-epd. Sectors: product carbon footprint. Serves: United States, North America.",0.65,medium,
567,Silje Wærp,firm,,,Norway,,Norway; Europe,product carbon footprint,epd-norge,EPD Norge,https://www.epd-global.com/epd-er/lage-epder/uavhengige-verifikatorer/,Senior Environmental Advisor (Miljørådgiver) at Asplan Viak | Approved individual verifier for EPD Norway | Civil engineer with specialization in environmental and resource technology | Expertise in circular economy and climate gas calculations,"Silje Wærp is a carbon/GHG verification body, based in Norway. Appears in 1 official registry: epd-norge. Sectors: product carbon footprint. Serves: Norway, Europe.",0.65,medium,
568,Silvia Vilčeková,individual-practice,,,Slovakia,,Slovakia; International (via EPD Hub),product carbon footprint; EPD,epd-hub,EPD Hub,https://www.epdhub.com/verification-committee,EPD Hub accredited verifier (credential VP-055) | Associated with Silcert s.r.o. | PhD-level expertise | Multiple EPD verifications across product categories,"Silvia Vilčeková is a individually approved verifier practice, based in Slovakia. Appears in 1 official registry: epd-hub. Sectors: product carbon footprint, EPD. Serves: Slovakia, International (via EPD Hub).",0.65,medium,
569,Soil Association,firm,https://www.soilassociation.org,1946,United Kingdom,Bristol,United Kingdom,Organic certification; Sustainable standards; Forestry; Agriculture; Food; Textiles; Beauty,plan-vivo,,https://www.planvivo.org/listing/category/approved-vvbs,Founded 1946 as British registered charity | Pioneer of organic movement | Developed world's first organic standards | Listed in Plan Vivo registry,"Soil Association is a carbon/GHG verification body, based in Bristol, United Kingdom, established in 1946. Appears in 1 official registry: plan-vivo. Sectors: Organic certification, Sustainable standards, Forestry, Agriculture, Food, Textiles. Serves: United Kingdom. Note: carbon scope disputed by enrichment research.",0.65,medium,"Enrichment agent disputed carbon scope: NGO and organic certification organization, not a third-party carbon/GHG/EPD verification provider"
570,SOLEIL SOLUTIONS AFRICA LIMITED,firm,,,Kenya,,Kenya; East Africa; Africa,Aviation - CORSIA emissions; GHG management,corsia,CORSIA,https://www.icao.int/sites/default/files/environmental-protection/CORSIA/Documents/CORSIA%20Central%20Registry/CCR-Info-Data-Transparency_PartI_13ed_web.pdf,First and only African CORSIA verification body listed on ICAO Central Registry (2023) | Kenya Accreditation Services (KENAS) accredited | Positioned at forefront of emissions verification on African continent | Regional operations across East Africa and broader continent,"SOLEIL SOLUTIONS AFRICA LIMITED is a carbon/GHG verification body, based in Kenya. Appears in 1 official registry: corsia. Sectors: Aviation - CORSIA emissions, GHG management. Serves: Kenya, East Africa, Africa.",0.65,medium,
571,South Pole (Johannesburg),firm,https://www.southpole.com/,2006,Switzerland,Zurich,Global,Carbon finance; Climate consulting; Project development; Net zero strategy; Disclosure and reporting,sanas,ISO 14065,https://embeddedcarbonrecord.com/verification-directory/south-africa/,Founded 2006 by ETH Zurich graduates | Over 500 experts globally | Operating in 20+ countries | Developed 1000+ climate projects in 50+ countries,"South Pole (Johannesburg) is a carbon/GHG verification body, based in Zurich, Switzerland, established in 2006. Appears in 1 official registry: sanas. Sectors: Carbon finance, Climate consulting, Project development, Net zero strategy, Disclosure and reporting. Serves: Global. Note: carbon scope disputed by enrichment research.",0.65,medium,"Enrichment agent disputed carbon scope: Carbon finance and climate project development consulting firm; provides advisory, project development, and carbon credit brokerage services, not independent third-party GHG/EPD verification body"
572,Sphera,firm,https://sphera.com/,2016,,,Global,Environmental Product Declaration (EPD) consulting; Life Cycle Assessment (LCA); Product sustainability consulting; Chemicals; Manufacturing; Consumer services; Industrials; Oil & Gas,smart-epd,SmartEPD,https://smartepd.com/resources/#independent_verifiers,"Founded 2016 (carved out from IHS Markit by Genstar Capital) | Over 30 years in EHS&S operations (through predecessor) | 8,400+ customers globally | Acquired by Blackstone in 2021 for $1.4 billion","Sphera is a carbon/GHG verification body, established in 2016. Appears in 1 official registry: smart-epd. Sectors: Environmental Product Declaration (EPD) consulting, Life Cycle Assessment (LCA), Product sustainability consulting, Chemicals, Manufacturing, Consumer services. Serves: Global. Note: carbon scope disputed by enrichment research.",0.65,medium,Enrichment agent disputed carbon scope: EPD and LCA consulting firm with software solutions; facilitates and supports third-party EPD verification but does not independently conduct third-party carbon/GHG/EPD verification
573,"SUSTENTABLE-MENTE, A.C.",firm,,,Mexico,Mexico City,Mexico,GHG emissions verification; sustainability reporting; tourism certification,mx-semarnat,Mexico RENE,https://www.gob.mx/profepa/acciones-y-programas/organismos-de-tercera-parte,Accredited by Mexican Accreditation Entity (EMA) as Greenhouse Gas Emissions Verifier | Accredited by EMA as Assessor for National Tourism Certification System (SNCT) | Accredited by Global Reporting Initiative (GRI) for sustainability reporting | Provides carbon footprint calculation and sustainability consulting,"SUSTENTABLE-MENTE, A.C. is a carbon/GHG verification body, based in Mexico City, Mexico. Appears in 1 official registry: mx-semarnat. Sectors: GHG emissions verification, sustainability reporting, tourism certification. Serves: Mexico.",0.65,medium,
574,Tetra Tech QI Inc.,firm,,,Canada,,Canada,energy; waste; forestry/AFOLU; manufacturing; transport,scc,SCC Greenhouse Gas (ISO 14065),https://scc-ccn.ca/search/accredited-organizations?f%5B0%5D=program%3A481,"Accredited by Standards Council of Canada for GHG verification and validation under ISO 14064-3 | Accreditation valid 2023-2027 | Verified on SCC registry | Offices in Ottawa, ON and Boucherville, Quebec","Tetra Tech QI Inc. is a carbon/GHG verification body, based in Canada. Appears in 1 official registry: scc. Sectors: energy, waste, forestry/AFOLU, manufacturing, transport. Serves: Canada.",0.65,medium,
575,Therese Daxner,individual-practice,,,Austria,,Austria,product carbon footprint/EPD,ibu-epd,IBU EPD,https://ibu-epd.com/en/ibu/verifiers/,EPD verifier approved by IBU (Institut Bauen und Umwelt e.V.) | Master's degree in Ecological Engineering from BOKU University | LCA expert registered with IBU | External lecturer in LCA at University of Applied Sciences Wiener Neustadt and Salzburg University of Applied Sciences,"Therese Daxner is a individually approved verifier practice, based in Austria. Appears in 1 official registry: ibu-epd. Sectors: product carbon footprint/EPD. Serves: Austria.",0.65,medium,
576,Thomas P. Gloria,individual-practice,,,United States,,United States; International,product carbon footprint/EPD,astm-epd,ASTM EPD,https://www.astm.org/standards-and-solutions/certification/environmental-product-declarations,"30+ years professional experience in LCA and sustainability consulting | Performed 1,500+ LCA reviews supporting 100,000+ EPD publications | ACLCA LCA Certified Professional (certified 2008) | 2016 ACLCA Lifetime Individual LCA Leadership Award","Thomas P. Gloria is a individually approved verifier practice, based in United States. Appears in 1 official registry: astm-epd. Sectors: product carbon footprint/EPD. Serves: United States, International.",0.65,medium,
577,TMGD Tehlikeli Maddeler Güvenlik Denetim A.Ş.,firm,,,Turkey,Unknown,Turkey,GHG emissions verification; carbon footprint; water footprint,dakks,DAkkS ISO 17029 Verification Body,https://www.dakks.de/en/accredited-bodies-search.html,"DAKKS (Deutsche Akkreditierungsstelle) certified to ISO 17029:2020 | DAKKS certified to ISO 14065 standards | Capacity to measure, monitor and report GHG emissions and reductions | Provides verification under ISO 14064-1 Corporate Carbon Footprint Standard","TMGD Tehlikeli Maddeler Güvenlik Denetim A.Ş. is a carbon/GHG verification body, based in Unknown, Turkey. Appears in 1 official registry: dakks. Sectors: GHG emissions verification, carbon footprint, water footprint. Serves: Turkey.",0.65,medium,
578,Todd Douglass,individual-practice,,,United States,Unknown,United States,forestry; carbon offsets; tree preservation,city-forest,City Forest Credits,https://www.cityforestcredits.org/wp-content/uploads/2022/11/City-Forest-Credits-Approved-VVBs.pdf,"Approved Validation/Verification Body (VVB) for City Forest Credits | Master's degree in forest management from University of Maine | Experience in traditional and urban forestry from New England to mid-Atlantic and Southeast | Expertise in forest stewardship planning, urban forestry projects","Todd Douglass is a individually approved verifier practice, based in Unknown, United States. Appears in 1 official registry: city-forest. Sectors: forestry, carbon offsets, tree preservation. Serves: United States.",0.65,medium,
579,TPR Enterprises LLC DBA EcoEngineers,firm,,,United States,Des Moines,United States,energy; carbon offset projects; energy transition,verra-vvb,,https://verra.org/validation-verification/,Verra VVB ID 088 - Validation and Verification Body | ANSI ANAB-accredited Validation and Verification Body | ISO 14065 scope VCS accreditation with ANAB (various sectoral scopes) | Specializes in risk identification and GHG reporting robustness assessment,"TPR Enterprises LLC DBA EcoEngineers is a carbon/GHG verification body, based in Des Moines, United States. Appears in 1 official registry: verra-vvb. Sectors: energy, carbon offset projects, energy transition. Serves: United States.",0.65,medium,
580,TUV NORD Thailand Ltd.,firm,,,Thailand,Not found,Thailand,energy; forestry/AFOLU; waste; transport; agriculture,tgo-tver,T-VER,https://ghgreduction.tgo.or.th/en/external-validation-verification-body/list-of-registered-vvb.html,TIS 14065-2560 (ISO 14065:2013) certified validation and verification unit | Registered T-VER (Thailand Voluntary Emission Reduction) validator/verifier | CFO (Carbon Footprint of Organization) verification provider | CDM project validation and verification,"TUV NORD Thailand Ltd. is a carbon/GHG verification body, based in Not found, Thailand. Appears in 1 official registry: tgo-tver. Sectors: energy, forestry/AFOLU, waste, transport, agriculture. Serves: Thailand.",0.65,medium,
581,"TZÚS Praha, s.p",firm,https://www.tzus.eu,1953,Czechia,Prague,Czechia; Europe,construction products; EPD/LCA,epd-intl,,https://www.environdec.com/resources/verifiers/certification-bodies,Listed in EPD-Intl (International Environmental Product Declaration) registry | Largest testing and certification organization in Czech Republic | 73 years operating (established 1953) | Multiple branch offices across Czech Republic,"TZÚS Praha, s.p is a carbon/GHG verification body, based in Prague, Czech Republic, established in 1953. Appears in 1 official registry: epd-intl. Sectors: construction products, EPD/LCA. Serves: Czech Republic, Europe. Note: carbon scope disputed by enrichment research.",0.65,medium,"Enrichment agent disputed carbon scope: Environmental Product Declaration (EPD) verifier focused on construction product lifecycle assessment, not a third-party carbon/GHG emissions verification or climate project verifier"
582,TÜV AUSTRIA Services GmbH,firm,https://en.tuv.at/eu-ets-emissions-verification/,,Austria,,Europe,Energy; Industrial; Aviation; Maritime,aa-at,EU ETS Verification (Regulation 2018/2067),https://union-registry-data.ec.europa.eu/,Authorized under EU ETS Regulation (EU) 2018/2067 | ISO/IEC 17029 and EN ISO 14065 accreditation for GHG verification | Verification services for EU ETS installations with Annex I activities | Staff competency management and GHG verification training programs,"TÜV AUSTRIA Services GmbH is a carbon/GHG verification body, based in Austria. Appears in 1 official registry: aa-at. Sectors: Energy, Industrial, Aviation, Maritime. Serves: Europe.",0.65,medium,
583,"TÜV RHEINLAND DE MÉXICO, S.A. DE C.V.",firm,,,Mexico,Not found,Mexico,energy; GHG verification; manufacturing; transport,mx-semarnat,Mexico RENE,https://www.gob.mx/profepa/acciones-y-programas/organismos-de-tercera-parte,SEMARNAT accreditation for Mexico's National Emissions Registry (RENE) verification | ISO 14065:2013 certified verification unit | ISO 14064-3 carbon neutral certification provider | Registered independent verifier for Mexican emissions trading system,"TÜV RHEINLAND DE MÉXICO, S.A. DE C.V. is a carbon/GHG verification body, based in Not found, Mexico. Appears in 1 official registry: mx-semarnat. Sectors: energy, GHG verification, manufacturing, transport. Serves: Mexico.",0.65,medium,
584,"ValueCert Hub & Partner mbB Umweltgutachter, Sachverständige und Auditoren",firm,www.value-cert.de,2020,Germany,Frankfurt am Main,Germany,Environmental management systems; renewable energy; biomass; energy management,sure-eu,SURE-EU,https://sure-system.org/fileadmin/user_upload/SURE/Dokumente/Zertstellen/20260626_Addresses_of_all_Certification_Bodies.pdf,Umweltgutachter (environmental auditor) certification | SURE-EU registry listing | 15+ year collaboration among founders,"ValueCert Hub & Partner mbB Umweltgutachter, Sachverständige und Auditoren is a carbon/GHG verification body, based in Frankfurt am Main, Germany, established in 2020. Appears in 1 official registry: sure-eu. Sectors: Environmental management systems, renewable energy, biomass, energy management. Serves: Germany. Note: carbon scope disputed by enrichment research.",0.65,medium,"Enrichment agent disputed carbon scope: Environmental auditing and management systems certification firm, not third-party carbon/GHG/EPD verifier"
585,VEKIN (Thailand) Company Limited,firm,,,Thailand,Bangkok,Thailand,"GHG capture, storage, and utilization; voluntary carbon credit verification",tgo-tver,T-VER,https://ghgreduction.tgo.or.th/en/external-validation-verification-body/list-of-registered-vvb.html,T-VER (Thailand Voluntary Emission Reduction Program) Validation/Verification Body registration | VVB registration valid 2024-2027 | Sectoral scope approval for GHG projects | Accredited by Thailand Greenhouse Gas Management Organization (TGO),"VEKIN (Thailand) Company Limited is a carbon/GHG verification body, based in Bangkok, Thailand. Appears in 1 official registry: tgo-tver. Sectors: GHG capture, storage, and utilization, voluntary carbon credit verification. Serves: Thailand.",0.65,medium,
586,Vera Durão,individual-practice,,,Unknown,,Unknown,Environmental product declarations,epd-hub,EPD Hub,https://www.epdhub.com/verification-committee,"EPD Hub Limited authorized verifier | Research authorship on EPD harmonization and data quality assurance | Compliance with ISO 14040, ISO 14025, EN 15804 standards","Vera Durão is a individually approved verifier practice, based in Unknown. Appears in 1 official registry: epd-hub. Sectors: Environmental product declarations. Serves: Unknown.",0.65,medium,
587,VERIFIT COLOMBIA S.A.S.,firm,,,Colombia,"Medellín, Antioquia",Colombia; Latin America,afforestation/reforestation; GHG verification,onac,ONAC ISO 14065 OVV GEI,https://onac.org.co/directorio3/index.php/acreditaciones/20-gei-004,ONAC accredited (accreditation 20-GEI-004) | Part of Verifit Group with 16+ years experience | 500+ independent carbon project assessments | ONAC accreditation for Afforestation and Reforestation Scope per ISO 14065:2020,"VERIFIT COLOMBIA S.A.S. is a carbon/GHG verification body, based in Medellín, Antioquia, Colombia. Appears in 1 official registry: onac. Sectors: afforestation/reforestation, GHG verification. Serves: Colombia, Latin America.",0.65,medium,
588,Verinova bv,firm,www.verinova.be,,Belgium,Berchem,EU,Energy; Industrial Processes,belac,BELAC / EU ETS,https://economie.fgov.be/en/themes/quality-and-safety/accreditation-belac/accredited-bodies/validation-and-verification,BELAC accreditation certificate 774-VV | Complies with EN ISO/IEC 17029 and EN ISO 14065 standards | Verified under EU Regulation 2018/2067 | 36-month cooling-off period for independence assurance,"Verinova bv is a carbon/GHG verification body, based in Berchem, Belgium. Appears in 1 official registry: belac. Sectors: Energy, Industrial Processes. Serves: EU.",0.65,medium,
589,Vito D'Incognito,individual-practice,,,Italy,,Europe; Global,Product Carbon Footprint/EPD,ibu-epd,IBU EPD,https://ibu-epd.com/en/ibu/verifiers/,Associated with Take Care International | Approved individual tool verifier for International EPD System | PCR Moderator for liquid immersed transformers (>25MVA) | Moderator for Sub PCR EPDItaly016 (electronic/electrical cables and wires),"Vito D'Incognito is a individually approved verifier practice, based in Italy. Appears in 1 official registry: ibu-epd. Sectors: Product Carbon Footprint/EPD. Serves: Europe, Global.",0.65,medium,
590,Zachary Boerman,individual-practice,,,United States,Rochester,Northeast United States,urban forest carbon verification,city-forest,City Forest Credits,https://www.cityforestcredits.org/wp-content/uploads/2022/11/City-Forest-Credits-Approved-VVBs.pdf,"Previously served as Preservation Project Validation and Verification Body at City Forest Credits | BS Forest Resource Management (SUNY ESF) | AAS Forest Technology | Work history: US Forest Service, National Audubon Society, LandVest, DAVEY","Zachary Boerman is a individually approved verifier practice, based in Rochester, United States. Appears in 1 official registry: city-forest. Sectors: urban forest carbon verification. Serves: Northeast United States.",0.65,medium,
591,All Energy Pty Ltd,firm,www.allenergypl.com.au,2012,Australia,Sydney,Australia,Energy efficiency; Renewable energy; Industrial emissions reduction,aus-cer,NGER/ACCU,https://cer.gov.au/schemes/audits-our-schemes/find-auditor,"ABN 23 154 477 415, active since 2012 | Offers carbon neutrality consulting services","All Energy Pty Ltd is a carbon/GHG verification body, based in Sydney, Australia, established in 2012. Appears in 1 official registry: aus-cer. Sectors: Energy efficiency, Renewable energy, Industrial emissions reduction. Serves: Australia. Note: carbon scope disputed by enrichment research.",0.6,medium,Enrichment agent disputed carbon scope: Event organizer/conference operator; consultancy for energy efficiency and emissions reduction but not a verification body
592,Andrew John Boivin,individual-practice,https://www.deloitte.com/nz/,,New Zealand,,New Zealand,sustainability; climate verification; audit and assurance,nz-epa,NZ ETS,https://www.epa.govt.nz/industry-areas/emissions-trading-scheme/participating-in-the-ets/unique-emissions-factors/,"Partner and Sustainability & Climate Leader at Deloitte | Audit and assurance experience across multiple jurisdictions (London, Sydney, Auckland)","Andrew John Boivin is a individually approved verifier practice, based in New Zealand. Appears in 1 official registry: nz-epa. Sectors: sustainability, climate verification, audit and assurance. Serves: New Zealand.",0.6,medium,
593,Anne Rønning,firm,,,Norway,Kråkerøy,Norway,building; construction; civil engineering; LCA; sustainability,epd-norge,EPD Norge,https://www.epd-global.com/epd-er/lage-epder/uavhengige-verifikatorer/,Senior Researcher at NORSUS (since 1992) | Approved verifier for EPD-Norge | PhD in LCA from Aalborg University (2017) | ISO convenor for Sustainability in buildings and civil engineering (since 2012),"Anne Rønning is a carbon/GHG verification body, based in Kråkerøy, Norway. Appears in 1 official registry: epd-norge. Sectors: building, construction, civil engineering, LCA, sustainability. Serves: Norway.",0.6,medium,
594,Aspire Sustainability,firm,https://aspiresustainability.com/,2018,United States,"Breckenridge, Colorado; Albany, New York",North America; International,Carbon footprinting; Life cycle assessment consulting,smart-epd,SmartEPD,https://smartepd.com/resources/#independent_verifiers,Co-founders hold LCA CP (LCA Practitioner) certifications | 40+ years combined sustainability experience across multiple sectors,"Aspire Sustainability is a carbon/GHG verification body, based in Breckenridge, Colorado; Albany, New York, United States, established in 2018. Appears in 1 official registry: smart-epd. Sectors: Carbon footprinting, Life cycle assessment consulting. Serves: North America, International. Note: carbon scope disputed by enrichment research.",0.6,medium,"Enrichment agent disputed carbon scope: LCA consulting firm offering carbon footprinting and sustainability consulting services, not a third-party verification body"
595,BDO Audit (WA) Pty Ltd,firm,,2004,Australia,Subiaco,Australia,Carbon accounting (advisory); GHG inventory assurance (audit-based); Sustainability reporting,aus-cer,NGER/ACCU,https://cer.gov.au/schemes/audits-our-schemes/find-auditor,Registered auditor in Australia | Part of BDO Australia network | Offers carbon accounting and GHG inventory guidance,"BDO Audit (WA) Pty Ltd is a carbon/GHG verification body, based in Subiaco, Australia, established in 2004. Appears in 1 official registry: aus-cer. Sectors: Carbon accounting (advisory), GHG inventory assurance (audit-based), Sustainability reporting. Serves: Australia. Note: carbon scope disputed by enrichment research.",0.6,medium,Enrichment agent disputed carbon scope: Registered audit firm; offers carbon accounting guidance and methodologies but no evidence of third-party carbon/GHG verification services
596,BEA Institut für Bioenergie GmbH,firm,,2009,Austria,Vienna,Austria; Europe,Biofuel quality testing; Biomass quality assurance,sure-eu,SURE-EU,https://sure-system.org/fileadmin/user_upload/SURE/Dokumente/Zertstellen/20260626_Addresses_of_all_Certification_Bodies.pdf,EN ISO/IEC 17020 accredited (inspection body) | EN ISO/IEC 17025 accredited (testing laboratory) | EPC listed certification body for wood pellets | Operating since 2009 (17 years),"BEA Institut für Bioenergie GmbH is a carbon/GHG verification body, based in Vienna, Austria, established in 2009. Appears in 1 official registry: sure-eu. Sectors: Biofuel quality testing, Biomass quality assurance. Serves: Austria, Europe. Note: carbon scope disputed by enrichment research.",0.6,medium,"Enrichment agent disputed carbon scope: Biomass quality testing and inspection laboratory; SURE-EU registry is for renewable biomass sustainability, not carbon/GHG verification"
597,Beijing Capital Airport Energy Saving Technology Service Co. Ltd,firm,,,China,Beijing,China,GHG verification; CORSIA verification,corsia,CORSIA,https://www.icao.int/sites/default/files/environmental-protection/CORSIA/Documents/CORSIA%20Central%20Registry/CCR-Info-Data-Transparency_PartI_13ed_web.pdf,CNAS accreditation for GHG validation and verification | CORSIA verifier (listed in registry),"Beijing Capital Airport Energy Saving Technology Service Co. Ltd is a carbon/GHG verification body, based in Beijing, China. Appears in 1 official registry: corsia. Sectors: GHG verification, CORSIA verification. Serves: China.",0.6,medium,
598,Bentleys NSW Pty Ltd,firm,,2009,Australia,Sydney,Australia; New Zealand,Carbon accounting (advisory); ESG reporting (advisory),aus-cer,NGER/ACCU,https://cer.gov.au/schemes/audits-our-schemes/find-auditor,"Mid-tier chartered accounting firm | Part of Bentleys Network (700 staff across 18 locations in Australia, NZ, China) | Member of 'Australian Integrated Carbon' initiative | Listed in Australian Carbon Exchange Registry (aus-cer) - but as participant/advisor, not verifier","Bentleys NSW Pty Ltd is a carbon/GHG verification body, based in Sydney, Australia, established in 2009. Appears in 1 official registry: aus-cer. Sectors: Carbon accounting (advisory), ESG reporting (advisory). Serves: Australia, New Zealand. Note: carbon scope disputed by enrichment research.",0.6,medium,"Enrichment agent disputed carbon scope: Carbon accounting and ESG advisory firm; provides advisory and accounting services, not third-party GHG verification or validation services"
599,Bentleys Tasmania,firm,,2009,Australia,Hobart,Australia; New Zealand,Carbon accounting (advisory); ESG reporting (advisory),aus-cer,NGER/ACCU,https://cer.gov.au/schemes/audits-our-schemes/find-auditor,"Branch of Bentleys Network (same firm structure as Bentleys NSW) | Mid-tier chartered accounting network | Listed in Australian Carbon Exchange Registry (aus-cer) - but as participant/advisor, not verifier","Bentleys Tasmania is a carbon/GHG verification body, based in Hobart, Australia, established in 2009. Appears in 1 official registry: aus-cer. Sectors: Carbon accounting (advisory), ESG reporting (advisory). Serves: Australia, New Zealand. Note: carbon scope disputed by enrichment research.",0.6,medium,"Enrichment agent disputed carbon scope: Carbon accounting and ESG advisory firm; provides advisory and accounting services, not third-party GHG verification or validation services"
600,Bindi Jatinkumar Shah,individual-practice,https://www.deloitte.com/nz/,,New Zealand,Auckland,New Zealand,product carbon footprint/EPD,nz-epa,NZ ETS,https://www.epa.govt.nz/industry-areas/emissions-trading-scheme/participating-in-the-ets/unique-emissions-factors/,Listed on nz-epa (New Zealand EPA) verifier registry,"Bindi Jatinkumar Shah is a individually approved verifier practice, based in Auckland, New Zealand. Appears in 1 official registry: nz-epa. Sectors: product carbon footprint/EPD. Serves: New Zealand.",0.6,medium,
601,Brian Goodall,individual-practice,,,United States,"Dublin, Ohio",United States,Forestry; Carbon credits; Tree planting verification,city-forest,City Forest Credits,https://www.cityforestcredits.org/wp-content/uploads/2022/11/City-Forest-Credits-Approved-VVBs.pdf,ISA Certified Arborist | ISA Board Certified Master Arborist | ASCA Registered Consulting Arborist | TCIA Certified Treecare Safety Professional,"Brian Goodall is a individually approved verifier practice, based in Dublin, Ohio, United States. Appears in 1 official registry: city-forest. Sectors: Forestry, Carbon credits, Tree planting verification. Serves: United States.",0.6,medium,
602,Christina Bocher,individual-practice,,,Germany,,Germany,product carbon footprint; EPD,ibu-epd,IBU EPD,https://ibu-epd.com/en/ibu/verifiers/,Listed as independent verifier for IBU (Institut Bauen und Umwelt e.V.) | Verified EPDs for cast iron accessories and aluminum profiles | Meets IBU standards for verifier qualifications and skills,"Christina Bocher is a individually approved verifier practice, based in Germany. Appears in 1 official registry: ibu-epd. Sectors: product carbon footprint, EPD. Serves: Germany.",0.6,medium,
603,Clear Environment Pty Ltd,firm,,,Australia,,Australia,carbon trading; emissions verification,aus-cer,NGER/ACCU,https://cer.gov.au/schemes/audits-our-schemes/find-auditor,Niche environmental auditing firm per Carbon Market Institute | Extensive experience with State and Federal Green Trading Schemes | Listed in Australian carbon registry (aus-cer),"Clear Environment Pty Ltd is a carbon/GHG verification body, based in Australia. Appears in 1 official registry: aus-cer. Sectors: carbon trading, emissions verification. Serves: Australia.",0.6,medium,
604,Dan Andre Johansen,individual-practice,,,Norway,Not specified,Norway,product carbon footprint/EPD,epd-norge,EPD Norge,https://www.epd-global.com/epd-er/lage-epder/uavhengige-verifikatorer/,EPD-Norge approved individual verifier | Listed on EPD-Norge registry,"Dan Andre Johansen is a individually approved verifier practice, based in Not specified, Norway. Appears in 1 official registry: epd-norge. Sectors: product carbon footprint/EPD. Serves: Norway.",0.6,medium,
605,DEUTSCHE CERTIFICATION BODY S.A.S,firm,,,Colombia,Bogotá,Colombia,GHG validation and verification,onac,ONAC ISO 14065 OVV GEI,https://onac.org.co/directorio3/index.php/acreditaciones/20-GEI-001,ONAC accredited for ISO 14064-3 GHG validation and verification | Provides strategic validation and verification services for greenhouse gas emission reduction and removal projects,"DEUTSCHE CERTIFICATION BODY S.A.S is a carbon/GHG verification body, based in Bogotá, Colombia. Appears in 1 official registry: onac. Sectors: GHG validation and verification. Serves: Colombia.",0.6,medium,
606,DQS Polska Sp. z o.o.,firm,dqs.pl,1985,Poland,,Global,,redcert; sure-eu,REDcert; SURE-EU,https://sure-system.org/fileadmin/user_upload/SURE/Dokumente/Zertstellen/20260626_Addresses_of_all_Certification_Bodies.pdf | https://www.redcert.org/en-us/certification/approved-certification-bodies/,"Founded 1985 | 80 offices across 60 countries | ISO 9001, ISO 14001, ISO 27001 accreditations","DQS Polska Sp. z o.o. is a carbon/GHG verification body, based in Poland, established in 1985. Appears in 2 official registries: redcert, sure-eu. Serves: Global. Note: carbon scope disputed by enrichment research.",0.6,medium,"Enrichment agent disputed carbon scope: Firm offers ISO management system certifications (ISO 9001, 14001, 27001), medical device certification, food safety, and ESG audits, but no carbon/GHG/EPD verification services identified on website despite registry listings"
607,Dušan Vuković,individual-practice,,,Unknown,,Europe,Product carbon footprint/EPD,epd-hub,EPD Hub,https://www.epdhub.com/verification-committee,"Approved individual verifier by EPD Hub | LCA specialist | Expertise in cement, concrete, plastic pipes, and steel product EPDs | Experience in construction product verification","Dušan Vuković is a individually approved verifier practice, based in Unknown. Appears in 1 official registry: epd-hub. Sectors: Product carbon footprint/EPD. Serves: Europe.",0.6,medium,
608,Equipo Versa,firm,,,Colombia,,Colombia,carbon neutral certification; GHG inventories; sustainability certification,ecoregistry,Cercarbono Carbon Programme,https://cercarbono.com/validation-and-verification/,Listed on Ecoregistry | ISO 14068-1 certified for carbon neutrality | Three-year certification cycle with annual surveillance audits | Verifies emissions quantification and decarbonization progress,"Equipo Versa is a carbon/GHG verification body, based in Colombia. Appears in 1 official registry: ecoregistry. Sectors: carbon neutral certification, GHG inventories, sustainability certification. Serves: Colombia.",0.6,medium,
609,EVOCERT Sp. z o.o.,firm,evocert.pl,,Poland,Piła,Global; Poland; Europe,Food safety; Organic farming; Agricultural compliance; Integrated crop production; HACCP,redcert; sure-eu,REDcert; SURE-EU,https://sure-system.org/fileadmin/user_upload/SURE/Dokumente/Zertstellen/20260626_Addresses_of_all_Certification_Bodies.pdf | https://www.redcert.org/en-us/certification/approved-certification-bodies/,"IFS Food, IFS Logistics, IFS Broker accredited | BRCGS Food Safety accredited | REDcert-EU certified for agricultural production (agricultural sustainability, not carbon) | Serves international clients from headquarters in Piła","EVOCERT Sp. z o.o. is a carbon/GHG verification body, based in Piła, Poland. Appears in 2 official registries: redcert, sure-eu. Sectors: Food safety, Organic farming, Agricultural compliance, Integrated crop production, HACCP. Serves: Global, Poland, Europe. Note: carbon scope disputed by enrichment research.",0.6,medium,"Enrichment agent disputed carbon scope: Specializes exclusively in food safety and agricultural certifications (IFS, BRCGS, organic farming) — not a carbon/GHG/EPD verifier"
610,Groupe AGÉCO,firm,https://groupeageco.ca/,2000,Canada,Quebec,Canada,agri-food; sustainable building; life cycle assessment; corporate responsibility consulting,smart-epd,SmartEPD,https://smartepd.com/resources/#independent_verifiers,20+ years as agri-food economics and corporate responsibility leader | Acquired Quantis Canada activities in 2015 to expand corporate responsibility services,"Groupe AGÉCO is a carbon/GHG verification body, based in Quebec, Canada, established in 2000. Appears in 1 official registry: smart-epd. Sectors: agri-food, sustainable building, life cycle assessment, corporate responsibility consulting. Serves: Canada. Note: carbon scope disputed by enrichment research.",0.6,medium,"Enrichment agent disputed carbon scope: Consulting firm specializing in life cycle assessment and corporate responsibility advisory; they support EPD development and LCA but do not provide third-party verification, validation, or certification services. SMART-EPD (their registry) is a program operator, not a verification body."
611,Holzforschung Austria - Österreichische Gesellschaft für Holzforschung,firm,www.holzforschung.at,1948,Austria,,Austria; Europe,Wood product testing; Construction materials; Biofuels testing,sure-eu,SURE-EU,https://sure-system.org/fileadmin/user_upload/SURE/Dokumente/Zertstellen/20260626_Addresses_of_all_Certification_Bodies.pdf,"Founded 1948 (75 years of operation) | Wood supply chain certification | Wood product and construction material testing | Biofuels (pellets, briquettes) testing","Holzforschung Austria - Österreichische Gesellschaft für Holzforschung is a carbon/GHG verification body, based in Austria, established in 1948. Appears in 1 official registry: sure-eu. Sectors: Wood product testing, Construction materials, Biofuels testing. Serves: Austria, Europe. Note: carbon scope disputed by enrichment research.",0.6,medium,Enrichment agent disputed carbon scope: Organization specializes in wood product testing and certification; no evidence of carbon/GHG/EPD verification services despite SURE-EU registry listing
612,Mafalda Silva,firm,,,Norway,,Norway,product carbon footprint,epd-norge,EPD Norge,https://www.epd-global.com/epd-er/lage-epder/uavhengige-verifikatorer/,EPD coordinator at NORSUS | Third-party verifier approval (EPD Norge) | Involvement in EPD verification and development process,"Mafalda Silva is a carbon/GHG verification body, based in Norway. Appears in 1 official registry: epd-norge. Sectors: product carbon footprint. Serves: Norway.",0.6,medium,
613,Matthias Klingler,individual-practice,,,Switzerland,,Germany; Austria; Switzerland,product carbon footprint/EPD; construction materials,ibu-epd,IBU EPD,https://ibu-epd.com/en/ibu/verifiers/,Appointed by IBU Advisory Board as independent verifier | Active across multiple EPD verifications for construction products | Listed among 27 IBU-registered verifiers,"Matthias Klingler is a individually approved verifier practice, based in Switzerland. Appears in 1 official registry: ibu-epd. Sectors: product carbon footprint/EPD, construction materials. Serves: Germany, Austria, Switzerland.",0.6,medium,
614,Matthias Schulz,individual-practice,,,Germany,,Germany; Austria; Switzerland,product carbon footprint/EPD; construction materials,ibu-epd,IBU EPD,https://ibu-epd.com/en/ibu/verifiers/,"Appointed by IBU Advisory Board as independent verifier | Active across multiple EPD verifications for manufacturers including Sika, MAPEI, Rubner | Listed among 27 IBU-registered verifiers","Matthias Schulz is a individually approved verifier practice, based in Germany. Appears in 1 official registry: ibu-epd. Sectors: product carbon footprint/EPD, construction materials. Serves: Germany, Austria, Switzerland.",0.6,medium,
615,"Measurement and Standard Accreditation Center, Faculty of Science, Prince of Songkhla University",firm,,,Thailand,Songkhla,Thailand,GHG emission reductions,tgo-tver,T-VER,https://ghgreduction.tgo.or.th/en/external-validation-verification-body/list-of-registered-vvb.html,"Listed at Faculty of Science, Prince of Songkla University | Registered in T-VER (Thailand Voluntary Emission Reduction) registry administered by Thailand Greenhouse Gas Management Organization","Measurement and Standard Accreditation Center, Faculty of Science, Prince of Songkhla University is a carbon/GHG verification body, based in Songkhla, Thailand. Appears in 1 official registry: tgo-tver. Sectors: GHG emission reductions. Serves: Thailand.",0.6,medium,
616,Olivier Muller,individual-practice,,,France,,France; Europe,EPD; construction products,ibu-epd,IBU EPD,https://ibu-epd.com/en/ibu/verifiers/,IBU-appointed independent verifier | Verified multiple EPDs for construction materials | Advisory Board-approved by Institut Bauen und Umwelt e.V.,"Olivier Muller is a individually approved verifier practice, based in France. Appears in 1 official registry: ibu-epd. Sectors: EPD, construction products. Serves: France, Europe.",0.6,medium,
617,Pangolin Associates Pty Ltd.,firm,,2010,Australia,Sydney,Australia,carbon markets,gold-standard,Gold Standard,https://web.archive.org/web/20250916231729/https://globalgoals.goldstandard.org/verification-validation-bodies/,"Gold Standard verifier (status expired, no longer accepting new contracts) | Retired 2.8M Verra credits and 160K Gold Standard credits (3M total) | Certified B Corporation | UN Global Compact member","Pangolin Associates Pty Ltd. is a carbon/GHG verification body, based in Sydney, Australia, established in 2010. Appears in 1 official registry: gold-standard. Sectors: carbon markets. Serves: Australia. Note: carbon scope disputed by enrichment research.",0.6,medium,Enrichment agent disputed carbon scope: Gold Standard verifier status expired and company is not actively accepting new verification contracts. Currently provides advisory and credit retirement services rather than verification.
618,"Research unit for Energy, Economics and Ecological Management, Chiang Mai University",firm,,,Thailand,Chiang Mai,Thailand,energy; industrial energy demand; GHG verification,tgo-tver,T-VER,https://ghgreduction.tgo.or.th/en/external-validation-verification-body/list-of-registered-vvb.html,"T-VER VVB certification (registered 2022, valid through 2025) | Accredited by Thai Industrial Standards Institute (TISI) | Coordinator: Dr. Ekphon Nawaphanant | Accredited for industrial energy projects and energy demand initiatives","Research unit for Energy, Economics and Ecological Management, Chiang Mai University is a carbon/GHG verification body, based in Chiang Mai, Thailand. Appears in 1 official registry: tgo-tver. Sectors: energy, industrial energy demand, GHG verification. Serves: Thailand.",0.6,medium,
619,Score GmbH Umweltgutachter,firm,score-cert.de,2012,Germany,Coesfeld,Germany,,redcert; sure-eu,REDcert; SURE-EU,https://sure-system.org/fileadmin/user_upload/SURE/Dokumente/Zertstellen/20260626_Addresses_of_all_Certification_Bodies.pdf | https://www.redcert.org/en-us/certification/approved-certification-bodies/,"Founded 2012 (though parent eco-gruppe has 30+ years history) | Approximately 12 employees (auditors, environmental consultants, administrative staff) | Accredited by DAU (German Accreditation Society for Environmental Auditors) | Authority for SURE-EU System certification","Score GmbH Umweltgutachter is a carbon/GHG verification body, based in Coesfeld, Germany, established in 2012. Appears in 2 official registries: redcert, sure-eu. Serves: Germany. Note: carbon scope disputed by enrichment research.",0.6,medium,"Enrichment agent disputed carbon scope: Firm specializes in biomass/renewable energy sustainability certifications (SURE-EU, REDcert systems) and management systems certification; does not provide carbon/GHG/EPD verification services"
620,Sergio Ballén Zamora,individual-practice,,,Unknown,,International,Product carbon footprint/EPD verification; Life cycle assessment; Sustainable construction,epd-hub,EPD Hub,https://www.epdhub.com/verification-committee,PhD in Sustainability and Net Zero | EDGE Faculty accreditation | Approved verifier by EPD Hub (global registry) | Listed as verifier on multiple Environmental Product Declarations in EPD Hub registry,"Sergio Ballén Zamora is a individually approved verifier practice, based in Unknown. Appears in 1 official registry: epd-hub. Sectors: Product carbon footprint/EPD verification, Life cycle assessment, Sustainable construction. Serves: International.",0.6,medium,
621,Shifa Meyer,individual-practice,shifa.meyer@nexans.com,,France,,France,product carbon footprint,pep-ecopassport,PEP ecopassport,https://register.pep-ecopassport.org/documents/public/AP-0006-EN,Listed in PEP EcoPassport registry (confirmed in registry field) | Associated with Nexans (major cable manufacturer) via email domain,"Shifa Meyer is a individually approved verifier practice, based in France. Appears in 1 official registry: pep-ecopassport. Sectors: product carbon footprint. Serves: France.",0.6,medium,
622,"SOLAL, S.C.",firm,,,Mexico,,Mexico,GHG emissions verification; Forestry/AFOLU; Reforestation,mx-semarnat,Mexico RENE,https://www.gob.mx/profepa/acciones-y-programas/organismos-de-tercera-parte,Accredited by EMA (Mexican Accreditation Entity) since 2015 | ISO/IEC 17029:2019 and ISO 14065:2020 accreditation for organizational-level GHG verification | ISO 14064-3:2019 accreditation since 2024 for forestry/reforestation | PROFEPA approval since 2017 for verification under Mexico's RENE (National Emissions Registry) and SCE (Emissions Trading System),"SOLAL, S.C. is a carbon/GHG verification body, based in Mexico. Appears in 1 official registry: mx-semarnat. Sectors: GHG emissions verification, Forestry/AFOLU, Reforestation. Serves: Mexico.",0.6,medium,
623,Stephen Forson,individual-practice,,,United Kingdom,,United Kingdom; Europe,product carbon footprint/EPD,ibu-epd,IBU EPD,https://ibu-epd.com/en/ibu/verifiers/,IBU Advisory Board approved independent EPD verifier | Verifies to ISO 14025 and EN 15804+A2 standards | Documented verifier on published construction product EPDs,"Stephen Forson is a individually approved verifier practice, based in United Kingdom. Appears in 1 official registry: ibu-epd. Sectors: product carbon footprint/EPD. Serves: United Kingdom, Europe.",0.6,medium,
624,Stéphanie Jammes,individual-practice,stephanie.jammes@acome.fr,,France,,France; Europe,product carbon footprint/EPD,pep-ecopassport,PEP ecopassport,https://register.pep-ecopassport.org/documents/public/AP-0006-EN,Accredited PEP ecopassport verifier (one of ~35 globally) | Verifies Type III environmental declarations for electrical and HVAC products,"Stéphanie Jammes is a individually approved verifier practice, based in France. Appears in 1 official registry: pep-ecopassport. Sectors: product carbon footprint/EPD. Serves: France, Europe.",0.6,medium,
625,T.C. Technologies Inc.,firm,,,Canada,,Canada,fuels; energy,scc,SCC Greenhouse Gas (ISO 14065),https://scc-ccn.ca/search/accredited-organizations?f%5B0%5D=program%3A481,"SCC (Standards Council of Canada) registry listed | ISO 14040, 14044, 14067 qualified for LCA and carbon footprint assessment | ISO 14064 and ISO 14065 auditing competency | Serves major Canadian petroleum and renewable fuel companies (Suncor Energy, Shell Canada, Imperial Oil, CNRL)","T.C. Technologies Inc. is a carbon/GHG verification body, based in Canada. Appears in 1 official registry: scc. Sectors: fuels, energy. Serves: Canada.",0.6,medium,
626,ValueCert Hub & Partner mbB,firm,value-cert.de,2020,Germany,Frankfurt am Main,Germany,Biomass sustainability certification; renewable energy; energy management; biofuel sustainability,redcert,REDcert,https://www.redcert.org/en-us/certification/approved-certification-bodies/,"German Federal Agency for Agriculture and Food (BfLE) recognition | 12,000+ completed assessments | Founded by 5 environmental auditors with 15+ years collaboration history | REDcert certification authority","ValueCert Hub & Partner mbB is a carbon/GHG verification body, based in Frankfurt am Main, Germany, established in 2020. Appears in 1 official registry: redcert. Sectors: Biomass sustainability certification, renewable energy, energy management, biofuel sustainability. Serves: Germany. Note: carbon scope disputed by enrichment research.",0.6,medium,"Enrichment agent disputed carbon scope: Biomass/biofuel sustainability certification provider focused on renewable energy and environmental management systems, not third-party carbon/GHG/EPD verification"
627,"VERIFICARE INGENIERÍA SUSTENTABLE, S.A. DE C.V.",firm,,,Mexico,"Mérida, Yucatán",Mexico,energy; transport; manufacturing; commerce/services,mx-semarnat,Mexico RENE,https://www.gob.mx/profepa/acciones-y-programas/organismos-de-tercera-parte,"OCVVGEI (Certification Organization for GHG Emissions Verification) | EMA A.C. accreditation (number GEI020/22) | PROFEPA-SEMARNAT approval by Mexican authorities | Complies with ISO/IEC 17029:2019, ISO 14065:2020, ISO 14064-3:2019","VERIFICARE INGENIERÍA SUSTENTABLE, S.A. DE C.V. is a carbon/GHG verification body, based in Mérida, Yucatán, Mexico. Appears in 1 official registry: mx-semarnat. Sectors: energy, transport, manufacturing, commerce/services. Serves: Mexico.",0.6,medium,
628,agroVet GmbH,firm,agrovet.at,,Austria,,Austria; Europe,ISCC certification; renewable energy; biomass; circular economy,iscc,,https://www.iscc-system.org/certification/certification-bodies/,ISO 17065 accreditation | Cooperating Certification Body for ISCC EU and ISCC PLUS | GLOBALG.A.P. Certification Body | Federal Office for Agriculture and Food (BLE) recognition (DE-B-BLE-BM-ZSt-107),"agroVet GmbH is a carbon/GHG verification body, based in Austria. Appears in 1 official registry: iscc. Sectors: ISCC certification, renewable energy, biomass, circular economy. Serves: Austria, Europe. Note: carbon scope disputed by enrichment research.",0.55,medium,"Enrichment agent disputed carbon scope: ISCC (International Sustainability & Carbon Certification) is a biomass/sustainability sourcing standard, not a carbon or GHG verification and validation provider"
629,Andrew Douglas,individual-practice,https://www.opportune.nz/,,New Zealand,,New Zealand,GHG verification; climate disclosure verification; carbon footprinting,nz-epa,NZ ETS,https://www.epa.govt.nz/industry-areas/emissions-trading-scheme/participating-in-the-ets/unique-emissions-factors/,Specialized audit team with 10+ years emissions auditing experience,"Andrew Douglas is a individually approved verifier practice, based in New Zealand. Appears in 1 official registry: nz-epa. Sectors: GHG verification, climate disclosure verification, carbon footprinting. Serves: New Zealand.",0.55,medium,
630,"ASOCIACIÓN NACIONAL DE LA INDUSTRIA QUÍMICA, A.C.",firm,aniq.org.mx,,Mexico,,Mexico,chemical manufacturing,mx-semarnat,Mexico RENE,https://www.gob.mx/profepa/acciones-y-programas/organismos-de-tercera-parte,Industry association representing Mexican chemical sector | Participant in SEMARNAT climate and carbon policy discussions | Member sector achieved 66.1% GHG reduction (2024 vs baseline) | Engaged in carbon pricing and emissions trading policy,"ASOCIACIÓN NACIONAL DE LA INDUSTRIA QUÍMICA, A.C. is a carbon/GHG verification body, based in Mexico. Appears in 1 official registry: mx-semarnat. Sectors: chemical manufacturing. Serves: Mexico. Note: carbon scope disputed by enrichment research.",0.55,medium,Enrichment agent disputed carbon scope: Industry association and advocacy organization for chemical manufacturers; not a third-party carbon/GHG/EPD verification provider. Engages in climate policy but does not verify emissions.
631,Boulay PLLP,firm,https://www.boulaygroup.com/,1934,United States,"Eden Prairie, Minnesota",United States,,carb-lcfs,CARB LCFS,https://ww2.arb.ca.gov/sites/default/files/2026-05/List%20of%20LCFS%20Verification%20Bodies%20as%20of%202026_04_23.xlsx,"Accounting and financial services firm with 300+ professionals | 49 partners, 100+ CPAs | Founded 1934 - 90+ years in operation | Ranked 6th largest firm in Minnesota (2025)","Boulay PLLP is a carbon/GHG verification body, based in Eden Prairie, Minnesota, USA, established in 1934. Appears in 1 official registry: carb-lcfs. Serves: USA. Note: carbon scope disputed by enrichment research.",0.55,medium,"Enrichment agent disputed carbon scope: Accounting and financial services firm; core business is CPA services, accounting, audit, tax, financial consulting, and wealth management - not carbon/GHG verification or certification services."
632,Brian Bunte,individual-practice,https://nextgenesg.co/,,United States,Colorado,United States,Life cycle assessment; ESG consulting; Greenhouse gas quantification; Carbon market strategies; Forest products; Carbon offsets; Renewable energy,smart-epd,SmartEPD,https://smartepd.com/resources/#independent_verifiers,Principal LCA and ESG Consultant at NextGen ESG & LCA | Master of Science in Greenhouse Gas Management and Accounting from Colorado State University | Instructor at Colorado State University teaching LCA and sustainable energy | Published researcher on carbon accounting and accelerator assessment,"Brian Bunte is a individually approved verifier practice, based in Colorado, United States. Appears in 1 official registry: smart-epd. Sectors: Life cycle assessment, ESG consulting, Greenhouse gas quantification, Carbon market strategies, Forest products, Carbon offsets. Serves: United States. Note: carbon scope disputed by enrichment research.",0.55,medium,"Enrichment agent disputed carbon scope: LCA and EPD Developer at NextGen ESG & LCA, not an independent third-party carbon verifier. Role focuses on carbon quantification, life cycle assessment, and GHG accounting, not verification services."
633,Carbon Risk Management,firm,https://carbonriskmanagement.com/,,Australia,Unknown,Australia,climate risk advisory; carbon accounting; ESG disclosure,aus-cer,NGER/ACCU,https://cer.gov.au/schemes/audits-our-schemes/find-auditor,Works with ASX-listed companies on climate risk strategy | Supports mandatory climate disclosure compliance | Listed on aus-cer registry | Focus on carbon risk management and business strategy alignment,"Carbon Risk Management is a carbon/GHG verification body, based in Unknown, Australia. Appears in 1 official registry: aus-cer. Sectors: climate risk advisory, carbon accounting, ESG disclosure. Serves: Australia. Note: carbon scope disputed by enrichment research.",0.55,medium,Enrichment agent disputed carbon scope: Strategic advisory firm providing climate risk management and business strategy integration for ASX-listed companies—not a third-party GHG/emissions verification body
634,Dr. Daniela Kölsch,individual-practice,,,Germany,,Germany,product carbon footprint/EPD,ibu-epd,IBU EPD,https://ibu-epd.com/en/ibu/verifiers/,Listed as independent EPD verifier on IBU registry | Sustainability Advisor & Consultant at SustainSteps,"Dr. Daniela Kölsch is a individually approved verifier practice, based in Germany. Appears in 1 official registry: ibu-epd. Sectors: product carbon footprint/EPD. Serves: Germany.",0.55,medium,
635,Dr. Eva Schmincke,individual-practice,,,Germany,,Germany,product carbon footprint/EPD; building materials,ibu-epd,IBU EPD,https://ibu-epd.com/en/ibu/verifiers/,Listed as independent EPD verifier on IBU registry | Active verifier across multiple building material product categories,"Dr. Eva Schmincke is a individually approved verifier practice, based in Germany. Appears in 1 official registry: ibu-epd. Sectors: product carbon footprint/EPD, building materials. Serves: Germany.",0.55,medium,
636,Dr. Jan Werner,individual-practice,,,Germany,,Germany,product carbon footprint/EPD; building materials,ibu-epd,IBU EPD,https://ibu-epd.com/en/ibu/verifiers/,Listed as independent EPD verifier on IBU registry | Active verifier for construction products,"Dr. Jan Werner is a individually approved verifier practice, based in Germany. Appears in 1 official registry: ibu-epd. Sectors: product carbon footprint/EPD, building materials. Serves: Germany.",0.55,medium,
637,"GRUPO DE INSPECCIONES, LABORATORIO Y CERTIFICACIONES DEL PERU S.A.C. - GILCSAC",firm,https://www.grupoinspeccionesperu.com,,Peru,Lima,Peru,food safety; quality control; sanitary inspection,inacal-peru,INACAL ISO 14065,https://www.inacal.gob.pe/repositorioaps/data/1/1/4/jer/acreditados/files/OCSG/Directorio%20de%20OEC%20(OCSG)%2003-07-2026.pdf,15+ years experience in food industry | Registered with Peruvian National Quality Institute (INACAL) | Enrolled in National Registry of State Suppliers,"GRUPO DE INSPECCIONES, LABORATORIO Y CERTIFICACIONES DEL PERU S.A.C. - GILCSAC is a carbon/GHG verification body, based in Lima, Peru. Appears in 1 official registry: inacal-peru. Sectors: food safety, quality control, sanitary inspection. Serves: Peru. Note: carbon scope disputed by enrichment research.",0.55,medium,"Enrichment agent disputed carbon scope: Organization focuses on food industry inspection and quality assurance services (good manufacturing practices, sanitary inspections); no evidence of carbon, GHG, or environmental verification services related to emissions or carbon credit schemes."
638,"GSI Environmental, Inc.",firm,https://www.gsienv.com,1986,United States,Houston,United States,,carb-mrr,MRR Verification,https://ww2.arb.ca.gov/mrr-vb,"201-500 employees | 40 years in operation | Address climate reporting frameworks (SBTi, ISO 14060, IFRS S2, ESRS)","GSI Environmental, Inc. is a carbon/GHG verification body, based in Houston, USA, established in 1986. Appears in 1 official registry: carb-mrr. Serves: USA. Note: carbon scope disputed by enrichment research.",0.55,medium,"Enrichment agent disputed carbon scope: Environmental consulting firm specializing in remediation, air/water quality, site investigation. While listed in carb-mrr registry and engaged in climate/GHG analysis, primary business model is consulting, not third-party verification certification."
639,Hervé Davail,individual-practice,herve.davail@legrand.fr,,France,,,EPD; LCA,pep-ecopassport,PEP ecopassport,https://register.pep-ecopassport.org/documents/public/AP-0006-EN,Expert in Life Cycle Assessment (ACV) at Legrand since early 2000s | Reference point for Legrand's EPD/verifier programs | Conducted first Legrand LCA studies | Legrand has 140+ verified EPDs across product portfolio,"Hervé Davail is a individually approved verifier practice, based in France. Appears in 1 official registry: pep-ecopassport. Sectors: EPD, LCA.",0.55,medium,
640,"KPMG CARDENAS DOSAL, S.C.",firm,,,Mexico,Mexico City,Mexico,energy; GHG verification,mx-semarnat,Mexico RENE,https://www.gob.mx/profepa/acciones-y-programas/organismos-de-tercera-parte,Listed in Mexico's SEMARNAT carbon registry | Part of KPMG global network with ISO 17029/14065 accreditations,"KPMG CARDENAS DOSAL, S.C. is a carbon/GHG verification body, based in Mexico City, Mexico. Appears in 1 official registry: mx-semarnat. Sectors: energy, GHG verification. Serves: Mexico.",0.55,medium,
641,Montrose Environmental Solutions LLC,firm,https://montrose-env.com/,,United States,,United States,Energy (biogas); Fuels (LCFS-related),carb-lcfs,CARB LCFS,https://ww2.arb.ca.gov/sites/default/files/2026-05/List%20of%20LCFS%20Verification%20Bodies%20as%20of%202026_04_23.xlsx,Involved in biogas digester projects and LCFS credit generation | Listed in CARB-LCFS registry but role unclear—may be project participant rather than verifier | Now operates under Onterris brand (merged/rebranded),"Montrose Environmental Solutions LLC is a carbon/GHG verification body, based in USA. Appears in 1 official registry: carb-lcfs. Sectors: Energy (biogas), Fuels (LCFS-related). Serves: USA. Note: carbon scope disputed by enrichment research.",0.55,medium,Enrichment agent disputed carbon scope: Project developer/service provider in biogas and LCFS credit generation; not identified as third-party LCFS verifier. Company now operates as Onterris; no explicit verification/validation services for carbon programs found.
642,Normec QS,firm,normecqs.com,,Netherlands,Geldermalsen,Netherlands,renewable fuels; biomass certification; hydrogen (RFNBO),iscc,,https://www.iscc-system.org/certification/certification-bodies/,Only RvA-accredited inspection body in Netherlands for renewable energy and materials | EN-ISO/IEC 17065 accreditation | First verifier in Netherlands for RFNBO (Renewable Fuels of Non-Biological Origin) accreditation | Certified Nobian (first large-scale 100+ MW RFNBO producer in Europe),"Normec QS is a carbon/GHG verification body, based in Geldermalsen, Netherlands. Appears in 1 official registry: iscc. Sectors: renewable fuels, biomass certification, hydrogen (RFNBO). Serves: Netherlands. Note: carbon scope disputed by enrichment research.",0.55,medium,"Enrichment agent disputed carbon scope: Sustainability and renewable fuels certification body (ISCC, NTA 8080, RFNBO); not a carbon/GHG verification provider"
643,"Northeast Audit Co., Ltd.",firm,,,China,Shenyang,China; Vietnam,energy; industry; forestry; agriculture; waste,cdm-all-does; cdm-doe,UNFCCC CDM,https://cdm.unfccc.int/DOE/list/index.html,"CDM Designated Operational Entity (DOE) accredited October 4, 2013 | Applied for verification scope across sectors 1-13, 15 (comprehensive CDM coverage) | Voluntary full withdrawal from CDM DOE status January 19, 2016","Northeast Audit Co., Ltd. is a carbon/GHG verification body, based in Shenyang, China. Appears in 2 official registries: cdm-all-does, cdm-doe. Sectors: energy, industry, forestry, agriculture, waste. Serves: China, Vietnam. Note: carbon scope disputed by enrichment research.",0.55,medium,"Enrichment agent disputed carbon scope: CDM DOE accreditation withdrawn January 19, 2016; no longer provides carbon verification services"
644,NPC Safety and Environmental Service Company Limited,firm,,,Thailand,Bangkok,Thailand,GHG verification; T-VER carbon credits,tgo-tver,T-VER,https://ghgreduction.tgo.or.th/en/external-validation-verification-body/list-of-registered-vvb.html,Registered Validation and Verification Body (VVB) with Thai Industrial Standards Institute (TISI) | Part of Thailand's T-VER carbon management system,"NPC Safety and Environmental Service Company Limited is a carbon/GHG verification body, based in Bangkok, Thailand. Appears in 1 official registry: tgo-tver. Sectors: GHG verification, T-VER carbon credits. Serves: Thailand.",0.55,medium,
645,OmniCert Umweltgutachter GmbH,firm,www.umweltgutachter.de,,Germany,Bad Abbach,Germany,renewable energy; biogas/biomass; environmental management,sure-eu,SURE-EU,https://sure-system.org/fileadmin/user_upload/SURE/Dokumente/Zertstellen/20260626_Addresses_of_all_Certification_Bodies.pdf,Umweltgutachterorganisation certification | Registered with SURE-EU scheme | Certifies renewable energy and biomass sustainability | Conducts biogas facility assessments,"OmniCert Umweltgutachter GmbH is a carbon/GHG verification body, based in Bad Abbach, Germany. Appears in 1 official registry: sure-eu. Sectors: renewable energy, biogas/biomass, environmental management. Serves: Germany. Note: carbon scope disputed by enrichment research.",0.55,medium,"Enrichment agent disputed carbon scope: Primarily bioenergy/biomass sustainability verifier for renewable energy (SURE-EU scheme), not third-party carbon/GHG/EPD verification provider. Focus is environmental management systems (ISO 50001, EMAS, ISO 14001)"
646,PACIFIC CONTROL CERTIFICACIONES S.A.C.,firm,https://www.lms-cert.com/,,Peru,Lima,Peru; Latin America,environmental monitoring; quality assurance,inacal-peru,INACAL ISO 14065,https://www.inacal.gob.pe/repositorioaps/data/1/1/4/jer/acreditados/files/OCSG/Directorio%20de%20OEC%20(OCSG)%2003-07-2026.pdf,Accredited by INACAL (National Institute of Quality - Peru) | Part of LMS certification network (international accreditation service IAF MLA signatory) | Inspection body and testing laboratory | Over 25 years of experience,"PACIFIC CONTROL CERTIFICACIONES S.A.C. is a carbon/GHG verification body, based in Lima, Peru. Appears in 1 official registry: inacal-peru. Sectors: environmental monitoring, quality assurance. Serves: Peru, Latin America. Note: carbon scope disputed by enrichment research.",0.55,medium,Enrichment agent disputed carbon scope: Environmental monitoring and compliance certification body; no evidence of carbon/GHG verification services for voluntary carbon markets or compliance reporting.
647,"Sevda Alanya Rosenbaum, Ph.D.",individual-practice,https://www.beath.us/,,United States,Virginia,United States,Life cycle assessment; Product carbon footprint; EPD development,smart-epd,SmartEPD,https://smartepd.com/resources/#independent_verifiers,Ph.D. from Villanova University (2009-2014) in life cycle analysis/exergy | LCA Certified Professional | Senior Sustainability Consultant at John Beath Environmental LLC | Listed on Smart EPD registry,"Sevda Alanya Rosenbaum, Ph.D. is a individually approved verifier practice, based in Virginia, United States. Appears in 1 official registry: smart-epd. Sectors: Life cycle assessment, Product carbon footprint, EPD development. Serves: United States. Note: carbon scope disputed by enrichment research.",0.55,medium,Enrichment agent disputed carbon scope: LCA consultant/practitioner at John Beath Environmental LLC; develops EPDs and conducts LCA analyses but works with external third-party verifiers rather than providing independent verification services
648,SIMSkyGreen-SAS (SIMSkyGreen),firm,,,Senegal,,Senegal,aviation carbon offsets,corsia,CORSIA,https://www.icao.int/sites/default/files/environmental-protection/CORSIA/Documents/CORSIA%20Central%20Registry/CCR-Info-Data-Transparency_PartI_13ed_web.pdf,ICAO CORSIA accredited verification body (VV25001) | One of two accredited verification bodies for Senegal under CORSIA,"SIMSkyGreen-SAS (SIMSkyGreen) is a carbon/GHG verification body, based in Senegal. Appears in 1 official registry: corsia. Sectors: aviation carbon offsets. Serves: Senegal.",0.55,medium,
649,SRAC (SRAC CERT),firm,https://www.srac.ro/en,,Romania,Bucharest,Romania; Central and Eastern Europe,ISO management systems certification; Product conformity assessment; ISCC sustainable materials/biofuels certification,renar,RENAR / EU ETS,https://www.srac.ro/en/acreditari,30+ years in certification business (specific founding year not stated) | IQNet member | RENAR accreditation (European recognition agreement signatory) | ISCC GmbH Cooperating Certification Body (ISCC ID: RO182),"SRAC (SRAC CERT) is a carbon/GHG verification body, based in Bucharest, Romania. Appears in 1 official registry: renar. Sectors: ISO management systems certification, Product conformity assessment, ISCC sustainable materials/biofuels certification. Serves: Romania, Central and Eastern Europe. Note: carbon scope disputed by enrichment research.",0.55,medium,"Enrichment agent disputed carbon scope: ISO management systems and product conformity certification body; ISCC certification covers sustainable materials/biofuels certification, not independent third-party carbon/GHG verification"
650,SRAC Cert SRL,firm,srac.ro,,Romania,Bucharest,Romania; Central and Eastern Europe,ISO management systems certification; Product conformity assessment; ISCC certification (sustainable materials/biofuels),iscc,,https://www.iscc-system.org/certification/certification-bodies/,Accredited ISO certification body in Romania | RENAR accreditation | IQNet partnership | ISCC Cooperating Certification Body (RO182),"SRAC Cert SRL is a carbon/GHG verification body, based in Bucharest, Romania. Appears in 1 official registry: iscc. Sectors: ISO management systems certification, Product conformity assessment, ISCC certification (sustainable materials/biofuels). Serves: Romania, Central and Eastern Europe. Note: carbon scope disputed by enrichment research.",0.55,medium,Enrichment agent disputed carbon scope: ISO management systems and ISCC certification body for sustainable materials; does not provide independent third-party carbon/GHG/EPD verification services
651,Steffen Steier,individual-practice,,,Germany,,Germany; Europe,product carbon footprint/EPD,ibu-epd,IBU EPD,https://ibu-epd.com/en/ibu/verifiers/,IBU Advisory Board approved independent EPD verifier | Verifies to ISO 14025 and EN 15804+A2 standards,"Steffen Steier is a individually approved verifier practice, based in Germany. Appears in 1 official registry: ibu-epd. Sectors: product carbon footprint/EPD. Serves: Germany, Europe.",0.55,medium,
652,Sustainable Solutions Corporation,firm,https://www.sustainablesolutionscorporation.com/,,United States,,United States; International,EPD; LCA; product carbon footprint; pharmaceutical; consumer packaged goods; building products; data infrastructure,smart-epd,SmartEPD,https://smartepd.com/resources/#independent_verifiers,"23-25 years of experience in sustainability consulting | Services include Scope 1, 2, 3 GHG accounting | Provides sustainability training and education","Sustainable Solutions Corporation is a carbon/GHG verification body, based in United States. Appears in 1 official registry: smart-epd. Sectors: EPD, LCA, product carbon footprint, pharmaceutical, consumer packaged goods, building products. Serves: United States, International. Note: carbon scope disputed by enrichment research.",0.55,medium,Enrichment agent disputed carbon scope: Sustainability consulting firm providing LCA/EPD services; not an independent third-party verification or validation body
653,Xinyuan Zhang,individual-practice,,,Unknown,,,EPD; LCA; construction materials,epd-hub,EPD Hub,https://www.epdhub.com/verification-committee,Approved verifier by EPD Hub (VP-055) | PhD candidate in sustainability and architecture | Specialist in BIM and LCA integration for sustainable construction materials | Program assistant for EPD Hub,"Xinyuan Zhang is a individually approved verifier practice, based in Unknown. Appears in 1 official registry: epd-hub. Sectors: EPD, LCA, construction materials.",0.55,medium,
654,Yazan Badour,individual-practice,,,Unknown,,,EPD; LCA; construction products; manufacturing,epd-hub,EPD Hub,https://www.epdhub.com/verification-committee,Approved verifier by EPD Hub | PhD in advanced materials | 6+ years experience in LCA and EPD work | Expertise in sustainable development and circular economy,"Yazan Badour is a individually approved verifier practice, based in Unknown. Appears in 1 official registry: epd-hub. Sectors: EPD, LCA, construction products, manufacturing.",0.55,medium,
655,Abderazak Guiz,individual-practice,,,Unknown,,,product carbon footprint/EPD,epd-hub,EPD Hub,https://www.epdhub.com/verification-committee,7+ years experience verifying Environmental Product Declarations (EPDs) | Approved verifier by EPD Hub | Specialization in electrical and electronic construction products | LCA specialist and modeling expertise,"Abderazak Guiz is a individually approved verifier practice, based in Unknown. Appears in 1 official registry: epd-hub. Sectors: product carbon footprint/EPD.",0.5,medium,
656,ASOCIACION CIVIL - BASC - PERU,firm,www.bascperu.org,,Peru,,Peru,supply chain security,inacal-peru,INACAL ISO 14065,https://www.inacal.gob.pe/repositorioaps/data/1/1/4/jer/acreditados/files/OCSG/Directorio%20de%20OEC%20(OCSG)%2003-07-2026.pdf,"ANAB accredited certification body | INACAL accredited verifier | BASC (Business Alliance for Secure Commerce) chapter | Provides ISO 9001, ISO 37001, ISO 37301 certification","ASOCIACION CIVIL - BASC - PERU is a carbon/GHG verification body, based in Peru. Appears in 1 official registry: inacal-peru. Sectors: supply chain security. Serves: Peru. Note: carbon scope disputed by enrichment research.",0.5,medium,"Enrichment agent disputed carbon scope: Supply chain security certification body; focuses on supply chain control systems and commerce security, not carbon/GHG/EPD verification"
657,BSCIC Certifications Pvt. Ltd.,firm,https://www.bsc-icc.com/,2005,India,India,India,,nabcb,NABCB ISO 14065 GHG Verification,https://nabcb.qci.org.in/validation-and-verification-bodies/,"19+ years in operation | Certified 19,500+ clients | Trained 24,000+ learners | Operates across 50+ countries (as certification distribution)","BSCIC Certifications Pvt. Ltd. is a carbon/GHG verification body, based in India, India, established in 2005. Appears in 1 official registry: nabcb. Serves: India. Note: carbon scope disputed by enrichment research.",0.5,medium,"Enrichment agent disputed carbon scope: Provides ISO management system certifications (QMS, EMS, EnMS, FSMS, OHSMS, ISMS) but does not offer carbon/GHG/EPD verification services. Scope is limited to ISO management system auditing and certification."
658,Børge Heggen Johansen,firm,,,Norway,,Norway,EPD verification (advisory role); LCA development,epd-norge,EPD Norge,https://www.epd-global.com/epd-er/lage-epder/uavhengige-verifikatorer/,Senior advisor/fagleder at EPD-Norge | Extensive LCA and EPD expertise | Involved in EPD verification procedures and staff training,"Børge Heggen Johansen is a carbon/GHG verification body, based in Norway. Appears in 1 official registry: epd-norge. Sectors: EPD verification (advisory role), LCA development. Serves: Norway. Note: carbon scope disputed by enrichment research.",0.5,medium,"Enrichment agent disputed carbon scope: EPD advisor/consultant employed at EPD-Norge program operator through Energiråd AS, not independent third-party verifier"
659,CERTIFICACIONES DEL PERU S.A. - CERPER,firm,www.cerper.com,,Peru,Callao,Peru,Environmental compliance; Manufacturing; Fishing; Electricity; Mining,inacal-peru,INACAL ISO 14065,https://www.inacal.gob.pe/repositorioaps/data/1/1/4/jer/acreditados/files/OCSG/Directorio%20de%20OEC%20(OCSG)%2003-07-2026.pdf,Over 50 years operational | Multiple laboratories in Callao and Arequipa | ISO 14001 and ISO 45001 certified,"CERTIFICACIONES DEL PERU S.A. - CERPER is a carbon/GHG verification body, based in Callao, Peru. Appears in 1 official registry: inacal-peru. Sectors: Environmental compliance, Manufacturing, Fishing, Electricity, Mining. Serves: Peru. Note: carbon scope disputed by enrichment research.",0.5,medium,Enrichment agent disputed carbon scope: Environmental and occupational health auditor - not carbon/GHG/EPD verification
660,Deloitte Touche Tohmatsu,firm,,1968,Australia; India,,Australia; India,,aus-cer,NGER/ACCU,https://cer.gov.au/schemes/audits-our-schemes/find-auditor,"Operates as management consulting firm with climate/decarbonization advisory services | Appears in AER (Australian Energy Regulator) records as consultant, not accredited verifier | Provides carbon accounting and climate risk analysis services, not third-party verification","Deloitte Touche Tohmatsu is a carbon/GHG verification body, based in Australia; India, established in 1968. Appears in 1 official registry: aus-cer. Serves: Australia, India. Note: carbon scope disputed by enrichment research.",0.5,medium,"Enrichment agent disputed carbon scope: Global professional services/consulting firm, not accredited third-party carbon/GHG/EPD verification provider. Provides climate advisory and carbon accounting consulting but lacks formal verification body accreditations."
661,EnergyLink,firm,,,,,,carbon removal; biochar,puro,Puro.earth,https://puro.earth/partners-intermediaries/partners/,Verified under Puro.earth registry for CO2 Removal Certificates (CORCs) | Audits biochar production under Biochar Methodology v3.0 | ISQC 1 quality control compliance documented,"EnergyLink is a carbon/GHG verification body. Appears in 1 official registry: puro. Sectors: carbon removal, biochar.",0.5,medium,
662,Forschungsinstitut für Wärmeschutz e.V. München,firm,fiw-muenchen.de,1918,Germany,Munich,Europe,,redcert,REDcert,https://www.redcert.org/en-us/certification/approved-certification-bodies/,"Established 1918 (108 years in operation) | Approximately 80 staff (researchers, lab technicians, engineers) | Keymark and Q-Mark certification systems | ISO certification for thermal and moisture testing","Forschungsinstitut für Wärmeschutz e.V. München is a carbon/GHG verification body, based in Munich, Germany, established in 1918. Appears in 1 official registry: redcert. Serves: Europe. Note: carbon scope disputed by enrichment research.",0.5,medium,Enrichment agent disputed carbon scope: Provides testing and certification for building thermal insulation materials only; does not provide carbon/GHG/EPD verification services
663,Fyfe Pty Ltd,firm,,1982,Australia,Adelaide,Australia,,aus-cer,NGER/ACCU,https://cer.gov.au/schemes/audits-our-schemes/find-auditor,"400+ staff across 16 Australian offices | Founded 1982 - 42+ years in operation | ECAAS certification (Environmental Consultant Accreditation Assessment Scheme) | ISO 9001:2015, ISO 45001:2018 certifications","Fyfe Pty Ltd is a carbon/GHG verification body, based in Adelaide, Australia, established in 1982. Appears in 1 official registry: aus-cer. Serves: Australia. Note: carbon scope disputed by enrichment research.",0.5,medium,"Enrichment agent disputed carbon scope: Multi-discipline environmental consulting and engineering firm; not a carbon/GHG verifier. Provides engineering, surveying, environmental assessment, biodiversity studies, and contaminated land services."
664,Ian William Proudfoot,individual-practice,https://www.kpmg.com/nz,,New Zealand,,New Zealand,audit; agribusiness,nz-epa,NZ ETS,https://www.epa.govt.nz/industry-areas/emissions-trading-scheme/participating-in-the-ets/unique-emissions-factors/,Licensed auditor | Fellow of Chartered Accountants Australia and New Zealand | KPMG Partner for Consumer/Industrial Markets and Agribusiness | Lead author KPMG Agribusiness Agenda since 2010,"Ian William Proudfoot is a individually approved verifier practice, based in New Zealand. Appears in 1 official registry: nz-epa. Sectors: audit, agribusiness. Serves: New Zealand. Note: carbon scope disputed by enrichment research.",0.5,medium,Enrichment agent disputed carbon scope: Licensed auditor at KPMG NZ with agribusiness expertise; no evidence of carbon/GHG/EPD verification credentials or DOE designation
665,INSTITUTO MEXICANO DEL PETRÓLEO,firm,,1965,Mexico,Mexico City,Mexico,,mx-semarnat,Mexico RENE,https://www.gob.mx/profepa/acciones-y-programas/organismos-de-tercera-parte,"Decentralized public research center created August 23, 1965 | Operations began March 1966 with 316 workers | Focused on research, technology development, and innovation in hydrocarbon sector | Laboratories with national and international accreditations (non-carbon focused)","INSTITUTO MEXICANO DEL PETRÓLEO is a carbon/GHG verification body, based in Mexico City, Mexico, established in 1965. Appears in 1 official registry: mx-semarnat. Serves: Mexico. Note: carbon scope disputed by enrichment research.",0.5,medium,"Enrichment agent disputed carbon scope: Government research institute focused on petroleum technology, research, and innovation. Not confirmed as formal third-party GHG verification body accredited by SEMARNAT, despite government page referencing emissions certification body."
666,Korea Productivity Center,firm,https://eng.kpc.or.kr/,,South Korea,,South Korea,management qualification; training; certification body accreditation,korea-ets,K-ETS,https://nier.go.kr/front/kor/cmm/nier_law01.do?menuNo=13004,Operates 28 regional qualification centers | Over 20 years in qualification development | Develops nationally-accredited certifications and private qualifications,"Korea Productivity Center is a carbon/GHG verification body, based in South Korea. Appears in 1 official registry: korea-ets. Sectors: management qualification, training, certification body accreditation. Serves: South Korea. Note: carbon scope disputed by enrichment research.",0.5,medium,Enrichment agent disputed carbon scope: Quality assurance and training organization; not among the 17+1 officially designated GHG verifiers in Korea
667,KREA Consulting,firm,,,Australia,Melbourne,Australia,energy; carbon consultancy,aus-cer,NGER/ACCU,https://cer.gov.au/schemes/audits-our-schemes/find-auditor,Climate Active Registered Consultant | Staff holds Registered Greenhouse and Energy Auditor credential with Clean Energy Regulator | ~20+ years experience (Katherine Simmons background in industry),"KREA Consulting is a carbon/GHG verification body, based in Melbourne, Australia. Appears in 1 official registry: aus-cer. Sectors: energy, carbon consultancy. Serves: Australia. Note: carbon scope disputed by enrichment research.",0.5,medium,"Enrichment agent disputed carbon scope: Carbon/energy consultant and advisor, not a third-party carbon verification body; Registered Consultant for Climate Active (advisory role), not listed as a verification body"
668,Marianne Kjendseth Wiik,firm,,,Norway,Oslo,Norway,LCA research; buildings,epd-norge,EPD Norge,https://www.epd-global.com/epd-er/lage-epder/uavhengige-verifikatorer/,"Research Scientist in Architectural Engineering at SINTEF Community | Published research on whole-life carbon benchmarks for Norwegian buildings | Research analyzes 186 Norwegian LCA building case studies using EPD data | Expertise in zero emission buildings (ZEB), embodied carbon, and building circularity","Marianne Kjendseth Wiik is a carbon/GHG verification body, based in Oslo, Norway. Appears in 1 official registry: epd-norge. Sectors: LCA research, buildings. Serves: Norway. Note: carbon scope disputed by enrichment research.",0.5,medium,"Enrichment agent disputed carbon scope: Research scientist at SINTEF; focused on LCA research and building carbon analysis, not a third-party verification provider"
669,MJM Environmental Pty Ltd,firm,,,Australia,Newcastle,Australia,Air emissions testing; Water/wastewater engineering; Environmental engineering,aus-cer,NGER/ACCU,https://cer.gov.au/schemes/audits-our-schemes/find-auditor,"NATA accreditation for ISO/IEC 17025 chemical testing | Global-Mark accreditation for Quality Assurance and Work Health and Safety | Location: Level 2, 335 Wharf Road, Newcastle NSW 2300","MJM Environmental Pty Ltd is a carbon/GHG verification body, based in Newcastle, Australia. Appears in 1 official registry: aus-cer. Sectors: Air emissions testing, Water/wastewater engineering, Environmental engineering. Serves: Australia. Note: carbon scope disputed by enrichment research.",0.5,medium,"Enrichment agent disputed carbon scope: Environmental engineering consultancy; no carbon/GHG verification services identified. Website shows focus on water/wastewater, air emissions testing, and environmental engineering—not third-party carbon verification."
670,PKF Brisbane Audit,firm,,,Australia,Brisbane,Australia; Queensland,audit; assurance; ESG; sustainability,aus-cer,NGER/ACCU,https://cer.gov.au/schemes/audits-our-schemes/find-auditor,>50 years history in Queensland | 8 partners and ~60 staff in Queensland | Part of global PKF network | Offers sustainability and ESG practice through PKF Parvate Sustainability joint venture,"PKF Brisbane Audit is a carbon/GHG verification body, based in Brisbane, Australia. Appears in 1 official registry: aus-cer. Sectors: audit, assurance, ESG, sustainability. Serves: Australia, Queensland. Note: carbon scope disputed by enrichment research.",0.5,medium,Enrichment agent disputed carbon scope: General audit and assurance firm offering ESG/sustainability consulting; not registered as third-party carbon credit verifier in Australian ACCU scheme
671,PKF Melbourne,firm,,,Australia,Melbourne,Australia; Victoria,audit; assurance; ESG; sustainability,aus-cer,NGER/ACCU,https://cer.gov.au/schemes/audits-our-schemes/find-auditor,Part of global PKF network with multiple Australian offices | Offers audit and assurance services | Part of PKF Parvate Sustainability joint venture for ESG services,"PKF Melbourne is a carbon/GHG verification body, based in Melbourne, Australia. Appears in 1 official registry: aus-cer. Sectors: audit, assurance, ESG, sustainability. Serves: Australia, Victoria. Note: carbon scope disputed by enrichment research.",0.5,medium,Enrichment agent disputed carbon scope: General audit and assurance firm; no evidence of registration as third-party carbon credit verifier
672,PKF Sydney & Newcastle,firm,,,Australia,Sydney,Australia; New South Wales,audit; assurance; ESG; sustainability,aus-cer,NGER/ACCU,https://cer.gov.au/schemes/audits-our-schemes/find-auditor,Part of global PKF network | Multiple offices across Australia | Offers audit and ESG services,"PKF Sydney & Newcastle is a carbon/GHG verification body, based in Sydney, Australia. Appears in 1 official registry: aus-cer. Sectors: audit, assurance, ESG, sustainability. Serves: Australia, New South Wales. Note: carbon scope disputed by enrichment research.",0.5,medium,Enrichment agent disputed carbon scope: General audit and assurance firm; no evidence of third-party carbon credit verification services
673,Sustainable Savings Pty Ltd,firm,,,Australia,Adelaide,Australia,renewable energy; solar; electricity retail,aus-cer,NGER/ACCU,https://cer.gov.au/schemes/audits-our-schemes/find-auditor,Carbon neutral certification achieved January 2019 | Authorized electricity retailer by Australian Energy Regulator (AER) - July 2017 | PhD team for deployment and sustainability reporting,"Sustainable Savings Pty Ltd is a carbon/GHG verification body, based in Adelaide, Australia. Appears in 1 official registry: aus-cer. Sectors: renewable energy, solar, electricity retail. Serves: Australia. Note: carbon scope disputed by enrichment research.",0.5,medium,Enrichment agent disputed carbon scope: Commercial solar provider and electricity retailer; not a carbon/GHG verification or validation body
674,SW Accountants & Advisors Pty Ltd,firm,,,Australia,,Australia,accounting; advisory; clean energy assurance; climate active verification,aus-cer,NGER/ACCU,https://cer.gov.au/schemes/audits-our-schemes/find-auditor,9th largest national accounting practice in Australia | 90-year operating history (established ~1930s) | Offers Clean Energy Regulator and Climate Active audit assurance services | Provides National Greenhouse and Energy Reporting (NGER) scheme audits,"SW Accountants & Advisors Pty Ltd is a carbon/GHG verification body, based in Australia. Appears in 1 official registry: aus-cer. Sectors: accounting, advisory, clean energy assurance, climate active verification. Serves: Australia. Note: carbon scope disputed by enrichment research.",0.5,medium,Enrichment agent disputed carbon scope: Accounting and advisory firm; provides clean energy assurance services but not independent third-party carbon/GHG verification body
675,TURKISH STANDARDS INSTITUTION,firm,,1954,Turkey,,Turkey,,corsia,CORSIA,https://www.icao.int/sites/default/files/environmental-protection/CORSIA/Documents/CORSIA%20Central%20Registry/CCR-Info-Data-Transparency_PartI_13ed_web.pdf,Established 1954 as Turkey's national standards body | Authorizes verification body accreditation via TÜRKAK framework | Operates technical infrastructure for Turkey's Carbon Offset System (TR KDS),"TURKISH STANDARDS INSTITUTION is a carbon/GHG verification body, based in Turkey, established in 1954. Appears in 1 official registry: corsia. Serves: Turkey. Note: carbon scope disputed by enrichment research.",0.5,medium,Enrichment agent disputed carbon scope: National standards body and conformity assessment organization; operates carbon system infrastructure but is not itself a third-party carbon verifier
676,Vegard Ruttenborg,firm,,,Norway,,Norway; Nordic region,Environmental product declarations for building materials; life cycle assessment,epd-norge,EPD Norge,https://www.epd-global.com/epd-er/lage-epder/uavhengige-verifikatorer/,EPD-Norge registry listing | NIRAS Norge AS affiliation | Norwegian Institute of Wood Technology collaboration | LCA expertise in wood and construction materials,"Vegard Ruttenborg is a carbon/GHG verification body, based in Norway. Appears in 1 official registry: epd-norge. Sectors: Environmental product declarations for building materials, life cycle assessment. Serves: Norway, Nordic region. Note: carbon scope disputed by enrichment research.",0.5,medium,"Enrichment agent disputed carbon scope: EPD author/developer for building materials, not third-party carbon/GHG verification provider. EPD scope is product-level environmental data, not organizational GHG emissions."
677,BDO East Coast Partnership,firm,,,Australia,,"Australia (Adelaide, Brisbane, Cairns, Darwin, Hobart, Melbourne, Perth, Sydney, Sunshine Coast)",Carbon accounting (advisory); Sustainability reporting,aus-cer,NGER/ACCU,https://cer.gov.au/schemes/audits-our-schemes/find-auditor,Member of BDO Australia independent association | Access to BDO Australia carbon services,"BDO East Coast Partnership is a carbon/GHG verification body, based in Australia. Appears in 1 official registry: aus-cer. Sectors: Carbon accounting (advisory), Sustainability reporting. Serves: Australia (Adelaide, Brisbane, Cairns, Darwin, Hobart, Melbourne, Perth, Sydney, Sunshine Coast). Note: carbon scope disputed by enrichment research.",0.45,low,Enrichment agent disputed carbon scope: Association of independent accounting practices; offers carbon accounting services through BDO network but no evidence of independent third-party carbon verification
678,CERTHIA LIMITADA,firm,www.certhia.pe,,Peru,,Peru; Chile; Spain,Quality management; Environmental management; Occupational health and safety,inacal-peru,INACAL ISO 14065,https://www.inacal.gob.pe/repositorioaps/data/1/1/4/jer/acreditados/files/OCSG/Directorio%20de%20OEC%20(OCSG)%2003-07-2026.pdf,Multi-country operations | ISO 14001 and ISO 45001 certification provider,"CERTHIA LIMITADA is a carbon/GHG verification body, based in Peru. Appears in 1 official registry: inacal-peru. Sectors: Quality management, Environmental management, Occupational health and safety. Serves: Peru, Chile, Spain. Note: carbon scope disputed by enrichment research.",0.45,low,Enrichment agent disputed carbon scope: General ISO certification body - not carbon/GHG/EPD verification
679,Earthster,firm,https://www.earthster.org,,,,Global,,smart-epd,SmartEPD,https://smartepd.com/resources/#independent_verifiers,"Founded by environmental scientists (Gregory Norris - MIT/Harvard LCA expert, Daniel Collado-Ruiz - eco-innovation, Antti Kosunen) | ISO 14044 compliant software | Listed as client on SMART-EPD | Cloud-based LCA platform serving 2500+ organizations",Earthster is a carbon/GHG verification body. Appears in 1 official registry: smart-epd. Serves: Global. Note: carbon scope disputed by enrichment research.,0.45,low,"Enrichment agent disputed carbon scope: Software/SaaS platform provider, not third-party carbon/GHG/EPD verification service. Earthster is a Life Cycle Assessment software tool that facilitates verification workflows (collaborative internal verification), but does not provide third-party certification or verification services itself."
680,"EFECTO ZERO, S.A.P.I DE C.V.",firm,,,Mexico,Unknown,Mexico,greenhouse gas emissions,mx-semarnat,Mexico RENE,https://www.gob.mx/profepa/acciones-y-programas/organismos-de-tercera-parte,Listed in mx-semarnat registry (proof of verification role),"EFECTO ZERO, S.A.P.I DE C.V. is a carbon/GHG verification body, based in Unknown, Mexico. Appears in 1 official registry: mx-semarnat. Sectors: greenhouse gas emissions. Serves: Mexico.",0.45,low,
681,Lindsay James Robertson,individual-practice,https://www.wsp.com/,,New Zealand,Unknown,New Zealand,,nz-epa,NZ ETS,https://www.epa.govt.nz/industry-areas/emissions-trading-scheme/participating-in-the-ets/unique-emissions-factors/,Listed on nz-epa registry (New Zealand Environmental Protection Authority) | LinkedIn profile shows renewable energy and sustainability background | Associated with WSP (multinational consulting firm) for energy/carbon work,"Lindsay James Robertson is a individually approved verifier practice, based in Unknown, New Zealand. Appears in 1 official registry: nz-epa. Serves: New Zealand. Note: carbon scope disputed by enrichment research.",0.45,low,"Enrichment agent disputed carbon scope: Cannot confirm individual operates independent third-party carbon verification practice; website listed is WSP (a consulting firm), not personal practice"
682,LOT INTERNACIONAL S.A.C.,firm,www.lotinternacional.com,,Peru,Chiclayo,Peru; Brazil; Argentina; Chile,,inacal-peru,INACAL ISO 14065,https://www.inacal.gob.pe/repositorioaps/data/1/1/4/jer/acreditados/files/OCSG/Directorio%20de%20OEC%20(OCSG)%2003-07-2026.pdf,"INACAL accredited OEC with ISO 17021 and ISO 17025 | IQNET member since June 2018 | First Peruvian company accredited for ISO 9001, ISO 14001, ISO 45001, ISO 37001","LOT INTERNACIONAL S.A.C. is a carbon/GHG verification body, based in Chiclayo, Peru. Appears in 1 official registry: inacal-peru. Serves: Peru, Brazil, Argentina, Chile. Note: carbon scope disputed by enrichment research.",0.45,low,"Enrichment agent disputed carbon scope: Certification body for management systems (ISO 9001, ISO 14001, ISO 45001, ISO 37001) and testing laboratory; does not provide carbon/GHG/EPD verification services"
683,Lukasiewicz-PIMOT,firm,https://pimot.lukasiewicz.gov.pl,,Poland,,Poland,,redcert,REDcert,https://www.redcert.org/en-us/certification/approved-certification-bodies/,"Part of Łukasiewicz Research Network (22 institutes, ~4,500 scientists/engineers) | REDCERT/SURE/REDcert2 authorized certification body | Maintains certificate verification portal (cert.pimot.lukasiewicz.gov.pl) | Dedicated Certification Section for biomass and fuel compliance","Lukasiewicz-PIMOT is a carbon/GHG verification body, based in Poland. Appears in 1 official registry: redcert. Serves: Poland. Note: carbon scope disputed by enrichment research.",0.45,low,"Enrichment agent disputed carbon scope: REDCERT certifies biomass/biofuels/bioliquids sustainability, not carbon/GHG verification or product carbon footprinting"
684,Nicole Claire Dring,individual-practice,https://www.deloitte.com/nz/,,New Zealand,Christchurch,New Zealand,,nz-epa,NZ ETS,https://www.epa.govt.nz/industry-areas/emissions-trading-scheme/participating-in-the-ets/unique-emissions-factors/,Partner at Deloitte New Zealand | Experienced audit professional | Member of Deloitte Sustainability & Climate team,"Nicole Claire Dring is a individually approved verifier practice, based in Christchurch, New Zealand. Appears in 1 official registry: nz-epa. Serves: New Zealand. Note: carbon scope disputed by enrichment research.",0.45,low,"Enrichment agent disputed carbon scope: Partner at Deloitte New Zealand in assurance and advisory with sustainability focus; not found on EPD Australasia's approved verifiers list. Registry listing (nz-epa) likely refers to Deloitte as an organization, not her individual practice."
685,Safecarbon,firm,,,Unknown,,,energy; waste; agriculture,cdm-all-does; cdm-doe,UNFCCC CDM,https://cdm.unfccc.int/DOE/list/index.html,"Listed in CDM registries (cdm-all-does, cdm-doe) indicating UN-UNFCCC accreditation pathway","Safecarbon is a carbon/GHG verification body, based in Unknown. Appears in 2 official registries: cdm-all-does, cdm-doe. Sectors: energy, waste, agriculture.",0.45,low,
686,ANCE,firm,https://ance.org.mx,,Mexico,Mexico City,Mexico; Washington D.C.,,cercarbono; ecoregistry,Cercarbono Carbon Programme,https://cercarbono.com/validation-and-verification/ | https://www.cercarbono.com/validation-and-verification/,,"ANCE is a carbon/GHG verification body, based in Mexico City, Mexico. Appears in 2 official registries: cercarbono, ecoregistry. Serves: Mexico, Washington D.C.. Note: carbon scope disputed by enrichment research.",0.4,low,"Enrichment agent disputed carbon scope: Certification body and standards organization with broad scope (electrical sector, product certification, management systems, laboratory testing). Not a specialized third-party carbon/GHG/EPD verification provider. While listed in Cercarbono and Ecoregistry, ANCE functions as a conformity evaluation body rather than a dedicated carbon verifier."
687,Apex Companies,firm,https://www.apexcos.com,1988,United States,"Rockville, MD",United States,,carbonsig-directory,CARB; CDP,https://www.apexcos.com,"accreditations: CARB, CDP","Apex Companies is a carbon/GHG verification body, based in Rockville, MD, United States, established in 1988. Serves: United States.",0.4,low,
688,"Arka Pandit, Ph.D.",individual-practice,,,United States,,,life cycle assessment; environmental product declarations,smart-epd,SmartEPD,https://smartepd.com/resources/#independent_verifiers,Ph.D. in Environmental Engineering from Georgia Institute of Technology | ACLCA certified LCA practitioner | Certified LCA reviewer | Over 100 LCA critical reviews performed,"Arka Pandit, Ph.D. is a individually approved verifier practice, based in United States. Appears in 1 official registry: smart-epd. Sectors: life cycle assessment, environmental product declarations. Note: carbon scope disputed by enrichment research.",0.4,low,"Enrichment agent disputed carbon scope: Researcher and practitioner with LCA/EPD expertise, currently employed as sustainability engineer at Dematic; no evidence of operating as independent third-party carbon/GHG/EPD verification service provider"
689,"AUDITORÍAS AMBIENTALES MGR, S.C.",firm,,,Mexico,Nuevo León,Mexico,Environmental compliance auditing; Regulatory compliance verification,mx-semarnat,Mexico RENE,https://www.gob.mx/profepa/acciones-y-programas/organismos-de-tercera-parte,Accredited by SEMARNAT under NOM-083-SEMARNAT-2003 | Operates within Mexico's National Environmental Audit Program (PNAA),"AUDITORÍAS AMBIENTALES MGR, S.C. is a carbon/GHG verification body, based in Nuevo León, Mexico. Appears in 1 official registry: mx-semarnat. Sectors: Environmental compliance auditing, Regulatory compliance verification. Serves: Mexico. Note: carbon scope disputed by enrichment research.",0.4,low,"Enrichment agent disputed carbon scope: Environmental auditing firm accredited by SEMARNAT for environmental compliance audits under Mexican standards (NOM-083-SEMARNAT-2003), not a third-party carbon/GHG verification body"
690,AWMS Inc.,firm,https://www.awm.net,1985,United States,"Hixson, TN",United States,,carbonsig-directory,ANAB,https://www.awm.net,accreditations: ANAB,"AWMS Inc. is a carbon/GHG verification body, based in Hixson, TN, United States, established in 1985. Serves: United States.",0.4,low,
691,Brett Tomkins,individual-practice,https://www.deloitte.com/nz/,,New Zealand,Auckland,New Zealand,,nz-epa,NZ ETS,https://www.epa.govt.nz/industry-areas/emissions-trading-scheme/participating-in-the-ets/unique-emissions-factors/,Deloitte partner profile exists | Deloitte offers sustainability and climate services broadly,"Brett Tomkins is a individually approved verifier practice, based in Auckland, New Zealand. Appears in 1 official registry: nz-epa. Serves: New Zealand. Note: carbon scope disputed by enrichment research.",0.4,low,Enrichment agent disputed carbon scope: Deloitte partner (Firm Risk Leader) in New Zealand. No evidence of carbon/GHG/EPD verification role. Website is general Deloitte business page with no specific carbon verification credentials.
692,Carbonology,firm,https://www.carbonologyverification.com,2006,United Kingdom,"London, UK",United Kingdom; Global,,carbonsig-directory,CDP,https://www.carbonologyverification.com,"accreditations: UKAS, CDP","Carbonology is a carbon/GHG verification body, based in London, UK, United Kingdom, established in 2006. Serves: United Kingdom, Global.",0.4,low,
693,"Centre of Excellence on environmental strategy for GREEN business, Faculty of Environment, Kasetsart University",firm,,,Thailand,Bangkok,Thailand,Environmental strategy; Carbon measurement,tgo-tver,T-VER,https://ghgreduction.tgo.or.th/en/external-validation-verification-body/list-of-registered-vvb.html,Registered as VVB in TGO-TVER (Thailand GHG registry) | Part of Kasetsart University Faculty of Environment,"Centre of Excellence on environmental strategy for GREEN business, Faculty of Environment, Kasetsart University is a carbon/GHG verification body, based in Bangkok, Thailand. Appears in 1 official registry: tgo-tver. Sectors: Environmental strategy, Carbon measurement. Serves: Thailand. Note: carbon scope disputed by enrichment research.",0.4,low,"Enrichment agent disputed carbon scope: Academic institution - program operator, not commercial third-party verifier"
694,DQS,firm,https://www.dqsglobal.com,1985,Germany,"Frankfurt, Germany",Global,,carbonsig-directory,EU ETS; ISCC,https://www.dqsglobal.com,"accreditations: DAkkS, Multiple NABs","DQS is a carbon/GHG verification body, based in Frankfurt, Germany, Germany, established in 1985. Serves: Global.",0.4,low,
695,ERM CVS,firm,https://www.erm.com/ermcvs,1996,United Kingdom,"London, UK",Global,,carbonsig-directory,Verra VCS; Gold Standard; ISCC,https://www.erm.com/ermcvs,"accreditations: ANAB, UKAS, CARB","ERM CVS is a carbon/GHG verification body, based in London, UK, United Kingdom, established in 1996. Serves: Global.",0.4,low,
696,Grant Thornton Australia,firm,,,Australia,,Australia,,aus-cer,NGER/ACCU,https://cer.gov.au/schemes/audits-our-schemes/find-auditor,Sustainability assurance team offering GHG inventory and scope 1/2/3 support | Partnership with Sumday for carbon accounting services | ESG and sustainability reporting advisory,"Grant Thornton Australia is a carbon/GHG verification body, based in Australia. Appears in 1 official registry: aus-cer. Serves: Australia. Note: carbon scope disputed by enrichment research.",0.4,low,"Enrichment agent disputed carbon scope: Grant Thornton Australia provides sustainability advisory, assurance, and carbon accounting services as a professional services firm, not third-party carbon/GHG/EPD certification or verification services."
697,GUTcert,firm,https://www.gut-cert.de,1997,Germany,"Berlin, Germany",Europe,,carbonsig-directory,EU ETS; ISCC,https://www.gut-cert.de,"accreditations: DAkkS, EMAS","GUTcert is a carbon/GHG verification body, based in Berlin, Germany, Germany, established in 1997. Serves: Europe.",0.4,low,
698,Intechnica Cert GmbH,firm,www.intechnica.eu,1990,Germany,Nuremberg,Global,,sure-eu,SURE-EU,https://sure-system.org/fileadmin/user_upload/SURE/Dokumente/Zertstellen/20260626_Addresses_of_all_Certification_Bodies.pdf,,"Intechnica Cert GmbH is a carbon/GHG verification body, based in Nuremberg, Germany, established in 1990. Appears in 1 official registry: sure-eu. Serves: Global. Note: carbon scope disputed by enrichment research.",0.4,low,"Enrichment agent disputed carbon scope: Consultancy firm that explicitly states 'we offer our clients as consultants of Intechnica Consult no certification or validation' to maintain independence and impartiality. Provides consulting only, not third-party verification services."
699,Intertek,firm,https://www.intertek.com,1885,United Kingdom,"London, UK",Global,,carbonsig-directory,EU ETS; ISCC,https://www.intertek.com,"accreditations: UKAS, ANAB, Multiple EU NABs","Intertek is a carbon/GHG verification body, based in London, UK, United Kingdom, established in 1885. Serves: Global.",0.4,low,
700,"KamalaKanta Sahoo, Ph.D.",individual-practice,,,United States,,,Life Cycle Assessment,smart-epd,SmartEPD,https://smartepd.com/resources/#independent_verifiers,Ph.D. in Engineering | LCA specialist at ADM | Research publications in LCA and sustainability,"KamalaKanta Sahoo, Ph.D. is a individually approved verifier practice, based in United States. Appears in 1 official registry: smart-epd. Sectors: Life Cycle Assessment. Note: carbon scope disputed by enrichment research.",0.4,low,"Enrichment agent disputed carbon scope: Kamalakanta Sahoo is an LCA researcher and specialist employed at ADM, not an individual practice providing third-party carbon/GHG verification or certification services. His work is in life cycle assessment research and product carbon footprinting, not independent verification."
701,Lakin Environmental Pty Ltd,firm,,,Australia,Unknown,"Australia (Victoria, NSW, national programs)",,aus-cer,NGER/ACCU,https://cer.gov.au/schemes/audits-our-schemes/find-auditor,More than a decade operating in regulated energy markets (Australia) | Member of Chartered Accountants Australia and New Zealand (CA ANZ) | Works with ACCU projects and carbon compliance audit,"Lakin Environmental Pty Ltd is a carbon/GHG verification body, based in Unknown, Australia. Appears in 1 official registry: aus-cer. Serves: Australia (Victoria, NSW, national programs). Note: carbon scope disputed by enrichment research.",0.4,low,Enrichment agent disputed carbon scope: Audit and assurance firm for energy/carbon compliance; does not provide independent third-party carbon/GHG verification
702,Locus Technologies,firm,https://www.locustec.com,1997,United States,"Mountain View, CA",California; Oregon; Washington,,carbonsig-directory,CARB,https://www.locustec.com,"accreditations: CARB, Oregon DEQ, Washington State","Locus Technologies is a carbon/GHG verification body, based in Mountain View, CA, United States, established in 1997. Serves: California, Oregon, Washington.",0.4,low,
703,MNSA Accountants,firm,,,Australia,,Australia,,aus-cer,NGER/ACCU,https://cer.gov.au/schemes/audits-our-schemes/find-auditor,"Accounting and auditing services; auditor for 10 listed Australian companies | Founded by Mark Schiliro (formerly KPMG, Grosvenor Schiliro) | 38+ years experience as chartered accountant","MNSA Accountants is a carbon/GHG verification body, based in Australia. Appears in 1 official registry: aus-cer. Serves: Australia. Note: carbon scope disputed by enrichment research.",0.4,low,"Enrichment agent disputed carbon scope: Accounting firm; no carbon/GHG verification services found. While listed in AUS-CER registry, search results show only accounting, tax, and business advisory services—no environmental verification credentials identified."
704,NAB,firm,,,Australia,,Australia,,aus-cer,NGER/ACCU,https://cer.gov.au/schemes/audits-our-schemes/find-auditor,Climate Active certified since December 2010 for Australian operations | Annual re-certification under Climate Active Standard for Organisations | Uses EY for independent assurance of carbon inventory under National Greenhouse and Energy Reporting Act | Bank (not verifier) with commitment to third-party validation of own performance,"NAB is a carbon/GHG verification body, based in Australia. Appears in 1 official registry: aus-cer. Serves: Australia. Note: carbon scope disputed by enrichment research.",0.4,low,Enrichment agent disputed carbon scope: Commercial bank; not a third-party carbon/GHG verifier. NAB holds Climate Active certification for its own Australian operations (uses EY for assurance) but does not provide verification services to other entities.
705,Nexia Edwards Marshall Pty Ltd,firm,https://www.nexiaem.com.au/,,Australia,Darwin,Australia,,aus-cer,NGER/ACCU,https://cer.gov.au/schemes/audits-our-schemes/find-auditor,"Chartered accounting firm | Part of Nexia global network (600+ offices, 120+ countries) | 20+ years operating in Northern Territory | Registered tax agent","Nexia Edwards Marshall Pty Ltd is a carbon/GHG verification body, based in Darwin, Australia. Appears in 1 official registry: aus-cer. Serves: Australia. Note: carbon scope disputed by enrichment research.",0.4,low,"Enrichment agent disputed carbon scope: Chartered accounting and tax advisory firm. No carbon, GHG, or emissions verification services identified."
706,NQA Global,firm,https://www.nqa.com,1988,United Kingdom,"Dunstable, UK",Global,,carbonsig-directory,ISO 14064 verification,https://www.nqa.com,accreditations: UKAS,"NQA Global is a carbon/GHG verification body, based in Dunstable, UK, United Kingdom, established in 1988. Serves: Global.",0.4,low,
707,ProYou Business Advisory Pty Ltd,firm,https://www.proyou.com.au,,Australia,"Parramatta, New South Wales",Australia,,aus-cer,NGER/ACCU,https://cer.gov.au/schemes/audits-our-schemes/find-auditor,"Established accounting and business advisory firm | Services include audit, taxation, business consulting","ProYou Business Advisory Pty Ltd is a carbon/GHG verification body, based in Parramatta, New South Wales, Australia. Appears in 1 official registry: aus-cer. Serves: Australia. Note: carbon scope disputed by enrichment research.",0.4,low,Enrichment agent disputed carbon scope: Professional accounting and business consulting firm. No evidence of providing third-party carbon/GHG/EPD verification services. Registry listing likely reflects general audit credentials unrelated to carbon verification.
708,SAC Consulting Ltd,firm,https://www.sruc.ac.uk/business-services/sac-consulting/,,United Kingdom,Scotland,United Kingdom,,peatland-code,Peatland Code,https://www.iucn-uk-peatlandprogramme.org/validation-and-verification-bodies,"Part of SAC (Scottish Agricultural College) with 100+ year history | Provides advisory services to farmers, crofters, rural estate owners, SMEs, multinationals, governments | Focuses on agricultural and land-based sectors","SAC Consulting Ltd is a carbon/GHG verification body, based in Scotland, United Kingdom. Appears in 1 official registry: peatland-code. Serves: United Kingdom. Note: carbon scope disputed by enrichment research.",0.4,low,"Enrichment agent disputed carbon scope: NGO/agricultural consultant providing advisory services on carbon footprint and supply chain emissions reduction, not third-party carbon/GHG/EPD verification or certification"
709,Scottish Food Quality Certification Ltd (SFQC),firm,,1995,United Kingdom,Scotland,United Kingdom,,woodland-code,Woodland Carbon Code,https://landscapejuicenetwork.com/profiles/blogs/accreditations-for-carbon-capturing-woodland-creation-project,"Founded 1995 as world's first farm and food certification business accredited to ISO Guide 65 | Certified approximately 15,000 Scottish farms by late 1990s (~90% of Scottish farm output)","Scottish Food Quality Certification Ltd (SFQC) is a carbon/GHG verification body, based in Scotland, United Kingdom, established in 1995. Appears in 1 official registry: woodland-code. Serves: United Kingdom. Note: carbon scope disputed by enrichment research.",0.4,low,"Enrichment agent disputed carbon scope: Food and farm certification body focused on food safety, farm assurance (BRC Global Food Standards, Red Tractor), and food quality — no carbon/GHG/EPD verification scope"
710,Terrae,firm,https://terrae-certifications.fr,,France,Sainte Savine,France,,2bsvs,2BSvs,https://www.2bsvs.org/certification-bodies/,"Agricultural certification body specializing in environmental and food safety certifications | Listed on 2bsvs registry | Office at 116 Rue Paul Doumer, 10300 Sainte Savine","Terrae is a carbon/GHG verification body, based in Sainte Savine, France. Appears in 1 official registry: 2bsvs. Serves: France. Note: carbon scope disputed by enrichment research.",0.4,low,"Enrichment agent disputed carbon scope: Agricultural certification body; 2bsvs registry is food safety system (HVE, grain handling, transport quality certifications) with non-carbon scope"
711,The Carbon Trust,firm,https://www.carbontrust.com,2001,United Kingdom,"London, UK",Global,,carbonsig-directory,Carbon Trust certification; CDP,https://www.carbontrust.com,"accreditations: UKAS, CDP","The Carbon Trust is a carbon/GHG verification body, based in London, UK, United Kingdom, established in 2001. Serves: Global.",0.4,low,
712,Alison Conroy,individual-practice,,,United States,,United States,,smart-epd,SmartEPD,https://smartepd.com/resources/#independent_verifiers,Listed in SMART-EPD registry | LCA practitioner certified since 2012 | 15+ years experience in sustainability,"Alison Conroy is a individually approved verifier practice, based in United States. Appears in 1 official registry: smart-epd. Serves: United States. Note: carbon scope disputed by enrichment research.",0.35,low,Enrichment agent disputed carbon scope: Employee practitioner with LCA/EPD expertise at Novelis; not an independent third-party verification body
713,Baitong Huang,firm,,,Norway,,Norway,EPD authoring/document preparation (wood products),epd-norge,EPD Norge,https://www.epd-global.com/epd-er/lage-epder/uavhengige-verifikatorer/,,"Baitong Huang is a carbon/GHG verification body, based in Norway. Appears in 1 official registry: epd-norge. Sectors: EPD authoring/document preparation (wood products). Serves: Norway. Note: carbon scope disputed by enrichment research.",0.35,low,"Enrichment agent disputed carbon scope: EPD document author/preparer, not third-party verifier; actual verifiers on EPDs credited to others (e.g., Alexander Borg, Asplan Viak AS)"
714,"ECOURBANIA, S.A. D.E C.V.",firm,,,Mexico,,Mexico,,mx-semarnat,Mexico RENE,https://www.gob.mx/profepa/acciones-y-programas/organismos-de-tercera-parte,Listed in Mexican SEMARNAT accreditation registry | Company website describes air engineering and treatment services,"ECOURBANIA, S.A. D.E C.V. is a carbon/GHG verification body, based in Mexico. Appears in 1 official registry: mx-semarnat. Serves: Mexico. Note: carbon scope disputed by enrichment research.",0.35,low,Enrichment agent disputed carbon scope: Limited evidence of carbon/GHG verification operations. Company appears to operate in air engineering and HVAC/environmental control systems. Listed in MX-SEMARNAT registry but no additional verification credentials found.
715,Foresight Consulting Group Pty Ltd,firm,,,Australia,Melbourne,Australia,,aus-cer,NGER/ACCU,https://cer.gov.au/schemes/audits-our-schemes/find-auditor,Registered in Australian business databases | Sustainability and climate advisory expertise,"Foresight Consulting Group Pty Ltd is a carbon/GHG verification body, based in Melbourne, Australia. Appears in 1 official registry: aus-cer. Serves: Australia. Note: carbon scope disputed by enrichment research.",0.35,low,"Enrichment agent disputed carbon scope: Provides sustainability and climate change consulting advisory services, not third-party carbon/GHG verification services"
716,INTERNATIONAL CERTIFICATION ORGANIZATION S.A.C.,firm,https://icocert.pe,,Peru,Lima,Peru,,inacal-peru,INACAL ISO 14065,https://www.inacal.gob.pe/repositorioaps/data/1/1/4/jer/acreditados/files/OCSG/Directorio%20de%20OEC%20(OCSG)%2003-07-2026.pdf,Accredited by IAF and INACAL | More than 20 years market experience,"INTERNATIONAL CERTIFICATION ORGANIZATION S.A.C. is a carbon/GHG verification body, based in Lima, Peru. Appears in 1 official registry: inacal-peru. Serves: Peru. Note: carbon scope disputed by enrichment research.",0.35,low,"Enrichment agent disputed carbon scope: ISO management system certification body; verifies ISO 9001, ISO 14001, ISO 37001, ISO 45001 compliance, not carbon/GHG/EPD verification"
717,China Testing & Certification International (CTC),firm,https://www.ctc.ac.cn,,China,"Beijing, China",China; Asia,,carbonsig-directory,Verra VCS; Gold Standard; ISCC; RSB,https://www.ctc.ac.cn,"accreditations: CNAS, Gold Standard, ISCC, RSB","China Testing & Certification International (CTC) is a carbon/GHG verification body, based in Beijing, China, China. Serves: China, Asia.",0.3,low,
718,Florian Gehring,individual-practice,,,Germany,,Germany,,ibu-epd,IBU EPD,https://ibu-epd.com/en/ibu/verifiers/,Listed as independent verifier on IBU (Institut Bauen und Umwelt) verifiers list | Meets IBU's high qualification standards for verifiers,"Florian Gehring is a individually approved verifier practice, based in Germany. Appears in 1 official registry: ibu-epd. Serves: Germany. Note: carbon scope disputed by enrichment research.",0.3,low,"Enrichment agent disputed carbon scope: Provides Environmental Product Declaration (EPD) verification for building materials under IBU program, not carbon/greenhouse gas verification"
719,Inversiones Gamma S.A.,firm,,,Cuba,Havana,Cuba; Latin America,,corsia,CORSIA,https://www.icao.int/sites/default/files/environmental-protection/CORSIA/Documents/CORSIA%20Central%20Registry/CCR-Info-Data-Transparency_PartI_13ed_web.pdf,"More than 20 years operating in environmental/technical services | Part of Cuba's Ministry of Science, Technology and Environment","Inversiones Gamma S.A. is a carbon/GHG verification body, based in Havana, Cuba. Appears in 1 official registry: corsia. Serves: Cuba, Latin America. Note: carbon scope disputed by enrichment research.",0.3,low,"Enrichment agent disputed carbon scope: Environmental consulting/engineering firm; specializes in environmental consulting, technological risks, coastal engineering, water resources, and maintenance management, not carbon/GHG verification"
720,KPMG CERT,firm,https://hub.kpmg.de,,Germany,"Cologne, Germany",Germany; Global,,carbonsig-directory,CSRD; EU ETS,https://hub.kpmg.de,"accreditations: DAkkS, EMAS","KPMG CERT is a carbon/GHG verification body, based in Cologne, Germany, Germany. Serves: Germany, Global.",0.3,low,
721,Nicolas Zehnder,individual-practice,nicolas.zehnder@socomec.com,,France,Benfeld,,,pep-ecopassport,PEP ecopassport,https://register.pep-ecopassport.org/documents/public/AP-0006-EN,"Associated with Socomec Group (established 1922, 4800+ employees) | Involved in CENELEC technical committee TC22X (power electronics standardization)","Nicolas Zehnder is a individually approved verifier practice, based in Benfeld, France. Appears in 1 official registry: pep-ecopassport. Note: carbon scope disputed by enrichment research.",0.3,low,"Enrichment agent disputed carbon scope: Environment manager at Socomec (electronics/power equipment manufacturer), not a third-party carbon/EPD verification provider. Registry listing (pep-ecopassport) refers to company involvement in environmental declarations, not individual verification practice."
722,Vincotte,firm,https://www.vincotte.be,,Belgium,"Vilvoorde, Belgium",Belgium; Global,,carbonsig-directory,ISO 17029,https://www.vincotte.be,accreditations: BELAC,"Vincotte is a carbon/GHG verification body, based in Vilvoorde, Belgium, Belgium. Serves: Belgium, Global.",0.3,low,
723,DEV TECHNOLOGY S.A.C.,firm,https://dev-cert.com,,Peru,Lambayeque,Peru,,inacal-peru,INACAL ISO 14065,https://www.inacal.gob.pe/repositorioaps/data/1/1/4/jer/acreditados/files/OCSG/Directorio%20de%20OEC%20(OCSG)%2003-07-2026.pdf,,"DEV TECHNOLOGY S.A.C. is a carbon/GHG verification body, based in Lambayeque, Peru. Appears in 1 official registry: inacal-peru. Serves: Peru. Note: carbon scope disputed by enrichment research.",0.25,low,"Enrichment agent disputed carbon scope: Provides ISO system certifications only (9001, 14001, 22000, 27001, 37001, 45001), not carbon/GHG/EPD verification"
724,Foundation for Industrial Development,firm,,,Thailand,Bangkok,Thailand,,corsia,CORSIA,https://www.icao.int/sites/default/files/environmental-protection/CORSIA/Documents/CORSIA%20Central%20Registry/CCR-Info-Data-Transparency_PartI_13ed_web.pdf,,"Foundation for Industrial Development is a carbon/GHG verification body, based in Bangkok, Thailand. Appears in 1 official registry: corsia. Serves: Thailand. Note: carbon scope disputed by enrichment research.",0.25,low,Enrichment agent disputed carbon scope: Networking institute of Thai Ministry of Industry; no evidence of direct carbon/GHG verification operations. CORSIA registry listing unconfirmed.
725,Korean Management Certification,firm,,,South Korea,,South Korea,,korea-ets,K-ETS,https://nier.go.kr/front/kor/cmm/nier_law01.do?menuNo=13004,,"Korean Management Certification is a carbon/GHG verification body, based in South Korea. Appears in 1 official registry: korea-ets. Serves: South Korea. Note: carbon scope disputed by enrichment research.",0.25,low,"Enrichment agent disputed carbon scope: Management system certification body (related to ISO certification infrastructure), not a GHG/carbon/EPD verification provider"
726,Parq,firm,https://parqhq.com/,,Canada,,Global,,smart-epd,SmartEPD,https://smartepd.com/resources/#independent_verifiers,,"Parq is a carbon/GHG verification body, based in Canada. Appears in 1 official registry: smart-epd. Serves: Global. Note: carbon scope disputed by enrichment research.",0.25,low,Enrichment agent disputed carbon scope: Software platform provider for EPD (Environmental Product Declaration) lifecycle management; does not conduct third-party verification.
727,Power Maintenance,firm,,,Australia,,Australia,,aus-cer,NGER/ACCU,https://cer.gov.au/schemes/audits-our-schemes/find-auditor,Listed in AUS-CER registry,"Power Maintenance is a carbon/GHG verification body, based in Australia. Appears in 1 official registry: aus-cer. Serves: Australia. Note: carbon scope disputed by enrichment research.",0.25,low,"Enrichment agent disputed carbon scope: Entity is registered in AUS-CER but no public information found about the organization, its services, or verification scope. Unable to verify whether it provides third-party carbon/GHG/EPD verification services."
728,Thrive ESG,firm,https://thriveesg.com/,,United States,Unknown,United States,,smart-epd,SmartEPD,https://smartepd.com/resources/#independent_verifiers,,"Thrive ESG is a carbon/GHG verification body, based in Unknown, United States. Appears in 1 official registry: smart-epd. Serves: United States. Note: carbon scope disputed by enrichment research.",0.25,low,Enrichment agent disputed carbon scope: No accessible company information found beyond registry listing; website returns empty content. Cannot confirm verification services.
729,TrueNorth Collective,firm,https://www.truenorthcollective.net/,,United States,,United States,,smart-epd,SmartEPD,https://smartepd.com/resources/#independent_verifiers,,"TrueNorth Collective is a carbon/GHG verification body, based in United States. Appears in 1 official registry: smart-epd. Serves: United States. Note: carbon scope disputed by enrichment research.",0.25,low,"Enrichment agent disputed carbon scope: Consulting firm providing LCA analysis and sustainability strategy services, not a third-party verification provider"
730,Zohaib Ali,firm,,,Norway,,Norway,,epd-norge,EPD Norge,https://www.epd-global.com/epd-er/lage-epder/uavhengige-verifikatorer/,,"Zohaib Ali is a carbon/GHG verification body, based in Norway. Appears in 1 official registry: epd-norge. Serves: Norway. Note: carbon scope disputed by enrichment research.",0.25,low,Enrichment agent disputed carbon scope: Appears as EPD developer/LCA consultant in Norwegian EPD documents rather than as approved third-party verifier. No confirmation of individual verifier approval status with EPD-Norge or EPD International. Associated EPDs list other individuals as third-party verifiers.
731,AMPEG IBERIA S.L.,firm,www.ampecgroup.com,,Spain,,Spain,,sure-eu,SURE-EU,https://sure-system.org/fileadmin/user_upload/SURE/Dokumente/Zertstellen/20260626_Addresses_of_all_Certification_Bodies.pdf,,"AMPEG IBERIA S.L. is a carbon/GHG verification body, based in Spain. Appears in 1 official registry: sure-eu. Serves: Spain. Note: carbon scope disputed by enrichment research.",0.2,low,Enrichment agent disputed carbon scope: Insufficient information; website unreachable and no public verification of carbon/GHG/EPD services
732,DQS GmbH Deutsche Gesellschaft zur Zertifizierung von Managementsystemen,firm,,,Germany,,,,dakks,DAkkS ISO 17029 Verification Body,https://www.dakks.de/en/accredited-bodies-search.html,,"DQS GmbH Deutsche Gesellschaft zur Zertifizierung von Managementsystemen is a carbon/GHG verification body, based in Germany. Appears in 1 official registry: dakks.",0.2,low,
733,Elodie Wagner,individual-practice,https://www.linkedin.com/in/elodie-wagner-42b89a297/,,France,Unknown,,,pep-ecopassport,PEP ecopassport,https://register.pep-ecopassport.org/documents/public/AP-0006-EN,,"Elodie Wagner is a individually approved verifier practice, based in Unknown, France. Appears in 1 official registry: pep-ecopassport. Note: carbon scope disputed by enrichment research.",0.2,low,"Enrichment agent disputed carbon scope: Employee of SOCOMEC (product company); not an independent third-party carbon verifier. Listed contact is SOCOMEC corporate email, not independent practice."
734,"Julie-Anne Chayer, P.Eng.",individual-practice,https://groupeageco.ca/,,Canada,,,,smart-epd,SmartEPD,https://smartepd.com/resources/#independent_verifiers,,"Julie-Anne Chayer, P.Eng. is a individually approved verifier practice, based in Canada. Appears in 1 official registry: smart-epd. Note: carbon scope disputed by enrichment research.",0.2,low,"Enrichment agent disputed carbon scope: Vice President at consulting firm Groupe AGECO specializing in LCA work; EPDs she works on are verified by others (e.g., Lindita Bushi), not independent third-party verifier"
735,NextGen ESG,firm,https://nextgenesg.co/,,United States,,,,smart-epd,SmartEPD,https://smartepd.com/resources/#independent_verifiers,Founder Kristen Rowe: 20+ years corporate sustainability experience,"NextGen ESG is a carbon/GHG verification body, based in United States. Appears in 1 official registry: smart-epd. Note: carbon scope disputed by enrichment research.",0.2,low,"Enrichment agent disputed carbon scope: Advisory/consulting firm providing ESG strategy, GHG inventories, and climate consulting services. Does not provide third-party verification of carbon/GHG claims."
736,Aciter Genelab,firm,,,Ukraine,"Odesa, Ukraine",Ukraine,,carbonsig-directory,ISCC,,accreditations: ISCC,"Aciter Genelab is a carbon/GHG verification body, based in Odesa, Ukraine, Ukraine. Serves: Ukraine.",0.15,low,
737,Alcumus ISOQAR,firm,,,United Kingdom,"Manchester, UK",United Kingdom,,carbonsig-directory,ISCC,,accreditations: ISCC,"Alcumus ISOQAR is a carbon/GHG verification body, based in Manchester, UK, United Kingdom. Serves: United Kingdom.",0.15,low,
738,AMBIENTAL AP S. de R.L. MI,firm,,,Mexico,,Mexico,,mx-semarnat,Mexico RENE,https://www.gob.mx/profepa/acciones-y-programas/organismos-de-tercera-parte,,"AMBIENTAL AP S. de R.L. MI is a carbon/GHG verification body, based in Mexico. Appears in 1 official registry: mx-semarnat. Serves: Mexico. Note: carbon scope disputed by enrichment research.",0.15,low,Enrichment agent disputed carbon scope: Insufficient public information to confirm as carbon/GHG/EPD verifier
739,Baltic Control Certification,firm,,,Denmark,"Risskov, Denmark",Denmark,,carbonsig-directory,ISCC,,accreditations: ISCC,"Baltic Control Certification is a carbon/GHG verification body, based in Risskov, Denmark, Denmark. Serves: Denmark.",0.15,low,
740,Bao Fu Management Consultants,firm,,,Taiwan,Taiwan,Asia-Pacific,,carbonsig-directory,Taiwan carbon market,,accreditations: ANAB,"Bao Fu Management Consultants is a carbon/GHG verification body, based in Taiwan, Taiwan. Serves: Asia-Pacific.",0.15,low,
741,BMC Assurance,firm,,,Spain,"Santander, Spain",Spain,,carbonsig-directory,ISCC,,accreditations: ISCC,"BMC Assurance is a carbon/GHG verification body, based in Santander, Spain, Spain. Serves: Spain.",0.15,low,
742,Certi W Baltic,firm,,,Latvia,"Riga, Latvia",Latvia,,carbonsig-directory,ISCC,,accreditations: ISCC,"Certi W Baltic is a carbon/GHG verification body, based in Riga, Latvia, Latvia. Serves: Latvia.",0.15,low,
743,Certificadora Gallega del Noroeste (CGN),firm,,,Spain,"Vilagarcia de Arousa, Spain",Spain,,carbonsig-directory,ISCC,,accreditations: ISCC,"Certificadora Gallega del Noroeste (CGN) is a carbon/GHG verification body, based in Vilagarcia de Arousa, Spain, Spain. Serves: Spain.",0.15,low,
744,CGN Certification,firm,,,China,China,China,,carbonsig-directory,China carbon market,,accreditations: ANAB,"CGN Certification is a carbon/GHG verification body, based in China, China. Serves: China.",0.15,low,
745,Department of Agriculture,firm,,,Thailand,,Thailand,,tgo-tver,T-VER,https://ghgreduction.tgo.or.th/en/external-validation-verification-body/list-of-registered-vvb.html,,"Department of Agriculture is a carbon/GHG verification body, based in Thailand. Appears in 1 official registry: tgo-tver. Serves: Thailand. Note: carbon scope disputed by enrichment research.",0.15,low,"Enrichment agent disputed carbon scope: Government ministry/department, not third-party verification provider"
746,Department of Chemistry Malaysia,firm,,,Malaysia,,Malaysia,,standards-malaysia,Standards Malaysia ISO 14065 AVVB Scheme,https://cab.jsm.gov.my/cab-directories/srchAvvb,,"Department of Chemistry Malaysia is a carbon/GHG verification body, based in Malaysia. Appears in 1 official registry: standards-malaysia. Serves: Malaysia. Note: carbon scope disputed by enrichment research.",0.15,low,"Enrichment agent disputed carbon scope: Government standards body, not third-party verification provider"
747,Double Helix Tracking Technologies,firm,,,Singapore,Singapore,Singapore; Asia,,carbonsig-directory,ISCC,,accreditations: ISCC,"Double Helix Tracking Technologies is a carbon/GHG verification body, based in Singapore, Singapore. Serves: Singapore, Asia.",0.15,low,
748,Egis Energy,firm,,,France,France,France; Global,,carbonsig-directory,Energy sector GHG,,accreditations: ANAB,"Egis Energy is a carbon/GHG verification body, based in France, France. Serves: France, Global.",0.15,low,
749,Graeme Bennett,individual-practice,https://www.ey.com/nz/,,New Zealand,,,,nz-epa,NZ ETS,https://www.epa.govt.nz/industry-areas/emissions-trading-scheme/participating-in-the-ets/unique-emissions-factors/,,"Graeme Bennett is a individually approved verifier practice, based in New Zealand. Appears in 1 official registry: nz-epa. Note: carbon scope disputed by enrichment research.",0.15,low,"Enrichment agent disputed carbon scope: Graeme Bennett is EY New Zealand Assurance leader; no evidence of independent EPD or carbon verification practice. Role is in general audit/assurance, not specialized carbon/GHG/EPD verification."
750,Green Certificaciones,firm,,,Mexico,Mexico City,Mexico,,carbonsig-directory,CAR,,accreditations: CAR,"Green Certificaciones is a carbon/GHG verification body, based in Mexico City, Mexico. Serves: Mexico.",0.15,low,
751,Guardian Independent Certification,firm,,,Singapore,Singapore,Singapore,,carbonsig-directory,ISCC,,accreditations: ISCC,"Guardian Independent Certification is a carbon/GHG verification body, based in Singapore, Singapore. Serves: Singapore.",0.15,low,
752,Huxley Commons,firm,,,Australia,,Australia,,aus-cer,NGER/ACCU,https://cer.gov.au/schemes/audits-our-schemes/find-auditor,,"Huxley Commons is a carbon/GHG verification body, based in Australia. Appears in 1 official registry: aus-cer. Serves: Australia. Note: carbon scope disputed by enrichment research.",0.15,low,Enrichment agent disputed carbon scope: No verifiable information found; appears to be a carbon offset project rather than a verification/validation firm
753,Jason Keith Stachurski,individual-practice,https://www.deloitte.com/nz/,,New Zealand,,,,nz-epa,NZ ETS,https://www.epa.govt.nz/industry-areas/emissions-trading-scheme/participating-in-the-ets/unique-emissions-factors/,,"Jason Keith Stachurski is a individually approved verifier practice, based in New Zealand. Appears in 1 official registry: nz-epa. Note: carbon scope disputed by enrichment research.",0.15,low,"Enrichment agent disputed carbon scope: Corporate employee at Deloitte (Partner, Assurance & Advisory), not an independent third-party verifier"
754,JBE Environmental,firm,https://www.beath.us/,,United States,,,,smart-epd,SmartEPD,https://smartepd.com/resources/#independent_verifiers,,"JBE Environmental is a carbon/GHG verification body, based in United States. Appears in 1 official registry: smart-epd. Note: carbon scope disputed by enrichment research.",0.15,low,"Enrichment agent disputed carbon scope: LCA consulting firm that prepares EPD documentation (data collection to publication), not independent third-party verifier"
755,Kiwa Colombia,firm,,,Colombia,"Zipaquira, Colombia",Colombia,,carbonsig-directory,ISCC,,accreditations: ISCC,"Kiwa Colombia is a carbon/GHG verification body, based in Zipaquira, Colombia, Colombia. Serves: Colombia.",0.15,low,
756,Kiwa Colombia S.A.S.,firm,kiwa.com/lat/es,,Colombia,,,,iscc,,https://www.iscc-system.org/certification/certification-bodies/,,"Kiwa Colombia S.A.S. is a carbon/GHG verification body, based in Colombia. Appears in 1 official registry: iscc. Note: carbon scope disputed by enrichment research.",0.15,low,Enrichment agent disputed carbon scope: Website redirects to Ecuador organic certification services; no evidence of carbon/EPD verification for Colombia entity
757,Matthew Lee,individual-practice,,,United States,,,,city-forest,City Forest Credits,https://www.cityforestcredits.org/wp-content/uploads/2022/11/City-Forest-Credits-Approved-VVBs.pdf,,"Matthew Lee is a individually approved verifier practice, based in United States. Appears in 1 official registry: city-forest. Note: carbon scope disputed by enrichment research.",0.15,low,Enrichment agent disputed carbon scope: Not confirmed in City Forest Credits official approved verifiers list; no independent verification credentials found despite registry listing
758,NIOSH Certification,firm,,,Malaysia,"Bangi, Malaysia",Malaysia,,carbonsig-directory,ISCC,,accreditations: ISCC,"NIOSH Certification is a carbon/GHG verification body, based in Bangi, Malaysia, Malaysia. Serves: Malaysia.",0.15,low,
759,OMADA MITERA,firm,,,Mexico,"Tecamac, Mexico",Mexico,,carbonsig-directory,CAR,,accreditations: CAR,"OMADA MITERA is a carbon/GHG verification body, based in Tecamac, Mexico, Mexico. Serves: Mexico.",0.15,low,
760,RWDI Air,firm,,,Canada,"Guelph, Canada",Canada,,carbonsig-directory,ISO 14065,,accreditations: ANAB,"RWDI Air is a carbon/GHG verification body, based in Guelph, Canada, Canada. Serves: Canada.",0.15,low,
761,Shanghai Ingeer Certification,firm,,,China,"Shanghai, China",China,,carbonsig-directory,China carbon market,,accreditations: ANAB,"Shanghai Ingeer Certification is a carbon/GHG verification body, based in Shanghai, China, China. Serves: China.",0.15,low,
762,"SUSTAINABLE SOLUTIONS INTERNATIONAL, S. DE R.L. DE C.V.",firm,,,Mexico,,Mexico,,mx-semarnat,Mexico RENE,https://www.gob.mx/profepa/acciones-y-programas/organismos-de-tercera-parte,,"SUSTAINABLE SOLUTIONS INTERNATIONAL, S. DE R.L. DE C.V. is a carbon/GHG verification body, based in Mexico. Appears in 1 official registry: mx-semarnat. Serves: Mexico. Note: carbon scope disputed by enrichment research.",0.15,low,Enrichment agent disputed carbon scope: Insufficient information available; listed in Mexican registry but no accessible corporate details confirming carbon verification role
763,"Tecnoveritas - Serviços de Engenharia e Sistemas Tecnológicos, Lda.",firm,www.tecnoveritas.net,,Portugal,,,,ipac,"IPAC / EU ETS (H02, H04) - ISO/IEC 17029:2021",https://www.tecnoveritas.net/wp-content/uploads/2025/03/ANEXO-TECNICO-H0005-2025-02-14.pdf,,"Tecnoveritas - Serviços de Engenharia e Sistemas Tecnológicos, Lda. is a carbon/GHG verification body, based in Portugal. Appears in 1 official registry: ipac. Note: carbon scope disputed by enrichment research.",0.15,low,"Enrichment agent disputed carbon scope: Engineering company providing energy management, emissions reduction solutions, and environmental compliance services. Does not provide third-party GHG, carbon, or EPD verification/validation services."
764,Trans Certification & Inspection,firm,,,Malaysia,"Kuantan, Malaysia",Malaysia,,carbonsig-directory,ISCC; RSB,,"accreditations: ISCC, RSB","Trans Certification & Inspection is a carbon/GHG verification body, based in Kuantan, Malaysia, Malaysia. Serves: Malaysia.",0.15,low,
765,United Registrar of Systems Polska,firm,,,Poland,"Wroclaw, Poland",Poland,,carbonsig-directory,ISCC,,accreditations: ISCC,"United Registrar of Systems Polska is a carbon/GHG verification body, based in Wroclaw, Poland, Poland. Serves: Poland.",0.15,low,
766,Dillion Consulting Limited,firm,,,Canada,,,,verra-vvb,,https://verra.org/validation-verification/,,"Dillion Consulting Limited is a carbon/GHG verification body, based in Canada. Appears in 1 official registry: verra-vvb. Note: carbon scope disputed by enrichment research.",0.05,low,Enrichment agent disputed carbon scope: Entity not found - no verifiable company with spelling 'Dillion' (two L's) could be located despite registry claim
767,"GRUPO DE EVALUACIÓN DE LA CONFORMIDAD Y CERTIFICACIÓN, S.C.",firm,,,Mexico,,,,mx-semarnat,Mexico RENE,https://www.gob.mx/profepa/acciones-y-programas/organismos-de-tercera-parte,,"GRUPO DE EVALUACIÓN DE LA CONFORMIDAD Y CERTIFICACIÓN, S.C. is a carbon/GHG verification body, based in Mexico. Appears in 1 official registry: mx-semarnat. Note: carbon scope disputed by enrichment research.",0.05,low,"Enrichment agent disputed carbon scope: Entity not specifically located in available registry databases. General conformity assessment organizations in Mexico operate under Secretaria de Economia oversight for NOM compliance, but no specific evidence found that this organization provides carbon/GHG verification services."
768,Hai Ha Nguyen,individual-practice,,,Unknown,,,,epd-hub,EPD Hub,https://www.epdhub.com/verification-committee,,"Hai Ha Nguyen is a individually approved verifier practice, based in Unknown. Appears in 1 official registry: epd-hub. Note: carbon scope disputed by enrichment research.",0.05,low,Enrichment agent disputed carbon scope: No verified evidence of carbon/GHG/EPD verification services; multiple individuals with this name found in various fields but none confirmed as third-party carbon verifiers
769,TBA,firm,,,Australia,,,,aus-cer,NGER/ACCU,https://cer.gov.au/schemes/audits-our-schemes/find-auditor,,"TBA is a carbon/GHG verification body, based in Australia. Appears in 1 official registry: aus-cer. Note: carbon scope disputed by enrichment research.",0.05,low,"Enrichment agent disputed carbon scope: Organization could not be verified. Multiple Australian companies with 'TBA' name exist (TBA Group, TBA Protective Technologies, TBA Firefly, Trade Bureaux Australia), but none could be confirmed as a carbon/GHG/EPD verifier despite being listed in aus-cer registry."
